"Product ID","Product Name","SKU / Barcode",Category,Unit,"Selling Price",Stock,"Nearest Expiry"
PRD-00001,"3D MASK DISPOSABLE X10",4801812140441,"Medical Supplies & Devices",PCS,1.05,88,12/31/2027
PRD-00002,"ABDOMINAL BINDER (999SETH)",4805756332150,"Medical Supplies & Devices",PCS,131.75,9,09/21/2027
PRD-00003,"ABSOLUTE 6L",4807995970241,"Water & Beverages",PCS,81.07,106,08/19/2027
PRD-00004,"ABSOLUTE 8L",4808896606039,"Water & Beverages",PCS,99.97,305,05/02/2028
PRD-00005,"ACEITE ALCAMFORADO IPI 25ML",4801351531223,"Medicine / Pharmaceutical",BOTTLE,16.72,3,02/21/2028
PRD-00006,"ACEITE ALCAMFORADO IPI 50ML",4803246059658,"Medicine / Pharmaceutical",BOTTLE,27.68,5,09/22/2027
PRD-00007,"ACEITE DE MANZANILLA IPI 25ML",4807047877267,"Medicine / Pharmaceutical",BOTTLE,18.24,79,03/21/2028
PRD-00008,"ACEITE DE MANZANILLA IPI 50ML",4803944899549,"Medicine / Pharmaceutical",BOTTLE,26.33,29,05/28/2028
PRD-00009,"ACETYLCYSTEINE (ACETYPHIL) 600MG SACH X10",4802361388464,"Medicine / Pharmaceutical",PCS,11.99,786,02/21/2028
PRD-00010,"ACETYLCYSTEINE (AMCETYL) 600MG",4809578269843,"Medicine / Pharmaceutical",PCS,12.82,37,07/26/2027
PRD-00011,"ACETYLCYSTEINE 200MG (ACTEINSAPH) SACH X10",4807763140509,"Medicine / Pharmaceutical",PCS,7.66,38,07/08/2027
PRD-00012,"ACETYLCYSTEINE 200MG SACH (PULMOCARE-200) X10",4806598297060,"Medicine / Pharmaceutical",PCS,9.06,40,10/31/2027
PRD-00013,"ACETYLCYSTEINE 600MG (ACTEINSAPH)  EFF TAB X20",4802067418686,"Medicine / Pharmaceutical",BOX,9.41,29,05/01/2027
PRD-00014,"ACETYLCYSTEINE 600MG SACH (DIACYSTEINE)) X10",4804160575046,"Medicine / Pharmaceutical",PCS,13.32,25,09/14/2028
PRD-00015,"ACICLOVIR 200MG(ZYCLOVIR) SUSP. 60ML",4801734202799,"Medicine / Pharmaceutical",BOTTLE,341.17,1,09/01/2028
PRD-00016,"ACICLOVIR 800MG (XYCLOVIRAX) X20",4807067372072,"Medicine / Pharmaceutical",PCS,19.0,136,07/31/2027
PRD-00017,"ADVIL 200MG LIQUIGEL X100",4807316648259,"Medicine / Pharmaceutical",PCS,9.72,1063,10/03/2028
PRD-00018,"AEROX 500MG TAB X10",4806465682673,"Medicine / Pharmaceutical",BOX,10.67,3150,05/28/2027
PRD-00019,"ALANERV CAP X20",4803882343658,"Medicine / Pharmaceutical",BOX,104.21,5,12/17/2026
PRD-00020,"ALASKA POWDER MILK 300G",4808051829827,"Milk & Dairy",PACK,97.05,21,05/11/2027
PRD-00021,"ALASKA POWDER MILK 840G",4804759234471,"Milk & Dairy",PACK,281.98,7,12/05/2026
PRD-00022,"ALASKA POWDERED MILK 680G",4806482848011,"Milk & Dairy",PACK,237.11,3,02/05/2027
PRD-00023,"ALAXAN FR CAP X100",4805111349421,"Medicine / Pharmaceutical",BOX,9.47,3984,05/22/2028
PRD-00024,"ALAXAN TAB X500",4808160639027,"Medicine / Pharmaceutical",BOX,10.55,48,07/03/2028
PRD-00025,"ALAXAN XTRA 325MG/200MG X100 TAB",4801232285036,"Medicine / Pharmaceutical",BOX,13.11,150,11/30/2028
PRD-00026,"ALCO SAFE 250ML",4809598687535,"Medicine / Pharmaceutical",BOTTLE,63.07,2,04/11/2027
PRD-00027,"ALCO SAFE ISOPROPYL 250ML",4801825989011,"Medicine / Pharmaceutical",BOTTLE,51.77,2,09/16/2028
PRD-00028,"ALCOPLUS ETHYL SOLN 60ML",4806462972995,"Medicine / Pharmaceutical",BOTTLE,34.33,27,09/18/2028
PRD-00029,"ALCOPLUS ETHYL SPRAY 330ML",4805461974809,"Medicine / Pharmaceutical",BOTTLE,93.09,18,09/18/2028
PRD-00030,"ALCOPLUS ISOP SPRAY 330ML",4802987248494,"Medicine / Pharmaceutical",BOTTLE,98.27,8,10/18/2028
PRD-00031,"ALCOPLUS ISOPROPYL SOLN 60ML",4806166868574,"Medicine / Pharmaceutical",BOTTLE,35.52,58,02/18/2028
PRD-00032,"ALGESIA 37.5/325MG TAB X20",4805923206003,"Medicine / Pharmaceutical",BOX,63.67,149,04/03/2028
PRD-00033,"ALGINA SUSP 10ML X100",4801062073697,"Medicine / Pharmaceutical",BOTTLE,40.96,126,08/18/2027
PRD-00034,"ALKALINSE 1080MG TAB X30",4809054215189,"Medicine / Pharmaceutical",BOX,5.0,370,08/25/2027
PRD-00035,"ALLECUR PLUS 5MG/5ML 60ML",4804471357886,"Medicine / Pharmaceutical",BOTTLE,60.93,5,12/30/2027
PRD-00036,"ALLERKID 2.5MG/ML DROPS 10ML",4809749929638,"Medicine / Pharmaceutical",BOTTLE,244.81,30,10/09/2028
PRD-00037,"ALLERKID 5MG/5ML SYR 30ML",4807949781901,"Medicine / Pharmaceutical",BOTTLE,224.12,44,11/30/2027
PRD-00038,"ALLERKID 5MG/5ML SYR 60ML",4807352307139,"Medicine / Pharmaceutical",BOTTLE,343.38,52,06/06/2027
PRD-00039,"ALLERTA 10MG TAB X50",4805611903015,"Medicine / Pharmaceutical",BOX,19.38,167,10/04/2027
PRD-00040,"ALLERZET 2.5MG/5ML SYRUP 30ML",4801272368870,"Medicine / Pharmaceutical",BOTTLE,187.96,2,02/29/2028
PRD-00041,"ALLERZET 2.5MG/5ML SYRUP 60ML",4801463320861,"Medicine / Pharmaceutical",BOTTLE,314.24,3,01/30/2028
PRD-00042,"ALLERZET 5MG TAB X100",4802656086594,"Medicine / Pharmaceutical",BOX,34.62,11,06/14/2027
PRD-00043,"ALLUPREX 100MG TAB",4809336458105,"Medicine / Pharmaceutical",BOX,0.84,227,05/31/2027
PRD-00044,"ALLUPREX 300MG TAB",4805144594354,"Medicine / Pharmaceutical",BOX,1.68,2869,11/28/2027
PRD-00045,"ALMGOH TAB (GEL-MALICID) X100",4809759223077,"Medicine / Pharmaceutical",BOX,2.64,786,08/02/2028
PRD-00046,"ALNIX  2.5MG/5ML DROPS 10ML",4803248149900,"Medicine / Pharmaceutical",BOTTLE,233.04,16,08/03/2028
PRD-00047,"ALNIX 10MG TAB X100",4804452580287,"Medicine / Pharmaceutical",BOX,40.82,268,12/25/2027
PRD-00048,"ALNIX 5MG/5ML SYR 30ML",4805169243284,"Medicine / Pharmaceutical",BOTTLE,221.07,8,02/16/2028
PRD-00049,"ALNIX 5MG/5ML SYR 60ML",4809094447843,"Medicine / Pharmaceutical",BOTTLE,347.11,10,08/23/2028
PRD-00050,"ALNIX PLUS 5MG/5MG SYR 60ML",4806077131430,"Medicine / Pharmaceutical",BOTTLE,414.66,2,09/16/2028
PRD-00051,"ALNIX PLUS TAB X100",4802995732958,"Medicine / Pharmaceutical",BOX,30.59,26,11/04/2027
PRD-00052,"ALTHEA PILLS 21",4803735334423,"Medicine / Pharmaceutical",PCS,523.38,28,11/22/2027
PRD-00053,"AMARA 2MG TAB X30",4806586857685,"Medicine / Pharmaceutical",BOX,12.32,104,09/03/2028
PRD-00054,"AMBIDOL 50MG AMP X10",4807275679594,"Medicine / Pharmaceutical",PCS,8.03,2,07/03/2027
PRD-00055,"AMBIMOX 500MG TAB",4802504640817,"Medicine / Pharmaceutical",BOX,1.61,12021,02/03/2028
PRD-00056,"AMBIRETIC 500MG",4807925520026,"Medicine / Pharmaceutical",PCS,0.65,1521,02/26/2027
PRD-00057,"AMBROXED 30MG TAB",4804181592277,"Medicine / Pharmaceutical",BOX,0.55,7,09/03/2028
PRD-00058,"AMBROXOL 75MG (SAPHROXOL) CAP X100",4801893321208,"Medicine / Pharmaceutical",BOX,5.82,99,06/04/2027
PRD-00059,"AMLIFE 100MG/10MG TAB X30",4809857557460,"Medicine / Pharmaceutical",BOX,45.01,52,08/16/2027
PRD-00060,"AMLIFE TAB 100MG/5MG X30",4807182649048,"Medicine / Pharmaceutical",BOX,39.8,44,03/04/2028
PRD-00061,"AMLIFE TAB 50MG/5MG X30",4804064162365,"Medicine / Pharmaceutical",BOX,32.0,464,08/30/2028
PRD-00062,"AMLYTROL 10MG TAB",4807875651818,"Medicine / Pharmaceutical",BOX,1.07,1289,11/20/2027
PRD-00063,"AMLYTROL 5MG TAB",4801952996248,"Medicine / Pharmaceutical",BOX,0.91,1526,03/27/2027
PRD-00064,"AMOCLAV 228MG/5ML SYR 70ML",4804307145891,"Medicine / Pharmaceutical",BOTTLE,351.17,3,07/07/2027
PRD-00065,"AMOCLAV 457MG/5ML SUSP 70ML",4809078054633,"Medicine / Pharmaceutical",BOTTLE,533.83,19,07/08/2028
PRD-00066,"AMPALAYA PLUS CAP X90",4806019900273,"Medicine / Pharmaceutical",BOX,9.02,25,09/06/2027
PRD-00067,"AMPICILLIN NA 250MG IV (AMPISAPH-250) X10",4801847692041,"Medicine / Pharmaceutical",PCS,10.97,9,01/01/2027
PRD-00068,"AMVASC 10MG TAB X50",4802036965074,"Medicine / Pharmaceutical",BOX,44.91,105,07/16/2027
PRD-00069,"AMVASC BE TAB 5MG X50",4809825293486,"Medicine / Pharmaceutical",BOX,23.94,223,07/06/2027
PRD-00070,"ANGIMAX 20MG TAB",4802391179068,"Medicine / Pharmaceutical",BOX,22.73,22,12/04/2027
PRD-00071,"ANGIMAX MR 35MG TAB X60",4805910709963,"Medicine / Pharmaceutical",BOX,22.2,345,10/25/2027
PRD-00072,"ANLENE BONEMAX 300G",4806193532615,"Milk & Dairy",PACK,201.57,2,03/18/2028
PRD-00073,"ANLENE GOLD 300G",4803295741120,"Milk & Dairy",PACK,279.97,1,07/14/2027
PRD-00074,"ANLENE MOVEMAX 300G",4801873548915,"Milk & Dairy",PACK,207.91,15,01/26/2028
PRD-00075,"ANMUM CHOCO 180G",4804673482258,"Milk & Dairy",PACK,248.33,8,09/21/2027
PRD-00076,"ANMUM CHOCO 375G",4800634323009,"Milk & Dairy",PACK,494.21,8,01/26/2028
PRD-00077,"ANMUM PLAIN 180G",4801357806226,"Milk & Dairy",PACK,247.24,10,09/13/2027
PRD-00078,"ANMUM PLAIN 375G",4806472806994,"Milk & Dairy",PACK,498.84,3,10/21/2027
PRD-00079,"ANTIOX 20MG/ML SUSP 30ML",4802775094726,"Medicine / Pharmaceutical",BOTTLE,477.15,6,06/17/2028
PRD-00080,"ANTIOX 500MG TAB X36",4805955247915,"Medicine / Pharmaceutical",BOX,120.01,8,09/13/2027
PRD-00081,"APOLLO LIP BALM 7G",4802260842187,"Personal Care",PACK,91.58,3,08/17/2027
PRD-00082,"APPEBON KID CHEWABLES",4802261436148,"Vitamins & Supplements",PCS,11.56,7,04/16/2028
PRD-00083,"APPEBON KID SYR 120ML",4801928130926,"Vitamins & Supplements",BOTTLE,238.23,11,01/22/2028
PRD-00084,"APPEBON KID SYR 60ML",4807048810275,"Vitamins & Supplements",BOTTLE,143.08,5,10/09/2028
PRD-00085,"APPEBON KID SYRUP 250ML",4803996346509,"Vitamins & Supplements",BOTTLE,435.1,3,04/06/2028
PRD-00086,"APPEBON W/ IRON CAP X 100",4807325222092,"Vitamins & Supplements",BOX,28.73,117,04/25/2027
PRD-00087,"APPEBON WITH IRON 60ML",4800269754673,"Vitamins & Supplements",BOTTLE,373.63,2,08/16/2028
PRD-00088,"APPETAMINE OB",4802380064537,"Vitamins & Supplements",PCS,14.58,219,08/10/2027
PRD-00089,"APPETAMINE SYRUP 60ML",4806640078465,"Vitamins & Supplements",BOTTLE,279.15,1,07/05/2027
PRD-00090,"APPETAMINE WITH IRON X 100 CAP",4806328203808,"Vitamins & Supplements",BOX,20.59,131,09/10/2027
PRD-00091,"APPETAMINE WITHY IRON SYRUP 60ML",4806431813987,"Vitamins & Supplements",BOTTLE,268.11,0,04/17/2028
PRD-00092,"APPETAMINE X 100 CAP",4809305668419,"Vitamins & Supplements",BOX,19.79,59,04/05/2028
PRD-00093,"APPETASON CAP X100",4807650676663,"Medicine / Pharmaceutical",BOX,16.11,657,07/04/2027
PRD-00094,"APPETASON SYR 120ML",4801196963451,"Medicine / Pharmaceutical",BOTTLE,212.32,0,05/08/2026
PRD-00095,"APPETASON SYR 60ML",4804613018394,"Medicine / Pharmaceutical",BOTTLE,168.48,13,06/23/2028
PRD-00096,"APPETITE OB CAP X100",4800596471620,"Medicine / Pharmaceutical",BOX,11.62,193,05/11/2027
PRD-00097,"APPETITE PLUS CAP X100",4802469178881,"Medicine / Pharmaceutical",BOX,19.19,1,10/03/2027
PRD-00098,"APROVASC 150/5MG TAB X28",4801306204982,"Medicine / Pharmaceutical",BOX,38.21,11,07/03/2027
PRD-00099,"APROVEL 150MG TAB X28",4809325235661,"Medicine / Pharmaceutical",BOX,35.71,19,04/11/2027
PRD-00100,"ARBLOC 50MG TAB X30",4805592451645,"Medicine / Pharmaceutical",BOX,17.25,165,04/04/2028
PRD-00101,"ARBLOC PLUS 50/12.5 TAB X50",4802412273600,"Medicine / Pharmaceutical",BOX,21.76,169,07/15/2028
PRD-00102,"ARCOXIA  30MG TAB X 30",4801343100352,"Medicine / Pharmaceutical",BOX,70.23,17,08/11/2028
PRD-00103,"ARCOXIA 120MG TAB X30",4806316122432,"Medicine / Pharmaceutical",BOX,106.35,174,08/29/2027
PRD-00104,"ARCOXIA 60MG TAB X30",4802624410325,"Medicine / Pharmaceutical",BOX,68.16,87,08/28/2027
PRD-00105,"ARCOXIA 90MG TAB X30",4809229629865,"Medicine / Pharmaceutical",BOX,77.81,54,08/29/2027
PRD-00106,"ARM SLING LARGE",4802702653209,"Medical Supplies & Devices",PCS,53.99,1,07/02/2026
PRD-00107,"ARM SLING MEDIUM",4800819412471,"Medical Supplies & Devices",PCS,48.01,1,04/29/2027
PRD-00108,"ASCOF 300MG/5ML SYR  PONK 60ML",4805913417379,"Medicine / Pharmaceutical",BOTTLE,116.46,6,05/06/2028
PRD-00109,"ASCOF FORTE TAB X60",4808513743139,"Medicine / Pharmaceutical",BOX,8.79,20,12/03/2027
PRD-00110,"ASCOF FTE 600MG CAP",4801247484671,"Medicine / Pharmaceutical",BOX,6.23,210,05/19/2027
PRD-00111,"ASCOF FTE 600MG/6ML SYR MENTHOL 60ML",4802280805846,"Medicine / Pharmaceutical",BOTTLE,149.11,12,04/05/2027
PRD-00112,"ASCOF STRAW SYR 60ML",4805528675352,"Medicine / Pharmaceutical",BOTTLE,110.05,8,05/03/2027
PRD-00113,"ASICLAV 625 MG TAB X14",4808272277508,"Medicine / Pharmaceutical",BOX,9.36,301,05/28/2026
PRD-00114,"ASMALIN2MG/5ML SYR 60ML",4809287842124,"Medicine / Pharmaceutical",BOTTLE,200.0,16,01/09/2028
PRD-00115,"ASPEC EC 100MG TAB X100",4800409675904,"Medicine / Pharmaceutical",BOX,2.77,3,03/03/2028
PRD-00116,"ASPILET 80MG TAB X500",4804802739154,"Medicine / Pharmaceutical",BOX,4.77,860,05/09/2028
PRD-00117,"ASPILET EC 80MG TAB X150",4809652790514,"Medicine / Pharmaceutical",BOX,4.51,33,06/04/2027
PRD-00118,"ASPIRIN 80MG TAB (SAPHRIN) X100",4809472127262,"Medicine / Pharmaceutical",BOX,0.75,123,09/26/2026
PRD-00119,"ATC FISHOIL X30",4809525813586,"Vitamins & Supplements",PCS,6.67,64,06/25/2026
PRD-00120,"ATENURIX 20MG TAB X30",4805916301780,"Medicine / Pharmaceutical",BOX,16.22,253,09/29/2028
PRD-00121,"ATENURIX 40MG TAB X30",4800986399651,"Medicine / Pharmaceutical",BOX,24.76,290,09/25/2027
PRD-00122,"ATORSAPH 10MG TAB",4800209063208,"Medicine / Pharmaceutical",BOX,1.07,191,01/28/2027
PRD-00123,"ATORVASTATIN 10MG (ATORBET) TAB X100",4801377246195,"Medicine / Pharmaceutical",BOX,0.91,689,07/31/2027
PRD-00124,"ATORVASTATIN 10MG (FREDTOR) TAB X100",4807178361487,"Medicine / Pharmaceutical",BOX,1.1,875,11/10/2027
PRD-00125,"ATORVASTATIN 20MG (ATORBET) TAB X100",4802276297510,"Medicine / Pharmaceutical",BOX,2.05,314,11/26/2026
PRD-00126,"ATORVASTATIN 20MG (ATORMED) TAB X100",4802400244542,"Medicine / Pharmaceutical",BOX,1.82,8,03/31/2028
PRD-00127,"ATORVASTATIN 20MG (LESTOR) TAB X100",4805929897032,"Medicine / Pharmaceutical",BOX,1.58,1053,03/21/2028
PRD-00128,"ATORVASTATIN 40MG (FREDTOR) TAB X100",4803183654731,"Medicine / Pharmaceutical",BOX,2.09,889,10/27/2028
PRD-00129,"ATORVSTATIN 40MG (ATORIMAX) TAB X100",4806402059279,"Medicine / Pharmaceutical",BOX,2.06,782,02/24/2028
PRD-00130,"ATS SHARJVAX 150IU AMP 0.7ML",4802708842947,"Medicine / Pharmaceutical",BOTTLE,132.16,43,06/14/2027
PRD-00131,"ATS TETANUS ANTITOXIN 1500IU (ANTITET) 0.7ML",4807396761430,"Medicine / Pharmaceutical",BOTTLE,134.75,76,03/06/2028
PRD-00132,"ATS TETANUS ANTITOXIN 1500IU/0.7ML (SHARJVAX) X10",4808415119956,"Medicine / Pharmaceutical",BOTTLE,131.1,29,06/12/2027
PRD-00133,"AUGMENTIN 375MG TAB X30",4807663837890,"Medicine / Pharmaceutical",BOX,67.79,30,03/03/2027
PRD-00134,"AVAMAX 10MG TAB X100",4809479671930,"Medicine / Pharmaceutical",BOX,32.72,272,12/03/2027
PRD-00135,"AVAMAX 20MG TAB X100",4801485455239,"Medicine / Pharmaceutical",BOX,40.01,125,11/09/2027
PRD-00136,"AVAMAX 40MG TAB X100",4801632399901,"Medicine / Pharmaceutical",BOX,48.7,79,01/04/2028
PRD-00137,"AVARIX 20 20MG TAB X 100",4800439080604,"Medicine / Pharmaceutical",BOX,1.44,714,06/30/2028
PRD-00138,"AXE BLACK 40ML",4809632505791,"Personal Care",BOTTLE,162.46,12,03/13/2028
PRD-00139,"AXE BS GOLD TEMPTATION 50ML",4805134840512,"Personal Care",BOTTLE,123.31,1,12/13/2027
PRD-00140,"AXE DEO BS BLACK 50ML",4806352298473,"Personal Care",BOTTLE,129.07,3,04/22/2028
PRD-00141,"AXE DEO BS ICE CHILL 50ML",4807418324922,"Personal Care",BOTTLE,134.33,1,09/13/2027
PRD-00142,"AXE DEO RO APOLLO 25ML",4806863073642,"Personal Care",BOTTLE,107.33,13,09/30/2028
PRD-00143,"AXE DEO RO APOLLO 40ML",4808780187424,"Personal Care",BOTTLE,180.39,5,05/15/2028
PRD-00144,"AXE DEO RO DARKTEMP 25ML",4802149484176,"Personal Care",BOTTLE,105.32,25,05/15/2027
PRD-00145,"AXE DEO RO DARKTEMP 40ML",4801369705770,"Personal Care",BOTTLE,165.1,22,08/15/2027
PRD-00146,"AXE DEO SPRAY DARK TEMP 135ML",4802704799972,"Personal Care",BOTTLE,321.05,3,01/21/2028
PRD-00147,"AXE DEO SPRAY DARK TEMP 50ML",4805097953682,"Personal Care",BOTTLE,128.29,9,06/22/2028
PRD-00148,"AXE DEO SPRAY GOLD TEMP 135ML",4808953941533,"Personal Care",BOTTLE,353.68,0,09/03/2026
PRD-00149,"AXE RO ICE CHILL 40ML",4804294535887,"Personal Care",BOTTLE,171.76,7,07/22/2028
PRD-00150,"AXMEL 125 SUSP 60ML",4806406913885,"Medicine / Pharmaceutical",BOTTLE,23.94,8,02/27/2028
PRD-00151,"AXMEL 250MG CAP X100",4802193894984,"Medicine / Pharmaceutical",BOX,1.85,50,11/12/2026
PRD-00152,"AXMEL 250MG SUSP 60ML",4803507822591,"Medicine / Pharmaceutical",BOTTLE,26.92,33,05/24/2027
PRD-00153,"AXMEL 500MG CAP X100",4805018142572,"Medicine / Pharmaceutical",BOX,1.8,2,03/03/2028
PRD-00154,"AXMEL DROPS 10ML",4809218045403,"Medicine / Pharmaceutical",BOTTLE,15.86,20,09/24/2027
PRD-00155,"AZCORE 500MG TAB",4805880115912,"Medicine / Pharmaceutical",BOX,12.62,39,07/03/2027
PRD-00156,"AZITHROMYCIN (AZITHRONOVA) 500MG TABX3",4807852676046,"Medicine / Pharmaceutical",PCS,15.17,50,11/09/2028
PRD-00157,"AZITHROMYCIN (ROZITAN) 200MG/5ML",4801837384013,"Medicine / Pharmaceutical",BOTTLE,72.29,6,06/04/2027
PRD-00158,"AZITHROMYCIN 500MG (AZIBIAL) TAB X3",4802815287619,"Medicine / Pharmaceutical",BOX,14.44,31,03/27/2027
PRD-00159,"AZITHROMYCIN 500MG (AZITHROM) TABX3",4801645272822,"Medicine / Pharmaceutical",PCS,12.29,176,08/31/2027
PRD-00160,"AZITOBACT 500MG X3 TAB",4809505000768,"Medicine / Pharmaceutical",BOX,15.43,120,04/28/2028
PRD-00161,"BABAPRESS 8MG TAB",4806904559790,"Medicine / Pharmaceutical",BOX,4.6,27,06/03/2027
PRD-00162,"BABIES FIRST FB 4OZ",4804199176431,"Baby Care",PCS,72.13,1,10/21/2027
PRD-00163,"BABY BALM 20G",4807684942020,"Baby Care",PACK,105.73,17,09/17/2027
PRD-00164,"BABY BALM 45G",4802762327862,"Baby Care",PACK,210.1,6,06/09/2027
PRD-00165,"BABY BENCH COL BGUM 100ML",4801113457241,"Baby Care",BOTTLE,76.89,41,01/21/2028
PRD-00166,"BABY BENCH COL BGUM 50ML",4804970608512,"Baby Care",BOTTLE,42.84,2,11/15/2027
PRD-00167,"BABY DOVE BAR 75G",4801801177461,"Baby Care",PACK,65.92,3,04/01/2026
PRD-00168,"BABY DOVE BAR 90G",4807923555411,"Baby Care",PACK,63.76,5,05/15/2028
PRD-00169,"BABY FLO NASAL ASPIRATOR",4801052811909,"Baby Care",PCS,98.01,14,04/02/2028
PRD-00170,"BABYFLO BABY BUDS 200 TIPS",4805317889312,"Baby Care",PCS,31.54,37,12/18/2027
PRD-00171,"BABYFLO BABY OIL NOURISHING 25ML",4804562470175,"Baby Care",BOTTLE,28.39,3,06/13/2027
PRD-00172,"BABYFLO BABY OIL SOOTHING 25ML",4800453796587,"Baby Care",BOTTLE,29.81,8,04/03/2028
PRD-00173,"BABYFLO BABY POWDER SWEETIE PURPLE 50G",4801407863065,"Baby Care",PACK,32.83,5,01/03/2028
PRD-00174,"BABYFLO BREAST PUMP PLASTIC",4803409386903,"Baby Care",PCS,114.84,6,03/02/2028
PRD-00175,"BABYFLO F/B LP DESIGNER 8OZ",4803475911318,"Baby Care",PCS,75.34,6,02/02/2027
PRD-00176,"BABYFLO F/B NURSER 2OZ",4803794276323,"Baby Care",PCS,87.97,11,04/20/2027
PRD-00177,"BABYFLO FEEDING BOTTLE LP 4OZ",4808544423456,"Baby Care",PCS,73.88,4,11/14/2027
PRD-00178,"BABYFLO FEEDING BOTTLE LP 8OZ",4800685583357,"Baby Care",PCS,78.38,9,02/02/2028
PRD-00179,"BABYFLO FEEDING BOTTLE LP PLAIN 9OZ",4807291250562,"Baby Care",PCS,86.59,3,01/10/2028
PRD-00180,"BABYFLO FEEDING BOTTLE PLAIN 4OZ",4804297902885,"Baby Care",PCS,73.44,1,07/09/2026
PRD-00181,"BABYFLO FEEDING BOTTLE SUPER WIDE NECK 9OZ",4807138835028,"Baby Care",PCS,220.57,1,05/08/2028
PRD-00182,"BABYFLO NIPPLE LARGE",4803498054328,"Baby Care",PCS,33.7,23,10/20/2027
PRD-00183,"BABYFLO NIPPLE MEDIUM",4802131098613,"Baby Care",PCS,34.89,17,10/26/2027
PRD-00184,"BABYFLO NIPPLE SMALL",4803094152811,"Baby Care",PCS,35.51,26,11/17/2027
PRD-00185,"BABYFLO PACIFIER REGULAR",4804438474114,"Baby Care",PCS,38.01,89,03/28/2028
PRD-00186,"BABYFLO PETROLEUM - SOOTHING_RELAXING 50G",4802807341727,"Baby Care",PACK,73.25,3,10/17/2027
PRD-00187,"BABYFLO PETROLEUM - UNSCENTED 50G",4807902114913,"Baby Care",PACK,72.29,5,01/17/2028
PRD-00188,"BABYFLO PETROLEUM-POWDER FRESH 25G",4806317658317,"Baby Care",PACK,58.79,1,08/12/2027
PRD-00189,"BABYFLO PETROLEUM-SOOTHING & RELAXING 25G",4800415334610,"Baby Care",PACK,54.76,4,03/12/2027
PRD-00190,"BABYFLO PETROLEUM-UNSCENTED 25g",4803067919621,"Baby Care",PACK,48.33,6,12/12/2026
PRD-00191,"BABYFLO POWDER BLUSHY PINK 50G",4805402580787,"Baby Care",PACK,31.89,2,08/13/2028
PRD-00192,"BABYFLO PREM BOTTLE BRUSH",4809043632686,"Baby Care",PCS,42.14,1,08/10/2027
PRD-00193,"BABYFLO SILICONE PACIFIER",4808070061596,"Baby Care",PCS,96.0,0,03/29/2027
PRD-00194,"BABYFLO TEETHER SILICONE",4807841851495,"Baby Care",PCS,0.0,0,11/29/2026
PRD-00195,"BACILLUS 2B/5ML LIQ (NOVAFLORA) X6",4800124331395,"Medicine / Pharmaceutical",BOTTLE,14.42,202,11/09/2027
PRD-00196,"BACTIDOL 120ML",4801915999663,"Medicine / Pharmaceutical",BOTTLE,258.21,6,08/25/2028
PRD-00197,"BACTIDOL ES HONEY LEMON 8S",4802780475472,"Medicine / Pharmaceutical",PCS,80.23,17,04/03/2028
PRD-00198,"BACTIDOL ES ORANGE 8S",4808141037388,"Medicine / Pharmaceutical",PCS,74.75,16,03/03/2028
PRD-00199,"BACTIDOL HEAVY PHLEGM SYR 100ML",4809871878935,"Medicine / Pharmaceutical",BOTTLE,205.56,4,05/09/2027
PRD-00200,"BACTIDOL HEAVY PHLEGM SYR 50ML",4806872090713,"Medicine / Pharmaceutical",BOTTLE,144.14,4,08/03/2027
PRD-00201,"BACTIDOL ITCHY COUGH 50ML",4802397657114,"Medicine / Pharmaceutical",BOTTLE,161.66,20,08/18/2028
PRD-00202,"BACTIDOL ITCHY COUGH SYR 100ML",4806809974292,"Medicine / Pharmaceutical",BOTTLE,260.54,6,07/27/2027
PRD-00203,"BACTIDOL ORAL SOLN 60ML",4804262101582,"Medicine / Pharmaceutical",BOTTLE,152.8,68,11/25/2028
PRD-00204,"BACTIFREE 5G OINTMENT",4804975440949,"Medicine / Pharmaceutical",TUBE,398.65,4,03/17/2027
PRD-00205,"BACTROBAN OINT 20MG 5G",4802906611156,"Medicine / Pharmaceutical",PACK,485.7,11,11/27/2027
PRD-00206,"BALSAMO CARMINATIVO 30ML",4804275521470,"Medicine / Pharmaceutical",BOTTLE,11.59,8,07/25/2027
PRD-00207,"BBRAND ADULT PLUS 1.2KG",4808798613995,"Milk & Dairy",PACK,556.2,0,03/20/2027
PRD-00208,"BBRAND ADULT PLUS 300G",4806529678452,"Milk & Dairy",PACK,133.93,16,05/08/2028
PRD-00209,"BBRAND ADULT PLUS 600G",4808759180824,"Milk & Dairy",PACK,251.14,15,04/14/2027
PRD-00210,"BBRAND ADULT PLUS MILK & COFFEE 300G",4809688982793,"Milk & Dairy",PACK,136.05,1,06/08/2027
PRD-00211,"BBRAND POWDERED MILK 1120G",4809184334198,"Milk & Dairy",PACK,465.22,39,06/22/2027
PRD-00212,"BBRAND POWDERED MILK 300G",4803422700486,"Milk & Dairy",PACK,109.42,596,05/04/2027
PRD-00213,"BBRAND POWDERED MILK 680G",4804856127658,"Milk & Dairy",PACK,261.64,38,08/28/2027
PRD-00214,"BBRAND POWDERED MILK 840G",4802655316364,"Milk & Dairy",PACK,327.27,113,09/25/2027
PRD-00215,"BBRAND STERILIZED 200ML",4807522334580,"Milk & Dairy",BOTTLE,35.24,759,03/30/2028
PRD-00216,"BD INSULIN PER PC",4802806215682,"Medical Supplies & Devices",PCS,12.85,21,12/25/2026
PRD-00217,"BD INSULIN SYRINGE 0.5ML X10",4803507221724,"Medical Supplies & Devices",BOTTLE,146.55,5,02/29/2028
PRD-00218,"BEAR BRAND JR. 2.4KG",4800456650521,"Milk & Dairy",PACK,1296.26,7,08/30/2027
PRD-00219,"BEARBRAND JR. 1+ 1.2KG",4808125023089,"Milk & Dairy",PACK,708.93,23,11/04/2027
PRD-00220,"BEARBRAND JR. 1+ 115G",4803501446994,"Milk & Dairy",PACK,57.39,2,10/25/2027
PRD-00221,"BEARBRAND JR. 1+ 400G",4807991678061,"Milk & Dairy",PACK,208.73,286,06/04/2027
PRD-00222,"BEARBRAND JR. 1+ 700G",4806709942406,"Milk & Dairy",PACK,423.92,33,10/22/2027
PRD-00223,"BEARBRAND JR. 2KG",4808856363546,"Milk & Dairy",PACK,1058.31,6,11/04/2027
PRD-00224,"BELO DEO BEAUTY 40ML",4802853978147,"Personal Care",BOTTLE,108.15,4,12/17/2027
PRD-00225,"BELO DEO INTENSE WHITE 40ML",4805126033644,"Personal Care",BOTTLE,182.72,12,09/10/2026
PRD-00226,"BELO LOTION KOJIC SPF30 200ML",4809975620013,"Personal Care",BOTTLE,347.36,1,03/22/2027
PRD-00227,"BENADRYL CAP X4",4809506282232,"Medicine / Pharmaceutical",BOX,25.18,33,01/11/2028
PRD-00228,"BENADRYL SYR 60ML",4805673381261,"Medicine / Pharmaceutical",BOTTLE,218.82,1,04/05/2027
PRD-00229,"BENCH ATLANTIS BODY SPRAY 100ML",4808621419224,"Personal Care",BOTTLE,149.18,39,10/18/2027
PRD-00230,"BENCH EIGHT BODY SPRAY 100ML",4809671871231,"Personal Care",BOTTLE,150.25,48,12/02/2027
PRD-00231,"BEROCCA ORANGE EFF TAB 10S",4803643211329,"Medicine / Pharmaceutical",BOX,263.04,15,06/27/2028
PRD-00232,"BEROCCA ORANGE EFF TAB 15S",4806638836058,"Medicine / Pharmaceutical",BOX,381.11,0,01/11/2027
PRD-00233,"BETADINE ANTISEPTIC 25ML",4805204370540,"Medicine / Pharmaceutical",BOTTLE,95.23,8,09/30/2027
PRD-00234,"BETADINE ANTISEPTIC 7.5ML X6",4802360791536,"Medicine / Pharmaceutical",BOTTLE,43.81,96,09/17/2026
PRD-00235,"BETADINE FEM WASH 50ML",4809902800826,"Medicine / Pharmaceutical",BOTTLE,136.9,14,12/04/2028
PRD-00236,"BETADINE FRESH BLISS LAV 60ML",4806356353895,"Medicine / Pharmaceutical",BOTTLE,64.41,12,02/11/2028
PRD-00237,"BETADINE FRESH BLISS LEMON VERBENA 60ML",4802534186676,"Medicine / Pharmaceutical",BOTTLE,75.97,0,07/21/2028
PRD-00238,"BETADINE FRESH BLISS PINK 60ML",4802156792018,"Medicine / Pharmaceutical",BOTTLE,64.81,11,10/21/2027
PRD-00239,"BETADINE FRESH BLISS WITCH HAZEL 60ML",4801586712032,"Medicine / Pharmaceutical",BOTTLE,74.39,1,08/07/2027
PRD-00240,"BETADINE GARGLE 60ML",4805041646576,"Medicine / Pharmaceutical",BOTTLE,161.3,8,03/26/2028
PRD-00241,"BETADINE NASAL SPRAY 20ML",4800987802843,"Medicine / Pharmaceutical",BOTTLE,445.61,0,09/04/2026
PRD-00242,"BETADINE SKIN CLEANSER 60ML",4801764798660,"Medicine / Pharmaceutical",BOTTLE,257.95,9,09/11/2027
PRD-00243,"BETADINE THROAT SPRAY 50ML",4807822438146,"Medicine / Pharmaceutical",BOTTLE,727.96,0,02/21/2027
PRD-00244,"BETADINE WOUND SOLN 15ML",4802536590481,"Medicine / Pharmaceutical",BOTTLE,82.84,69,05/25/2028
PRD-00245,"BETADINE WOUND SOLN 25ML",4803231461054,"Medicine / Pharmaceutical",BOTTLE,102.84,56,09/25/2027
PRD-00246,"BETADINE WOUND SOLN 60ML",4802474420092,"Medicine / Pharmaceutical",BOTTLE,151.44,2,01/15/2028
PRD-00247,"BETADINE WOUND SOLN 7.5ML",4805651754819,"Medicine / Pharmaceutical",BOTTLE,44.49,85,10/03/2027
PRD-00248,"BETAHISTINE 16MG (HISTAKON) TAB X100",4806678293431,"Medicine / Pharmaceutical",BOX,2.95,181,10/28/2026
PRD-00249,"BETAHISTINE 16MG TAB (VERTSET) X30",4800223565082,"Medicine / Pharmaceutical",BOX,2.3,157,12/02/2026
PRD-00250,"BETAHISTINE 24MG (BETZINE) TAB X100",4802566125120,"Medicine / Pharmaceutical",BOX,7.1,83,11/03/2026
PRD-00251,"BETAHISTINE 24MG (VERTSET) TAB X30",4800676220116,"Medicine / Pharmaceutical",BOX,6.84,51,08/27/2027
PRD-00252,"BETET BALM 17.5G",4801187592160,"Medicine / Pharmaceutical",PACK,49.24,8,12/03/2027
PRD-00253,"BETNOCHEM 5G",4809664284110,"Medicine / Pharmaceutical",PACK,43.07,12,11/19/2027
PRD-00254,"BETNODERM CREAM 5G",4805651020291,"Medicine / Pharmaceutical",TUBE,34.09,4,10/19/2027
PRD-00255,"BETNOVATE CREAM 5G",4805111730477,"Medicine / Pharmaceutical",TUBE,429.47,2,10/29/2027
PRD-00256,"BETNOVATE OINTMENT 5G",4804114549022,"Medicine / Pharmaceutical",TUBE,464.84,1,02/25/2028
PRD-00257,"BETTAM 400MCG CAPX30",4802322580659,"Medicine / Pharmaceutical",PCS,7.41,208,06/01/2028
PRD-00258,"BEWELL C 500MG CAP X200",4805452066842,"Medicine / Pharmaceutical",BOX,6.13,112,03/28/2028
PRD-00259,"BEWELL- C ZINC 120ML",4807390846127,"Vitamins & Supplements",BOTTLE,153.99,39,10/29/2028
PRD-00260,"BEWELL- C ZINC 250ML",4806384985150,"Vitamins & Supplements",BOTTLE,270.08,10,11/06/2028
PRD-00261,"BEWELL- C ZINC DROPS 30ML",4804380159400,"Vitamins & Supplements",BOTTLE,159.95,24,11/28/2027
PRD-00262,"BEWELL-C PLUS CALCIUM CAP X100",4809309666038,"Vitamins & Supplements",BOX,12.19,109,01/30/2028
PRD-00263,"BEWELL-C ZINC PROTECT CAP X30",4808441870024,"Vitamins & Supplements",BOX,7.87,1086,10/28/2027
PRD-00264,"BIGEN A BLACK 6G",4800357561213,"Personal Care",PACK,70.58,10,06/14/2027
PRD-00265,"BIGEN BROWNBLACK 6G",4808310149998,"Personal Care",PACK,82.77,5,12/13/2027
PRD-00266,"BIGEN CHESTNUTBROWN 6G",4805617251085,"Personal Care",PACK,70.33,2,08/04/2027
PRD-00267,"BIGEN DARKBROWN 6G",4809848027624,"Personal Care",PACK,74.28,2,03/06/2027
PRD-00268,"BILAXTEN 20MG TAB X50",4805462619080,"Medicine / Pharmaceutical",BOX,36.85,135,10/18/2028
PRD-00269,"BIOCLOCEL 125MG 60ML",4800095051435,"Medicine / Pharmaceutical",BOTTLE,350.06,1,12/23/2027
PRD-00270,"BIOCLOCEL 50MG/ML SUSP 10ML",4804431277186,"Medicine / Pharmaceutical",BOTTLE,180.21,3,07/23/2027
PRD-00271,"BIODERM OINT 15G",4808482441081,"Medicine / Pharmaceutical",PACK,36.36,17,10/05/2026
PRD-00272,"BIODERM OINT 5G",4805382937230,"Medicine / Pharmaceutical",PACK,22.52,3,04/25/2027
PRD-00273,"BIODERM SOAP BLUE 135G",4807261722027,"Personal Care",PACK,51.96,49,05/04/2028
PRD-00274,"BIODERM SOAP BLUE 60G",4804835392115,"Personal Care",PACK,20.32,71,05/02/2028
PRD-00275,"BIODERM SOAP GREEN 135G",4809391490278,"Personal Care",PACK,50.85,53,01/02/2028
PRD-00276,"BIODERM SOAP GREEN 60G",4807975021081,"Personal Care",PACK,21.21,28,04/25/2029
PRD-00277,"BIODERM SOAP PINK 135G",4804027818352,"Personal Care",PACK,50.69,49,05/02/2028
PRD-00278,"BIODERM SOAP PINK 60G",4803955816119,"Personal Care",PACK,21.09,35,04/30/2029
PRD-00279,"BIOFIT SLIM TEABAGS X30",4802231172272,"Vitamins & Supplements",PCS,5.84,1468,09/03/2027
PRD-00280,"BIOFLU SUSP 60ML",4800447116404,"Medicine / Pharmaceutical",BOTTLE,160.08,1,07/08/2027
PRD-00281,"BIOFLU TAB X100",4809979145711,"Medicine / Pharmaceutical",BOX,9.49,5261,10/16/2028
PRD-00282,"BIOGESIC 100MG/ML DROPS 15ML",4801296400037,"Medicine / Pharmaceutical",BOTTLE,106.32,49,11/03/2027
PRD-00283,"BIOGESIC 120MG/5ML MELON SUSP 60ML",4801289789131,"Medicine / Pharmaceutical",BOTTLE,120.71,24,08/21/2028
PRD-00284,"BIOGESIC 120MG/5ML OR SUSP 60ML",4801638728074,"Medicine / Pharmaceutical",BOTTLE,119.54,43,01/28/2028
PRD-00285,"BIOGESIC 2-6 OR SUSP 60ML",4804937408591,"Medicine / Pharmaceutical",BOTTLE,121.86,5,01/06/2028
PRD-00286,"BIOGESIC 250MG/5ML MELON SUSP 60ML",4806649263948,"Medicine / Pharmaceutical",BOTTLE,189.86,40,02/21/2028
PRD-00287,"BIOGESIC 250MG/5ML OR SUSP 60ML",4807631177201,"Medicine / Pharmaceutical",BOTTLE,189.5,63,09/28/2028
PRD-00288,"BIOGESIC 7-12 OR SUSP 60ML",4802676546979,"Medicine / Pharmaceutical",BOTTLE,181.34,6,01/06/2028
PRD-00289,"BIOGESIC TAB 500MG X500",4802023746966,"Medicine / Pharmaceutical",BOX,5.3,19151,11/06/2028
PRD-00290,"BIRCH TREE FORTIFIED 300G",4800731517326,"Milk & Dairy",PACK,108.13,7,03/08/2028
PRD-00291,"BISACODYL 5MG (DYLAX) TAB X100",4805649840375,"Medicine / Pharmaceutical",BOX,0.81,30,09/07/2028
PRD-00292,"BONAKID 1+ 1.2KG",4806980313867,"Milk & Dairy",PACK,880.67,42,06/20/2027
PRD-00293,"BONAKID 1+ 2.4KG",4802948595172,"Milk & Dairy",PACK,1601.18,34,04/25/2027
PRD-00294,"BONAKID 1+ 2KG",4804875872347,"Milk & Dairy",PACK,1289.85,2,11/30/2027
PRD-00295,"BONAKID 1+ 350G",4801175945569,"Milk & Dairy",PACK,268.19,130,05/04/2027
PRD-00296,"BONAKID LOW LACTOSE 1-3 400G",4801606143397,"Milk & Dairy",PACK,540.04,0,09/25/2027
PRD-00297,"BONAKID PRE-SCHOOL 3+ 350G",4808528205772,"Milk & Dairy",PACK,257.75,17,07/28/2027
PRD-00298,"BONAKID PRESCHOOL 3+ 1.2KG",4808755342261,"Milk & Dairy",PACK,874.22,23,02/28/2027
PRD-00299,"BONAKID PRESCHOOL 3+ 2.4KG",4801981470996,"Milk & Dairy",PACK,1543.16,8,11/04/2027
PRD-00300,"BONAMIL 6-12 2.4KG",4801952849519,"Milk & Dairy",PACK,1713.32,4,02/28/2027
PRD-00301,"BONAMIL 6-12MO 1.2KG",4808213063154,"Milk & Dairy",PACK,884.83,27,04/30/2027
PRD-00302,"BONAMIL 6-12MO 150G",4804347399246,"Milk & Dairy",PACK,141.71,112,11/04/2027
PRD-00303,"BONAMIL 6-12MO 350G",4800891796718,"Milk & Dairy",PACK,302.38,242,08/04/2027
PRD-00304,"BONAMINE 25MG CHEWTAB X240",4806781608576,"Medicine / Pharmaceutical",BOX,17.55,357,07/13/2027
PRD-00305,"BONAMINE FOR KIDS 12.5MG TAB X120",4809487801713,"Medicine / Pharmaceutical",BOX,13.56,413,12/03/2028
PRD-00306,"BONIL SOLUTION 30ML",4803470249239,"Medicine / Pharmaceutical",BOTTLE,46.03,3,10/28/2027
PRD-00307,"BONITA TISSUE X12",4800911984483,Household,PCS,13.29,374,09/27/2027
PRD-00308,"BONNA 0-12 LOW LACTOSE",4807876219703,"Milk & Dairy",PCS,247.94,3,09/26/2027
PRD-00309,"BONNA 0-12 LOW LACTOSE 400G",4807207803934,"Milk & Dairy",PACK,608.34,12,10/30/2027
PRD-00310,"BONNA 0-6 2KG",4809394720890,"Milk & Dairy",PACK,1555.52,8,07/29/2027
PRD-00311,"BONNA 0-6MO 150G",4804692698971,"Milk & Dairy",PACK,139.84,145,02/04/2028
PRD-00312,"BONNA 1.2KG",4804451959254,"Milk & Dairy",PACK,968.12,13,03/04/2028
PRD-00313,"BONNA 350G",4805196247660,"Milk & Dairy",PACK,329.85,201,09/28/2027
PRD-00314,"BREZU 5MCG/ML SYR 60ML",4809806560091,"Medicine / Pharmaceutical",BOTTLE,247.41,67,07/15/2027
PRD-00315,"BROMITAPP DROPS 15ML",4807298719245,"Medicine / Pharmaceutical",BOTTLE,32.85,3,02/28/2027
PRD-00316,"BROMITAPP SYRUP 60ML",4806293830307,"Medicine / Pharmaceutical",BOTTLE,48.25,7,08/24/2027
PRD-00317,"BROXAN 30MG TABX100",4802468224333,"Medicine / Pharmaceutical",PCS,12.27,82,03/28/2028
PRD-00318,"BROXAN PSF 15MG/5ML SYR 60ML",4808504916685,"Medicine / Pharmaceutical",BOTTLE,186.97,4,01/28/2028
PRD-00319,"BUDESONIDE 250MCG (RESPISAPH) 2ML X35",4802569503643,"Medicine / Pharmaceutical",BOTTLE,17.23,152,02/18/2028
PRD-00320,"BUSCOPAN 10MG TAB X 120",4806777163837,"Medicine / Pharmaceutical",BOX,42.21,733,03/08/2028
PRD-00321,"BUSCOPAN PLUS TAB X 100",4804157096799,"Medicine / Pharmaceutical",BOX,50.44,150,07/05/2028
PRD-00322,"BUSCOPAN VENUS TAB X100",4809398362695,"Medicine / Pharmaceutical",BOX,48.82,165,02/25/2028
PRD-00323,"BUTACOD FORTE 7.5 MG SYR 60ML",4807989295264,"Medicine / Pharmaceutical",BOTTLE,81.73,3,02/27/2028
PRD-00324,"BUTTERFLY G25",4806770381816,"Medical Supplies & Devices",PCS,10.27,22,06/19/2027
PRD-00325,"C-LIUM FIBRE CAPSULE",4802620233330,"Vitamins & Supplements",PCS,3.23,18,04/24/2027
PRD-00326,"C-LIUM FIBRE SACHET 5G X30",4800719442108,"Vitamins & Supplements",SACHET,16.91,30,11/06/2027
PRD-00327,"CALACTATE 650MG TAB X100",4805488318795,"Medicine / Pharmaceutical",BOX,198.58,0,02/23/2027
PRD-00328,"CALCIUM + VIT. D3 (AMBICAL PLUS) TAB X100",4804437090032,"Vitamins & Supplements",BOX,2.03,317,08/14/2027
PRD-00329,"CALCIUM CARBONATE 500MG (AMBICAL) TAB X100",4803519858899,"Vitamins & Supplements",BOX,0.82,2806,06/21/2028
PRD-00330,"CALCIUMADE TAB X100",4804105433614,"Vitamins & Supplements",BOX,9.53,158,03/18/2028
PRD-00331,"CALIPTROL 40MG TAB",4806528145504,"Medicine / Pharmaceutical",BOX,3.3,852,02/18/2027
PRD-00332,"CALMOSEPTINE OINT  3.5G X20",4803588269668,"Medicine / Pharmaceutical",PACK,41.9,160,05/15/2028
PRD-00333,"CALPOL 100MG/ML DROPS 10ML",4807038508690,"Medicine / Pharmaceutical",BOTTLE,118.8,11,12/03/2027
PRD-00334,"CALPOL 120MG/5ML STRW SUSP 60ML",4803988247780,"Medicine / Pharmaceutical",BOTTLE,115.53,46,08/30/2027
PRD-00335,"CALPOL 2-6 STRW SUSP 60ML",4802137611159,"Medicine / Pharmaceutical",BOTTLE,114.53,2,05/06/2027
PRD-00336,"CALPOL 6+ 250MG/50ML SUSP 60ML",4802319835182,"Medicine / Pharmaceutical",BOTTLE,176.92,53,06/19/2028
PRD-00337,"CALPOL 6+ SUSP 60ML",4807587094479,"Medicine / Pharmaceutical",BOTTLE,173.33,2,10/13/2027
PRD-00338,"CALPOL DROPS 10ML",4802546681221,"Medicine / Pharmaceutical",BOTTLE,117.63,1,06/27/2027
PRD-00339,"CALTRATE ADVANCE TAB 30S",4809229685549,"Medicine / Pharmaceutical",BOX,290.04,3,06/22/2027
PRD-00340,"CALTRATE PLUS TAB X100",4803511008639,"Medicine / Pharmaceutical",BOX,10.46,306,12/08/2027
PRD-00341,"CALTRATE SILVER ADVANCE X100 TAB",4802547281761,"Medicine / Pharmaceutical",BOX,13.34,161,07/27/2027
PRD-00342,"CALVIT GOLD TAB X100",4802091509391,"Vitamins & Supplements",BOX,10.66,1036,10/29/2027
PRD-00343,"CALVIT TAB X100",4808751516468,"Vitamins & Supplements",BOX,10.4,118,07/17/2028
PRD-00344,"CANDESAPH 16MG X30 TAB",4805188787377,"Medicine / Pharmaceutical",BOX,5.99,26,04/30/2027
PRD-00345,"CANDEZ 16MG TAB X30",4802307946396,"Medicine / Pharmaceutical",BOX,42.51,142,05/16/2027
PRD-00346,"CANDIBEC 5g",4807463570248,"Medicine / Pharmaceutical",PACK,457.13,1,07/30/2027
PRD-00347,"CANESTEN 10MG/G CREAM 3G",4805163456469,"Medicine / Pharmaceutical",TUBE,149.58,32,11/14/2028
PRD-00348,"CANESTEN 10MG/G CREAM 5G",4803672214312,"Medicine / Pharmaceutical",TUBE,231.9,20,09/14/2028
PRD-00349,"CAPTOBES 25MG TAB",4804316775329,"Medicine / Pharmaceutical",BOX,0.42,225,04/14/2027
PRD-00350,"CARBOCISTEIN 500MG (MUCOLIEF) CAP X100",4800936330742,"Medicine / Pharmaceutical",BOX,1.12,325,12/13/2027
PRD-00351,"CARBOCISTEINE 250MG (CEASCOL)SYR 60ML",4802720442203,"Medicine / Pharmaceutical",BOTTLE,24.78,6,01/26/2027
PRD-00352,"CARBOCISTEINE 500MG (MARLUXYN) CAP X100",4808825348931,"Medicine / Pharmaceutical",BOX,1.14,488,01/18/2028
PRD-00353,"CARDIOSEL 100MG TAB X100",4809077661103,"Medicine / Pharmaceutical",BOX,8.9,3,12/22/2027
PRD-00354,"CARDIOSEL 50MG TAB X100",4808158080779,"Medicine / Pharmaceutical",BOX,5.42,379,04/27/2028
PRD-00355,"CARDIOSEL-OD 47.5MG TAB X100",4802694130765,"Medicine / Pharmaceutical",BOX,7.66,42,09/04/2028
PRD-00356,"CARDIPRESS 12.5MG TAB X30",4807674352222,"Medicine / Pharmaceutical",BOX,11.78,741,10/03/2028
PRD-00357,"CARDOXIN 250MG TABX100",4804106907248,"Medicine / Pharmaceutical",PCS,2.9,351,10/31/2027
PRD-00358,"CAREFREE PL SHOWER FRESH 15S",4803037119053,"Personal Care",PCS,29.27,16,07/31/2026
PRD-00359,"CAREFREE PL SUPER DRY",4806474272494,"Personal Care",PCS,32.36,5,05/21/2028
PRD-00360,"CARESS ADULT DIAPER XL10",4801323202998,"Personal Care",PCS,375.88,1,09/12/2027
PRD-00361,"CARESS DIAPER L10",4804112962480,"Baby Care",PCS,255.49,14,03/14/2029
PRD-00362,"CARESS DIAPER L2",4802409618453,"Baby Care",PCS,52.38,81,04/19/2028
PRD-00363,"CARESS DIAPER M1",4801440603960,"Baby Care",PCS,22.49,59,10/26/2028
PRD-00364,"CARESS DIAPER M10",4806808417605,"Baby Care",PCS,202.66,44,11/11/2027
PRD-00365,"CARESS DIAPER MEDIUM 10S",4801051194393,"Baby Care",PCS,219.8,28,10/08/2027
PRD-00366,"CARESS DIAPER XL10",4801114703737,"Baby Care",PCS,377.7,11,02/20/2028
PRD-00367,"CARESS UNDERPADS L8",4808995846146,"Medical Supplies & Devices",PCS,181.79,4,03/11/2028
PRD-00368,"CARESS UNDERPADS M10",4803911804606,"Medical Supplies & Devices",PCS,211.37,13,01/11/2028
PRD-00369,"CARESS UNDERPADS XL8",4804369611254,"Medical Supplies & Devices",PCS,198.09,4,01/09/2027
PRD-00370,"CARVEDILOL 6.25MG TAB (CARVIDA) X30",4804632573038,"Medicine / Pharmaceutical",BOX,4.13,0,08/31/2027
PRD-00371,"CARVID 25MG TAB X30",4802584676841,"Medicine / Pharmaceutical",BOX,23.45,71,12/06/2027
PRD-00372,"CARVID 6.25MG TAB X30",4808649996737,"Medicine / Pharmaceutical",BOX,15.21,248,11/16/2027
PRD-00373,"CASINO FEMME W/ MOIST 150ML",4807880157546,"Medicine / Pharmaceutical",BOTTLE,41.58,13,05/18/2028
PRD-00374,"CASINO FEMME W/ MOIST 250ML",4804791992101,"Medicine / Pharmaceutical",BOTTLE,52.96,71,01/18/2028
PRD-00375,"CASINO FEMME W/ MOIST 500ML",4804746677104,"Medicine / Pharmaceutical",BOTTLE,101.72,42,07/16/2027
PRD-00376,"CASINO FEMME W/ MOIST 60ML",4806438628899,"Medicine / Pharmaceutical",BOTTLE,29.11,18,11/16/2028
PRD-00377,"CASTOR OIL APOLLO 30ML",4800578138594,"Medicine / Pharmaceutical",BOTTLE,34.44,5,02/07/2026
PRD-00378,"CATAPRES 150MCG TAB X100",4805162257572,"Medicine / Pharmaceutical",BOX,72.09,46,08/15/2028
PRD-00379,"CATAPRES 75MCG TAB X100",4801974208537,"Medicine / Pharmaceutical",BOX,47.01,452,09/27/2028
PRD-00380,"CEBO DE MACHO (APOLLO) 10G X12",4809261285045,"Medicine / Pharmaceutical",PACK,31.11,41,10/02/2027
PRD-00381,"CEBO DE MACHO (APOLLO) 25G X12",4801634550216,"Medicine / Pharmaceutical",PACK,55.97,22,03/02/2028
PRD-00382,"CEELIN CHEWTAB 30S",4806103889958,"Vitamins & Supplements",BOX,212.52,14,07/18/2028
PRD-00383,"CEELIN CHEWTAB 60S",4806935632899,"Vitamins & Supplements",BOX,402.61,5,03/21/2028
PRD-00384,"CEELIN DROPS 15ML",4806837006653,"Vitamins & Supplements",BOTTLE,89.31,73,11/16/2028
PRD-00385,"CEELIN DROPS 30ML",4808669835245,"Vitamins & Supplements",BOTTLE,164.72,35,10/16/2027
PRD-00386,"CEELIN GUMMIES 30S",4801032398249,"Vitamins & Supplements",PCS,258.82,33,10/26/2027
PRD-00387,"CEELIN GUMMIES W/ ZINC 30S",4805628728894,"Vitamins & Supplements",PCS,293.99,4,05/23/2027
PRD-00388,"CEELIN IMMUNPED SYRUP 100ML",4804655441939,"Vitamins & Supplements",BOTTLE,520.04,2,07/16/2027
PRD-00389,"CEELIN PLUS CHEWABLES TAB X100",4806550942419,"Vitamins & Supplements",BOX,9.35,836,07/23/2027
PRD-00390,"CEELIN PLUS DROPS 15ML",4806048926971,"Vitamins & Supplements",BOTTLE,115.11,13,06/09/2027
PRD-00391,"CEELIN PLUS DROPS 30ML",4808824750522,"Vitamins & Supplements",BOTTLE,195.11,18,12/09/2027
PRD-00392,"CEELIN PLUS SYR 120ML",4808237432443,"Vitamins & Supplements",BOTTLE,201.91,85,01/06/2028
PRD-00393,"CEELIN PLUS SYR 60ML",4807907736885,"Vitamins & Supplements",BOTTLE,109.1,39,08/16/2027
PRD-00394,"CEELIN PLUS SYRUP 250ML",4802753498424,"Vitamins & Supplements",BOTTLE,375.54,48,12/06/2027
PRD-00395,"CEELIN SYR 120ML",4803157540189,"Vitamins & Supplements",BOTTLE,155.58,28,11/09/2028
PRD-00396,"CEELIN SYR 60ML",4801986099771,"Vitamins & Supplements",BOTTLE,82.68,20,08/16/2027
PRD-00397,"CEELIN SYRUP 250ML",4807188100401,"Vitamins & Supplements",BOTTLE,285.49,10,09/16/2027
PRD-00398,"CEFACLOR 125MG/5ML SUSP (CEFLOR) 60ML",4801124420145,"Medicine / Pharmaceutical",BOTTLE,91.66,10,08/21/2027
PRD-00399,"CEFACLOR 250MG (ELICLOR) SUSP 60ML",4808999156586,"Medicine / Pharmaceutical",BOTTLE,99.43,3,03/19/2028
PRD-00400,"CEFALEXIN 100MG/5ML SUSP (EXEL) 10ML",4806458542977,"Medicine / Pharmaceutical",BOTTLE,18.42,13,06/07/2028
PRD-00401,"CEFALEXIN 125MG/5ML SUSP (DIACEF) 60ML",4808061380385,"Medicine / Pharmaceutical",BOTTLE,21.31,28,12/01/2027
PRD-00402,"CEFALEXIN 125MG/5ML SUSP (EXEL) 60ML",4804448994487,"Medicine / Pharmaceutical",BOTTLE,23.66,27,08/02/2028
PRD-00403,"CEFALEXIN 250MG (EXEL) CAP X100",4803586098675,"Medicine / Pharmaceutical",BOX,2.07,11,02/03/2028
PRD-00404,"CEFALEXIN 250MG/5ML SUSP (DIACEF) 60ML",4802923324008,"Medicine / Pharmaceutical",BOTTLE,33.77,73,10/03/2028
PRD-00405,"CEFALEXIN 250MG/5ML SUSP (EXEL) 60ML",4802444516870,"Medicine / Pharmaceutical",BOTTLE,31.17,49,06/26/2027
PRD-00406,"CEFALEXIN 500MG CAP (EXEL) X100",4804994792212,"Medicine / Pharmaceutical",BOX,2.95,1063,01/21/2028
PRD-00407,"CEFALIN 100MG/ML DROPS 10ML",4808097787335,"Medicine / Pharmaceutical",BOTTLE,209.54,10,09/28/2028
PRD-00408,"CEFALIN 250MG/5ML SYR 60ML",4808292154271,"Medicine / Pharmaceutical",BOTTLE,386.98,5,04/30/2028
PRD-00409,"CEFIXIME (CEFIXSAPH) 100mg/5ml 60ml",4803939782161,"Medicine / Pharmaceutical",BOTTLE,78.44,16,07/11/2027
PRD-00410,"CEFIXIME 100MG/5ML 60ML",4807915237420,"Medicine / Pharmaceutical",BOTTLE,92.53,4,02/10/2028
PRD-00411,"CEFIXIME 200MG (SUPRAPHIL) TAB X30",4804751654002,"Medicine / Pharmaceutical",BOX,4.95,150,02/24/2027
PRD-00412,"CEFIXIME 200MG CAP  (SAPHIXIME) X30",4801299900457,"Medicine / Pharmaceutical",BOX,8.04,41,05/31/2027
PRD-00413,"CEFIXIME 20MG/ML ORAL DROPS 10ML",4801990397616,"Medicine / Pharmaceutical",BOTTLE,86.2,3,04/30/2026
PRD-00414,"CEFIXIME 400MG CAP (SAPHIXIME) X10",4807357677623,"Medicine / Pharmaceutical",BOX,16.08,5,12/23/2027
PRD-00415,"CEFIXIME 400MG CAP (SITIFIX) X100",4806770600848,"Medicine / Pharmaceutical",BOX,16.6,51,08/27/2027
PRD-00416,"CEFIXSAPH 100 SUSP 60ML",4807236908598,"Medicine / Pharmaceutical",BOTTLE,82.37,43,08/03/2028
PRD-00417,"CEFLOR 250 SUSP 60ML",4802073995755,"Medicine / Pharmaceutical",BOTTLE,132.38,14,10/06/2026
PRD-00418,"CEFLOR DROPS 20ML",4804568408912,"Medicine / Pharmaceutical",BOTTLE,55.41,13,12/09/2027
PRD-00419,"CEFTHIX 400MG CAPX100",4803033986022,"Medicine / Pharmaceutical",PCS,12.53,13,08/20/2027
PRD-00420,"CEFUROXIME (FIRSTMED) 50ML 125MG/ML",4800426465521,"Medicine / Pharmaceutical",BOTTLE,91.19,2,04/11/2027
PRD-00421,"CEFUROXIME 125MG/5ML (SQCEF) 50 ML",4802856132881,"Medicine / Pharmaceutical",BOTTLE,97.34,3,09/29/2027
PRD-00422,"CEFUROXIME 250MG/5ML (SQCEF) 50ML",4800298848935,"Medicine / Pharmaceutical",BOTTLE,119.51,2,02/18/2027
PRD-00423,"CEFUROXIME 500MG (EROXIME) TAB X10",4806095869833,"Medicine / Pharmaceutical",BOX,10.44,70,07/27/2028
PRD-00424,"CEFUROXIME 500MG TAB (CEFURED) X10",4801295067571,"Medicine / Pharmaceutical",BOX,10.44,1193,03/20/2028
PRD-00425,"CEFUROXIME 750MG IV (EROXIME) X10",4809895355925,"Medicine / Pharmaceutical",PCS,19.79,15,02/01/2028
PRD-00426,CEFUROXIME9(PHILCEF-DS)250,4802557863130,"Medicine / Pharmaceutical",PCS,110.28,3,06/12/2026
PRD-00427,"CELCOXX 200MG TAB X20",4800396204771,"Medicine / Pharmaceutical",BOX,40.45,67,09/04/2027
PRD-00428,"CELECOXIB 200MG (EMICOX) CAP X100",4808365823349,"Medicine / Pharmaceutical",BOX,1.76,2152,03/10/2028
PRD-00429,"CELECOXIB 400MG (EMICOX) TAB X100",4804088043307,"Medicine / Pharmaceutical",BOX,4.28,1101,06/20/2028
PRD-00430,"CENTRUM ADVANCE TAB 30S",4808135754389,"Vitamins & Supplements",BOX,339.03,28,11/20/2027
PRD-00431,"CENTRUM ADVANCE TAB X100",4802601503399,"Vitamins & Supplements",BOX,13.27,656,09/13/2028
PRD-00432,"CENTRUM KIDS APPLE 15S",4808117673599,"Vitamins & Supplements",PCS,155.63,14,05/13/2027
PRD-00433,"CENTRUM KIDS APPLE 60S",4800080161578,"Vitamins & Supplements",PCS,415.71,0,03/26/2028
PRD-00434,"CENTRUM KIDS FRUIT BURST 15S",4805755069588,"Vitamins & Supplements",PCS,155.2,28,04/30/2027
PRD-00435,"CENTRUM SILVER ADVANCE TAB X100",4808422960595,"Vitamins & Supplements",BOX,15.85,1559,06/29/2027
PRD-00436,"CENTRUM SILVER TAB 30S",4806461440081,"Vitamins & Supplements",BOX,430.27,22,01/27/2028
PRD-00437,CENVERT-16,4804834292116,"General Merchandise",PCS,2.39,276,02/02/2027
PRD-00438,"CEPRIME DROPS 10ML",4809832251533,"Medicine / Pharmaceutical",BOTTLE,102.75,2,02/25/2026
PRD-00439,"CERELAC MIXED FRUITS 120G",4802999731058,"Baby Care",PACK,78.25,11,09/05/2027
PRD-00440,"CERELAC MIXED VEG & SOYA 120G",4801410713142,"Baby Care",PACK,79.47,22,10/28/2027
PRD-00441,"CERELAC RICE & SOYA 120G",4804825033229,"Baby Care",PACK,82.78,7,01/07/2028
PRD-00442,"CERELAC WHEAT BANANA 120G",4807340948569,"Baby Care",PACK,88.9,53,12/19/2027
PRD-00443,"CERELAC WHEAT BANANA 250G",4802121762474,"Baby Care",PACK,177.89,7,04/19/2028
PRD-00444,"CERELAC WHEAT&MILK 120G",4809676222315,"Baby Care",PACK,75.73,3,05/23/2026
PRD-00445,"CETAPHIL BABY CLEANSING BAR 127G",4806222812754,"Baby Care",PACK,320.97,1,02/02/2027
PRD-00446,"CETAPHIL DEEP CLEANSING BAR 127G",4803470587327,"Personal Care",PACK,684.68,1,05/12/2026
PRD-00447,"CETAPHIL SKIN CLEANSER 60ML",4800536125194,"Personal Care",BOTTLE,195.81,2,06/21/2027
PRD-00448,"CETIRIZINE 10MG TAB (CETICIT) X100",4805933306132,"Medicine / Pharmaceutical",BOX,0.39,26945,07/03/2028
PRD-00449,"CETIRIZINE 2.5MG/ML DROPS (ALLECUR P) 10ML",4800441048728,"Medicine / Pharmaceutical",BOTTLE,24.46,66,06/20/2027
PRD-00450,"CETIRIZINE 2.5MG/ML DROPS (REGIZINE) 10ML",4805831464530,"Medicine / Pharmaceutical",BOTTLE,22.56,7,07/24/2028
PRD-00451,"CETIRIZINE 5MG/5ML SYR (ALLECURE) 60ML",4806107706105,"Medicine / Pharmaceutical",BOTTLE,21.34,361,09/24/2027
PRD-00452,CETRIKAST,4804745285588,"General Merchandise",PCS,8.4,72,09/26/2026
PRD-00453,"CETRIKAST TAB",4804251493847,"Medicine / Pharmaceutical",BOX,9.06,323,05/24/2027
PRD-00454,"CHAPSTICK SPEARMINT 4G",4803087380028,"Personal Care",PACK,99.85,1,09/17/2027
PRD-00455,"CHAPSTICK STRAWBERRY 4G",4805326403406,"Personal Care",PACK,93.08,1,07/17/2027
PRD-00456,"CHARLIZE PILLS 28",4806594786332,"Medicine / Pharmaceutical",PCS,66.11,2,10/06/2027
PRD-00457,"CHARMEE ALL NIGHT LONG 10S",4806481786488,"Personal Care",PCS,70.02,13,11/12/2026
PRD-00458,"CHARMEE ALL NIGHT LONG 10S (BLACK)",4805166847778,"Personal Care",PCS,67.55,20,10/16/2027
PRD-00459,"CHARMEE ALL NIGHT PLUS 4S",4805739682547,"Personal Care",PCS,26.7,41,11/02/2027
PRD-00460,"CHARMEE COTTONY H-FLOW 8+1 (BLUE)",4800978142717,"Personal Care",PCS,25.66,2,11/22/2026
PRD-00461,"CHARMEE COTTONY NO WINGS PINK 8S",4801121568215,"Personal Care",PCS,20.3,39,05/21/2027
PRD-00462,"CHARMEE COTTONY W/ WINGS YEL 8S",4807548926007,"Personal Care",PCS,22.37,56,04/02/2028
PRD-00463,"CHARMEE DRY NET H-FLOW 8+1",4805818230909,"Personal Care",PCS,29.74,13,12/02/2026
PRD-00464,"CHARMEE DRY NET H-FLOW 8+1 (VIOLET)",4808018466673,"Personal Care",PCS,29.28,1,07/22/2026
PRD-00465,"CHARMEE DRY NET NO WINGS VIOLET 8S",4806886395561,"Personal Care",PCS,23.05,24,11/10/2027
PRD-00466,"CHARMEE DRY NET W/ WINGS VIOLET 8S",4809144576650,"Personal Care",PCS,27.36,22,02/21/2028
PRD-00467,"CHARMEE PANTS L2",4804256678151,"Personal Care",PCS,68.92,26,12/02/2027
PRD-00468,"CHARMEE PANTS L6",4803650051715,"Personal Care",PCS,188.55,1,03/18/2028
PRD-00469,"CHARMEE PANTS M2",4803935462811,"Personal Care",PCS,56.57,23,05/26/2027
PRD-00470,"CHARMEE PANTS M6",4806278829740,"Personal Care",PCS,142.95,1,03/18/2028
PRD-00471,"CHARMEE PANTYLINER UNSCENTED 20S",4804897361184,"Personal Care",PCS,31.38,9,04/14/2027
PRD-00472,"CHARMEE PL EXTRA LONG 20S",4805223395333,"Personal Care",PCS,28.97,0,03/24/2027
PRD-00473,"CHARMEE PL EXTRA LONG(B) 20S",4804248970908,"Personal Care",PCS,29.72,13,04/26/2027
PRD-00474,"CHARMEE PL GREEN TEA 20S",4800518849078,"Personal Care",PCS,32.52,56,04/11/2027
PRD-00475,"CHARMEE PL GREEN TEA 8S",4806867090481,"Personal Care",PCS,14.35,4,04/22/2027
PRD-00476,"CHARMEE PL LAVANDER 20S",4802070734230,"Personal Care",PCS,32.3,25,03/11/2028
PRD-00477,"CHARMEE PL UNSCENTED 20S",4800257367403,"Personal Care",PCS,30.17,14,06/23/2026
PRD-00478,"CHARMEE PL UNSCENTED 20S (PINK)",4808493587758,"Personal Care",PCS,30.69,8,07/26/2027
PRD-00479,"CHARMEE PLINER GO GIRL 20S",4801381420377,"Personal Care",PCS,19.45,6,07/08/2026
PRD-00480,"CHERIFER DROPS 15ML",4806301035934,"Vitamins & Supplements",BOTTLE,109.4,11,10/06/2027
PRD-00481,"CHERIFER DROPS 30ML",4806190663073,"Vitamins & Supplements",BOTTLE,182.46,4,04/23/2028
PRD-00482,"CHERIFER FORTE SYR 120ML",4806897826389,"Vitamins & Supplements",BOTTLE,245.95,16,09/25/2027
PRD-00483,"CHERIFER FORTE W/ ZINC SYR 120ML",4804600916521,"Vitamins & Supplements",BOTTLE,264.01,10,08/25/2027
PRD-00484,"CHERIFER IMMUNOMAX SYR 120ML",4801059962775,"Vitamins & Supplements",BOTTLE,505.23,9,04/25/2028
PRD-00485,"CHERIFER PGM CAP X30",4808935027997,"Vitamins & Supplements",BOX,19.77,20,10/29/2027
PRD-00486,"CHERIFER PGM W/ ZINC CAP X30",4807720349513,"Vitamins & Supplements",BOX,24.42,102,01/13/2028
PRD-00487,"CHERIFER SYR 120ML",4803023859695,"Vitamins & Supplements",BOTTLE,201.64,26,10/28/2027
PRD-00488,"CHERIFER W/ZINC SYR 120ML",4800713506306,"Vitamins & Supplements",BOTTLE,208.84,20,04/13/2028
PRD-00489,"CHILI PLASTER X10",4800415932585,"Medicine / Pharmaceutical",PCS,119.43,13,04/26/2028
PRD-00490,"CHIN CHUN SU PINK X12",4800430258498,"Personal Care",PCS,17.55,7,08/22/2027
PRD-00491,"CHLORPHENAMINE 2.5MG/5ML TAB (RIPHEN) 60ML",4801383767931,"Medicine / Pharmaceutical",BOX,18.38,1,02/04/2026
PRD-00492,"CILESTINE 600MG POWDER X10 SACHETS",4805947922164,"Medicine / Pharmaceutical",SACHET,9.89,71,09/27/2027
PRD-00493,"CILOSTAZOL 50MG TAB (OSTAZ) X100TAB",4801034664545,"Medicine / Pharmaceutical",BOX,7.24,188,07/12/2027
PRD-00494,"CILOSTAZOL 50MG TAB (ZATSOL) X100",4807410598437,"Medicine / Pharmaceutical",BOX,7.82,126,12/28/2026
PRD-00495,"CINNARIZINE 25MG TAB (RIZINE) X100",4801112800039,"Medicine / Pharmaceutical",BOX,1.02,7068,08/19/2027
PRD-00496,"CIPROFLOXACIN 500MG YAB (CYFROX) X100",4806114738485,"Medicine / Pharmaceutical",PCS,1.8,738,08/15/2027
PRD-00497,"CITCOLE TAB X30",4808737440352,"Medicine / Pharmaceutical",BOX,11.51,1653,09/13/2028
PRD-00498,"CITICHOLINE 1G (CITISAPH) TAB X30",4803480721612,"Medicine / Pharmaceutical",BOX,36.1,31,05/29/2026
PRD-00499,"CITICHOLINE 1G (ZYNAZINE) AMP 4ML X5",4808898412960,"Medicine / Pharmaceutical",BOTTLE,88.23,0,10/04/2026
PRD-00500,"CITICOLINE 500MG (CITICOLE) TAB X30",4806367038689,"Medicine / Pharmaceutical",BOX,12.09,20,07/15/2026
PRD-00501,"CITICOLINE AMP (CITIMAK) 4ML X5",4802035280879,"Medicine / Pharmaceutical",BOTTLE,63.2,6,03/27/2027
PRD-00502,"CITICOLINE AMP (CITISAPH) 4ML X10",4802828316958,"Medicine / Pharmaceutical",BOTTLE,56.73,4,06/28/2027
PRD-00503,"CITINOVA 250MG/ML 4ML X4 AMP",4802546395964,"Medicine / Pharmaceutical",BOTTLE,67.01,19,10/24/2027
PRD-00504,"CLARICORT 5MG/250MCG TAB",4802098363243,"Medicine / Pharmaceutical",BOX,54.92,38,10/29/2028
PRD-00505,"CLARITHROMYCIN 125MG (CLARIMAC) 60ML",4808967122592,"Medicine / Pharmaceutical",BOTTLE,134.53,2,11/01/2026
PRD-00506,"CLARITHROMYCIN 125MG/5ML (CLARITHROMED) 50ML",4801910918094,"Medicine / Pharmaceutical",BOTTLE,126.35,1,12/10/2027
PRD-00507,"CLARITHROMYCIN 250MG (CLARIMAC DS) 60ML",4809517819192,"Medicine / Pharmaceutical",BOTTLE,273.34,2,03/04/2027
PRD-00508,"CLARITIN 10MG TAB X100",4802772707308,"Medicine / Pharmaceutical",BOX,33.66,48,10/29/2028
PRD-00509,"CLAY DOH MOLDING CLAY 25G",4804677108385,"General Merchandise",PACK,51.27,2,04/07/2026
PRD-00510,"CLEAR SHAMP COOL SPORT 70ML",4806566833700,"Medicine / Pharmaceutical",BOTTLE,148.3,1,10/27/2026
PRD-00511,"CLEAR SHAMPOO SOFT CARE70ML",4804842885728,"Personal Care",BOTTLE,194.35,1,07/27/2027
PRD-00512,"CLEENE COTTON ROUNDS 50S",4808530862812,"Medical Supplies & Devices",PCS,58.81,6,08/16/2027
PRD-00513,"CLINDAMYCIN (AMSOCYN-600)150MG/ML AMPX10",4804058172647,"Medicine / Pharmaceutical",PCS,73.5,9,07/03/2027
PRD-00514,"CLINDAMYCIN 300MG CAP (CLIN-GEN) X100",4802997380182,"Medicine / Pharmaceutical",BOX,4.54,647,11/13/2027
PRD-00515,"CLINDAXIN 300MG CAP X100",4809313775459,"Medicine / Pharmaceutical",BOX,58.69,37,04/01/2028
PRD-00516,"CLINDOLLEN 150MG/ML  AMPX10",4804801195339,"Medicine / Pharmaceutical",PCS,100.72,3,02/28/2027
PRD-00517,"CLOBETASOL (CLOVATE) OINT 15G",4808615236685,"Medicine / Pharmaceutical",PACK,44.03,35,10/08/2027
PRD-00518,"CLOBETASOL (TIMOVATE) CREAM 10G",4807115186493,"Medicine / Pharmaceutical",TUBE,48.28,24,05/04/2028
PRD-00519,"CLOBETASOL OINT (CLOBFRED) 15G",4803046074294,"Medicine / Pharmaceutical",PACK,45.91,46,11/19/2026
PRD-00520,"CLONIDINE 150MCG TAB (CLODIN) X100",4803067985169,"Medicine / Pharmaceutical",BOX,4.59,857,05/31/2028
PRD-00521,"CLONIDINE 75MCG TAB (CLODIN) X100",4804329451114,"Medicine / Pharmaceutical",BOX,4.63,705,02/09/2028
PRD-00522,"CLONIPRESS 150MCG TAB X100",4809032594933,"Medicine / Pharmaceutical",BOX,49.3,4,07/28/2027
PRD-00523,"CLONIPRESS 75MCG TAB X100",4806549701358,"Medicine / Pharmaceutical",BOX,30.53,7,01/03/2027
PRD-00524,"CLOPIDOGREL 75MG (CLOPINOVA) TAB X100",4800175617484,"Medicine / Pharmaceutical",BOX,1.1,1296,04/02/2028
PRD-00525,"CLOPIDOGREL 75MG (COPIDE) TAB X100",4805717510876,"Medicine / Pharmaceutical",BOX,1.17,1925,03/22/2028
PRD-00526,"CLOPIDOGREL 75MG (PIDOGREL) TAB X100",4800817906089,"Medicine / Pharmaceutical",BOX,1.32,102,03/16/2027
PRD-00527,"CLOPIDOGREL 75MG (PLAVIDO) TAB X100",4808483102271,"Medicine / Pharmaceutical",BOX,1.2,274,02/27/2028
PRD-00528,"CLORMED 125 SUSP 60ML",4809406798347,"Medicine / Pharmaceutical",BOTTLE,85.71,1,08/29/2027
PRD-00529,"CLORMED 250 SUSP 60ML",4806550139546,"Medicine / Pharmaceutical",BOTTLE,138.34,3,08/29/2026
PRD-00530,"CLOSE UP MENTHOL FRESH TWIN PACK 10G (GREEN)",4804209169576,"Personal Care",PACK,8.97,1,10/29/2026
PRD-00531,"CLOSE UP MENTHOL FRESH TWIN PACK 120G",4801526788512,"Personal Care",PACK,162.56,0,05/29/2027
PRD-00532,"CLOSE UP RED HOT TWIN PACK 10G",4801899169638,"Personal Care",PACK,9.62,4,04/29/2027
PRD-00533,"CLOSE UP RED HOT TWIN PACK 120G",4809364775207,"Personal Care",PACK,154.75,1,08/29/2026
PRD-00534,"CLOTRIMOZOLE 10MG/G CREAM (CLONESTEN) 15G",4803470302359,"Medicine / Pharmaceutical",TUBE,31.47,6,06/11/2027
PRD-00535,"CLOTRIMOZOLE 10MG/G CREAM (NOVAMET) 15G",4803400156805,"Medicine / Pharmaceutical",TUBE,46.91,9,03/20/2028
PRD-00536,"CLOVIMED 156.25 SUSP 60ML",4800191237069,"Medicine / Pharmaceutical",BOTTLE,111.01,3,07/30/2026
PRD-00537,"CLOXACILLIN 500MG (CLOXASAPH) 500MG CAPX100",4804777758858,"Medicine / Pharmaceutical",PCS,2.65,195,08/09/2027
PRD-00538,"CLOXACILLIN 500MG (PHILCLOX) TAB X100",4807213111159,"Medicine / Pharmaceutical",BOX,2.74,596,04/25/2027
PRD-00539,"CLOXACILLIN 500MG CAP (CLOXANE) X100",4804924562641,"Medicine / Pharmaceutical",BOX,2.76,199,02/23/2028
PRD-00540,"CLUSIVOL TAB X100",4807029161450,"Medicine / Pharmaceutical",BOX,9.09,0,11/04/2027
PRD-00541,"CO AMOXICLAV 625MG TAB (ORCOMOX) X30",4803019762806,"Medicine / Pharmaceutical",BOX,8.32,221,01/16/2027
PRD-00542,"CO-ALEVA 10MG/500MCG TAB X100",4808216074478,"Medicine / Pharmaceutical",BOX,36.72,110,11/08/2027
PRD-00543,"CO-ALTRIA 10MG/5MG TAB X30",4804925840748,"Medicine / Pharmaceutical",BOX,32.98,168,11/17/2027
PRD-00544,"CO-AMOXICLAV (AMOCLAV) 625MG X15TAB",4804351701335,"Medicine / Pharmaceutical",BOX,64.48,74,03/14/2027
PRD-00545,"CO-AMOXICLAV (JANCLAV) 625MG X20TAB",4804968420909,"Medicine / Pharmaceutical",BOX,9.11,109,12/27/2027
PRD-00546,"CO-AMOXICLAV 1G (SPOTCLAV) TAB X10",4807051867440,"Medicine / Pharmaceutical",BOX,33.29,5,05/30/2027
PRD-00547,"CO-AMOXICLAV 625MG (COMXICLA) TAB X20",4808202043288,"Vitamins & Supplements",BOX,8.81,231,08/03/2027
PRD-00548,"CO-AMOXICLAV 625MG TAB (COMOXBET) X20",4805131986440,"Medicine / Pharmaceutical",BOX,9.63,75,11/27/2027
PRD-00549,"CO-AMOXICLAV 625MG TAB (RANICLAV) X100",4807225741241,"Medicine / Pharmaceutical",BOX,8.66,473,12/22/2026
PRD-00550,"CO-AMOXICLAV 625MG TAB X14",4805544122414,"Medicine / Pharmaceutical",BOX,9.44,162,02/09/2027
PRD-00551,"CO-APROVEL 150/12.5MG TAB X28",4803844574882,"Medicine / Pharmaceutical",BOX,45.74,30,07/13/2028
PRD-00552,"COBRA  BLUE",4806737658873,"Water & Beverages",PCS,18.97,10,04/13/2027
PRD-00553,"COBRA PET BOT 350ML X24",4802765386801,"Water & Beverages",BOTTLE,26.71,1,01/18/2027
PRD-00554,"COBRA YELLOW 300ML X12",4807809494982,"Water & Beverages",BOTTLE,20.62,252,10/26/2027
PRD-00555,"COKE MISMO 290ML X12",4808368888421,"Medicine / Pharmaceutical",BOTTLE,19.87,1552,12/05/2027
PRD-00556,"COLCHICINE 500MCG TAB (GOUTSAPH) X100",4800756367883,"Medicine / Pharmaceutical",BOX,1.52,200,06/29/2027
PRD-00557,"COLGATE FC COOL MENTHOL 193G",4806094992705,"Personal Care",PACK,159.76,1,05/29/2026
PRD-00558,"COLGATE FC SPICY FRESH 125G",4807443722173,"Personal Care",PACK,119.78,3,10/27/2027
PRD-00559,"COLGATE FC SPICY FRESH 126G",4800418527641,"Personal Care",PACK,117.02,2,10/27/2026
PRD-00560,"COLGATE PLAX FRESHMINT 60ML",4803726992894,"Personal Care",BOTTLE,36.28,6,03/16/2028
PRD-00561,"COLGATE PLAX ICE 60ML",4807216755528,"Personal Care",BOTTLE,39.31,7,08/21/2027
PRD-00562,"COLGATE PLAX PEPPERMINT 60ML",4801806638735,"Personal Care",BOTTLE,37.21,7,07/21/2028
PRD-00563,"COLGATE TBRUSH CHILD SOFT",4809551734971,"Personal Care",PCS,18.64,11,08/02/2026
PRD-00564,"COLGATE TBRUSH D.CLEAN MED",4808559135932,"Personal Care",PCS,16.3,18,07/10/2027
PRD-00565,"COLGATE TBRUSH DEEP CLEAN MED",4803441007454,"Personal Care",PCS,18.09,13,03/27/2027
PRD-00566,"COLGATE TP CHARCOAL SACH 20G",4806750803127,"Personal Care",PACK,11.88,5,11/27/2026
PRD-00567,"COLGATE TP COOL FRESH TWIN 120GX2",4809207420000,"Personal Care",PCS,153.57,2,11/29/2026
PRD-00568,"COLGATE TP COOL MENTHOL 125G",4801777021820,"Personal Care",PACK,114.64,1,08/30/2027
PRD-00569,"COLGATE TP COOL MENTHOL 63G",4805784392038,"Personal Care",PACK,67.96,1,05/30/2027
PRD-00570,"COLGATE TP COOL MENTHOL SACH 20G",4800943866804,"Personal Care",PACK,9.56,5,06/27/2027
PRD-00571,"COLGATE TP FC PEPPERMINT ICE 63G",4801687174501,"Personal Care",PACK,69.26,2,06/27/2027
PRD-00572,"COLGATE TP FRESH CONFIDENCE 193G",4804570988739,"Personal Care",PACK,151.94,2,11/13/2026
PRD-00573,"COLGATE TP GREAT REG. FLAVOR 20G",4809514143537,"Personal Care",PACK,9.65,8,04/02/2028
PRD-00574,"COLGATE TP KIDDIE BARBIE 40G",4809031973444,"Personal Care",PACK,86.04,8,10/02/2027
PRD-00575,"COLGATE TP KIDDIE BATMAN 40G",4806834027827,"Personal Care",PACK,86.82,6,09/02/2027
PRD-00576,"COLGATE TP PEPPERMENT ICE 125G",4805587745053,"Personal Care",PACK,114.79,3,12/27/2026
PRD-00577,"COLGATE TP REGULAR 140G",4800125791798,"Personal Care",PACK,129.86,7,01/27/2027
PRD-00578,"COLGATE TP REGULAR 37G",4803371308963,"Personal Care",PACK,53.6,7,07/02/2027
PRD-00579,"COLGATE TP REGULAR 74G",4807030447630,"Personal Care",PACK,89.67,4,09/02/2027
PRD-00580,"COLGATE TP REGULAR TWIN 132GX2",4809474230718,"Personal Care",PCS,193.56,1,06/27/2027
PRD-00581,"COLGATE TP SPICY FRESH 193G",4802166860023,"Personal Care",PACK,147.23,0,07/13/2026
PRD-00582,"COLGATE TP SPICY FRESH 63G",4803199862297,"Personal Care",PACK,72.49,8,09/21/2027
PRD-00583,"COLGATE TP SPICY FRESH SACH 20G",4806190510734,"Personal Care",PACK,9.76,15,07/02/2027
PRD-00584,"COLGATE TP SPICY FRESH TWIN 120GX2",4808743213197,"Personal Care",PCS,156.28,3,11/27/2027
PRD-00585,"COLGATE TP TRIPLE ACTION 126G",4807030428597,"Personal Care",PACK,123.7,2,03/30/2027
PRD-00586,"COLGATE TP TRIPLE ACTION 145ML",4804132802357,"Personal Care",BOTTLE,178.28,0,02/13/2027
PRD-00587,"COLGATE TP TRIPLE ACTION 33G",4808664627586,"Personal Care",PACK,52.99,4,05/02/2028
PRD-00588,"COLGATE TP TRIPLE ACTION 66G",4805859578069,"Personal Care",PACK,83.26,6,12/21/2027
PRD-00589,"COLGATE TP TRIPLE ACTION TWIN 120GX2",4806144897817,"Personal Care",PCS,181.06,2,05/29/2027
PRD-00590,"COLVAN  CAP X100",4806825337991,"Medicine / Pharmaceutical",BOX,13.62,198,02/03/2028
PRD-00591,"COLVAN DROPS 10ML",4804926890511,"Medicine / Pharmaceutical",BOTTLE,134.04,3,07/23/2028
PRD-00592,"COLVAN SYR 60ML",4803582475407,"Medicine / Pharmaceutical",BOTTLE,123.39,22,07/23/2027
PRD-00593,"COMBANTRIN 125MG TAB X4",4801523133874,"Medicine / Pharmaceutical",BOX,57.63,2,07/29/2027
PRD-00594,"COMBANTRIN 125MG/5ML SUSP 10ML",4805151912812,"Medicine / Pharmaceutical",BOTTLE,272.02,8,01/17/2028
PRD-00595,"COMBIZAR 100/25 TAB X50",4808424350379,"Medicine / Pharmaceutical",BOX,43.88,0,11/22/2027
PRD-00596,"COMBIZAR 50MG TAB X50",4804320534569,"Medicine / Pharmaceutical",BOX,29.45,97,07/26/2028
PRD-00597,"COMXICLA 25MG/5ML SUSP 60ML",4803079282743,"Vitamins & Supplements",BOTTLE,85.12,2,05/30/2027
PRD-00598,"CONCORE 5MG TAB X100",4800288372981,"Medicine / Pharmaceutical",BOX,39.98,12,05/11/2027
PRD-00599,"CONZACE CAPS X100",4806643108589,"Vitamins & Supplements",PCS,18.06,76,06/11/2027
PRD-00600,"COPHILAX 5MG TABX100",4806823688564,"Medicine / Pharmaceutical",PCS,0.67,325,03/29/2027
PRD-00601,"CORAL BREAST PUMP",4801909024435,"Baby Care",PCS,68.67,1,03/15/2026
PRD-00602,"CORAL FEEDING BOTTLE 2OZ",4805752211372,"Baby Care",PCS,62.42,1,06/30/2027
PRD-00603,"CORAL FEEDING BOTTLE 5OZ",4806789160970,"Baby Care",PCS,65.24,1,10/30/2027
PRD-00604,"CORAL FEEDING BOTTLE 8OZ",4809337250129,"Baby Care",PCS,65.2,0,11/30/2027
PRD-00605,"CORAL NASAL ASPIRATOR",4800857852848,"Baby Care",PCS,60.33,4,02/24/2027
PRD-00606,"CORALAN 5MG TAB X56",4804604055120,"Medicine / Pharmaceutical",BOX,30.18,345,10/04/2028
PRD-00607,"COTRIMIXAZOLE 480MG TAB (KATHREX) X100",4802444491041,"Medicine / Pharmaceutical",BOX,0.98,81,01/03/2028
PRD-00608,"COTRIMOXAZOLE (KATHREX) 960MG TAB X100",4801237246941,"Medicine / Pharmaceutical",BOX,1.52,657,10/31/2027
PRD-00609,"COTRIMOXAZOLE 240MG/5ML SUSP (KATHREX) 60ML",4803284515765,"Medicine / Pharmaceutical",BOTTLE,35.22,40,08/10/2028
PRD-00610,"COTRIMOXAZOLE 400MG/80MG/5ML SUSP (KATHREX) 60ML",4806663320708,"Medicine / Pharmaceutical",BOTTLE,36.06,6,10/20/2027
PRD-00611,"COUMADIN 2.5MG TAB X100",4809432496730,"Medicine / Pharmaceutical",BOX,36.82,166,05/04/2028
PRD-00612,"COUMADIN 5MG TAB X100",4805126668956,"Medicine / Pharmaceutical",BOX,52.21,60,07/03/2027
PRD-00613,"COUXIN 15MG SYR 60ML",4800329044656,"Medicine / Pharmaceutical",BOTTLE,17.06,133,11/02/2027
PRD-00614,"COUXIN 30MG SY 60ML",4807788600364,"Medicine / Pharmaceutical",BOTTLE,18.22,14,05/25/2027
PRD-00615,"COUXIN 30MG TAB",4806383213464,"Medicine / Pharmaceutical",BOX,0.52,3380,06/18/2027
PRD-00616,"COUXIN DROPS 15ML",4803591989418,"Medicine / Pharmaceutical",BOTTLE,17.01,46,08/24/2028
PRD-00617,"COVERSYL 5MG TAB X30",4807131374264,"Medicine / Pharmaceutical",BOX,38.86,119,03/17/2028
PRD-00618,"CREAM BARS BUKO SALAD",4803467742419,"Snacks & Confectionery",TUBE,13.71,79,04/16/2029
PRD-00619,"CREAM BARS COOKIES N CREAM",4808379340450,"Snacks & Confectionery",TUBE,13.8,168,05/28/2029
PRD-00620,"CREAM BARS ROCKY ROAD",4807885559100,"Snacks & Confectionery",TUBE,13.57,65,12/04/2027
PRD-00621,"CREAM BARS UBE QUEZO",4804570031972,"Snacks & Confectionery",TUBE,13.82,208,07/04/2028
PRD-00622,"CREAM CONES CHOCO BERRY",4800979048220,"Snacks & Confectionery",TUBE,20.13,80,11/04/2028
PRD-00623,"CREAM CONES CHOCO QUEZO",4801786576136,"Snacks & Confectionery",TUBE,20.94,138,11/04/2028
PRD-00624,"CREAM CONES COOKIES N CREAM",4809046198000,"Snacks & Confectionery",TUBE,20.59,245,06/04/2029
PRD-00625,"CREAM CONES ROCKY ROAD",4804261979456,"Snacks & Confectionery",TUBE,21.56,159,03/04/2028
PRD-00626,"CREAM CONES UBE MACAPUNO",4808493189409,"Snacks & Confectionery",TUBE,20.16,236,01/04/2029
PRD-00627,"CREAM CUPS CHOCO MALLOWS",4804238037402,"Snacks & Confectionery",TUBE,26.21,64,04/04/2028
PRD-00628,"CREAM CUPS CHOCO MOUSSE",4803864922819,"Snacks & Confectionery",TUBE,28.61,47,06/16/2028
PRD-00629,"CREAM CUPS CHOCO MUDPIE",4808240423051,"Snacks & Confectionery",TUBE,26.85,44,04/21/2029
PRD-00630,"CREAM CUPS PEACH MANGO",4807880426060,"Snacks & Confectionery",TUBE,27.44,213,05/28/2029
PRD-00631,"CREAM CUPS TIRAMISU",4800416176337,"Snacks & Confectionery",TUBE,26.68,182,04/04/2029
PRD-00632,"CREAMLINE PINOY CLASSICS MONGGO",4809785035988,"Snacks & Confectionery",TUBE,16.04,14,03/23/2028
PRD-00633,"CREAMLINE POPSIPOP STRAWBERRY",4801196701188,"Snacks & Confectionery",TUBE,9.66,80,01/04/2028
PRD-00634,"CREAMSILK AMINO COLLAGEN SACH 18ML",4806244235534,"Vitamins & Supplements",BOTTLE,6.9,2,06/13/2027
PRD-00635,"CREAMSILK COND DAMAGE 180ML",4806472774158,"Personal Care",BOTTLE,181.95,1,04/21/2028
PRD-00636,"CREAMSILK COND HFALL 180ML",4806813292904,"Personal Care",BOTTLE,170.73,1,08/16/2027
PRD-00637,"CREAMSILK COND SSTRAIGHT 180ML",4804583852251,"Personal Care",BOTTLE,176.7,2,07/17/2027
PRD-00638,"CREAMSILK DAMAGE CONTRL SACH 11ML",4806378283909,"Personal Care",BOTTLE,8.02,14,01/25/2028
PRD-00639,"CREAMSILK HAIR FALL SACH 11ML",4809959625243,"Personal Care",BOTTLE,7.51,10,02/13/2027
PRD-00640,"CREAMSILK HAIR FALL SACH 22ML",4805659127769,"Personal Care",BOTTLE,10.93,15,06/30/2028
PRD-00641,"CREAMSILK STRAIGHT SACH 11ML",4806918124590,"Personal Care",BOTTLE,7.61,10,07/13/2027
PRD-00642,"CREAMSILK STRAIGHT SACH 13ML",4803083015586,"Personal Care",BOTTLE,7.79,8,06/25/2027
PRD-00643,"CREAMSILK STRAIGHT SACH 22ML",4801294788502,"Personal Care",BOTTLE,10.78,22,04/10/2027
PRD-00644,"CREAMSILK TK HAIR FALL SACH 13ML",4800086561545,"Personal Care",BOTTLE,7.2,5,07/07/2028
PRD-00645,"CREAMSILK TK REPAIR SACH 10ML",4806769732531,"Personal Care",BOTTLE,9.19,4,02/16/2028
PRD-00646,"CREAMSILK TK STRAIGHT SACH 10ML",4804760130713,"Personal Care",BOTTLE,9.27,4,01/16/2027
PRD-00647,"CREAMSILK TK ULT COLOR SACH 10ML",4801073608945,"Personal Care",BOTTLE,9.0,10,04/16/2028
PRD-00648,"CT-COMEED 1G TAB X50",4802965233999,"Medicine / Pharmaceutical",BOX,49.34,74,06/03/2028
PRD-00649,"CUREL 500MCG",4800058516889,"Medicine / Pharmaceutical",PCS,1.15,2412,08/09/2027
PRD-00650,"CY GABRIEL SOAP PAPAYA 60G",4809853615554,"Personal Care",PACK,26.09,18,10/16/2028
PRD-00651,"CY GABRIEL SOAP SP PINK 60G",4808315926417,"Personal Care",PACK,26.6,9,02/16/2029
PRD-00652,"CY GABRIELS SOAP SP GREEN 60G",4800406795995,"Personal Care",PACK,26.56,17,02/21/2029
PRD-00653,"D5LR (EUROMED) 1L",4808307789257,"Medicine / Pharmaceutical",PCS,73.37,18,09/13/2027
PRD-00654,"DAFLON 1000 TAB X30",4806892457034,"Medicine / Pharmaceutical",BOX,102.22,7,03/15/2028
PRD-00655,"DAFLON TAB 450MG/50MG X30",4806320856459,"Medicine / Pharmaceutical",BOX,60.72,175,08/08/2027
PRD-00656,"DALACIN-C 300MG CAP X100",4807875273236,"Medicine / Pharmaceutical",BOX,135.09,20,04/19/2028
PRD-00657,"DANN'S TOOTHACHE DROPS 7.5ML",4805115237403,"Medicine / Pharmaceutical",BOTTLE,26.63,8,11/09/2026
PRD-00658,"DANNS CASTOR OIL 30ML",4806351117916,"Medicine / Pharmaceutical",BOTTLE,36.35,10,12/18/2027
PRD-00659,"DANNS CEBO DE MACHO 7G",4809247888150,"Medicine / Pharmaceutical",PACK,17.0,1,04/03/2028
PRD-00660,"DANNS OIL OF WINTERGREEN 30ML",4808159005428,"Medicine / Pharmaceutical",BOTTLE,35.75,2,03/26/2027
PRD-00661,"DANNS OIL OF WINTERGREEN 60ML",4809773307410,"Medicine / Pharmaceutical",BOTTLE,70.26,5,08/26/2028
PRD-00662,"DAPAGLIFOZIN (DAPAFAST-10 MG) TAB X30",4803133395031,"Medicine / Pharmaceutical",BOX,14.4,58,05/04/2028
PRD-00663,"DAPAGLIFOZIN 10 MG (DAPATRIS) TAB X30",4803170160337,"Medicine / Pharmaceutical",BOX,9.52,614,03/28/2028
PRD-00664,"DAPASTAL-10 MG TABX30",4806780448400,"Medicine / Pharmaceutical",PCS,13.36,49,12/19/2027
PRD-00665,"DAPHNE PILLS 28",4801155131949,"Medicine / Pharmaceutical",PCS,166.69,62,01/22/2028
PRD-00666,"DDC AMOXICILLIN 500MG CAP X100",4803012010269,"Medicine / Pharmaceutical",BOX,2.36,689,04/25/2026
PRD-00667,"DDC MEFENAMIC ACID 500MG CAP X100",4807277815372,"Medicine / Pharmaceutical",BOX,0.92,1672,09/03/2028
PRD-00668,"DECILONE FTE TAB X100",4807619583142,"Medicine / Pharmaceutical",BOX,43.69,93,05/16/2028
PRD-00669,"DECOLGEN FTE TAB X100",4804167514715,"Medicine / Pharmaceutical",BOX,9.49,1504,09/23/2027
PRD-00670,"DECOLGEN NO-DROWSE TAB X100",4801607425063,"Medicine / Pharmaceutical",BOX,9.46,165,03/26/2028
PRD-00671,"DECOLSIN SYR 60ML",4807616095594,"Medicine / Pharmaceutical",BOTTLE,158.81,2,06/30/2028
PRD-00672,"DEPOTRUST 50MG/ML VIAL",4807523427457,"Medicine / Pharmaceutical",PCS,157.33,11,12/15/2027
PRD-00673,"DEQUADIN 250MCG LOZENGE",4808396734394,"Medicine / Pharmaceutical",PCS,7.02,226,03/06/2028
PRD-00674,"DEQUADIN ORAL PAINT 15ML",4806020270238,"Medicine / Pharmaceutical",BOTTLE,270.68,1,05/08/2027
PRD-00675,"DERMOVATE CREAM 5G",4807557470772,"Medicine / Pharmaceutical",TUBE,472.03,6,06/01/2029
PRD-00676,"DERMOVATE OINTMENT 5G",4807242979770,"Medicine / Pharmaceutical",TUBE,461.39,11,03/20/2028
PRD-00677,"DEXAMETHASONE 4MG/ML (DEXAMAK) 2ML",4800752622784,"Medicine / Pharmaceutical",BOTTLE,44.19,21,03/18/2027
PRD-00678,"DEXAMETHASONE 4MG/ML (DEXIMER) 2ML",4800164443046,"Medicine / Pharmaceutical",BOTTLE,16.35,38,07/08/2027
PRD-00679,"DEXAMETHASONE 500MCG TAB (IMPODEX) X100",4804145330871,"Medicine / Pharmaceutical",BOX,0.56,203,11/30/2028
PRD-00680,"DHA NATURALLE 100MG SGCAP X30",4809779012671,"Medicine / Pharmaceutical",BOX,11.54,164,06/03/2028
PRD-00681,"DIABEATS 2MG X100",4807340135648,"Medicine / Pharmaceutical",PCS,1.36,2236,01/29/2028
PRD-00682,"DIABEATS 4MG TAB X100",4802143079797,"Medicine / Pharmaceutical",BOX,4.29,791,09/07/2027
PRD-00683,"DIABETASOL VANILLA 180G",4805649334064,"Milk & Dairy",PACK,376.44,1,02/18/2027
PRD-00684,"DIABEZIN-10 TABX30",4803649297119,"Medicine / Pharmaceutical",PCS,13.53,251,11/30/2027
PRD-00685,"DIAMICRON MR 60MG TAB X60",4807604238207,"Medicine / Pharmaceutical",BOX,38.56,34,03/15/2028
PRD-00686,"DIANE 35 PILLS",4809329831485,"Medicine / Pharmaceutical",PCS,826.37,12,06/04/2027
PRD-00687,"DIASAPH-GE10 10MG TABX100",4801073487379,"Medicine / Pharmaceutical",PCS,7.76,376,09/03/2028
PRD-00688,"DIATABS ADVANCE",4801258347772,"Medicine / Pharmaceutical",PCS,22.54,30,10/26/2027
PRD-00689,"DIATABS CAP 2MG X100",4800684044771,"Medicine / Pharmaceutical",BOX,10.72,2020,07/27/2027
PRD-00690,"DICLOFENAC 100MG TAB (CURAFEN) X100",4804396844455,"Medicine / Pharmaceutical",BOX,0.82,1409,05/21/2027
PRD-00691,"DICLOFENAC 50MG (PHILFLAM) TAB X100",4803399975767,"Medicine / Pharmaceutical",BOX,0.5,789,12/24/2027
PRD-00692,"DICLOFENAC 50MG (SAPHLOCID) TAB X100",4807255033473,"Medicine / Pharmaceutical",BOX,0.68,204,08/03/2028
PRD-00693,"DICLOFENAC 50MG TAB (BOREN) X100",4805603821485,"Medicine / Pharmaceutical",BOX,0.5,3006,10/31/2027
PRD-00694,"DICYCLOVERINE 10MG TAB (DICYRINE) X100 TAB",4806514683531,"Medicine / Pharmaceutical",BOX,0.36,5378,11/02/2027
PRD-00695,"DICYCLOVERINE 10MG TAB (DM) X100",4804573077595,"Medicine / Pharmaceutical",BOX,0.36,743,07/30/2026
PRD-00696,"DICYCLOVERINE 10MG/5ML SYR (DIACIEL) 60ML",4803184193673,"Medicine / Pharmaceutical",BOTTLE,17.85,85,05/07/2027
PRD-00697,"DIFFLAM 3MG LOZENGE 8S",4809374559230,"Medicine / Pharmaceutical",PCS,41.27,48,01/03/2028
PRD-00698,"DIFFLAM FORTE THROAT SPRAY 15ML",4809637651458,"Medicine / Pharmaceutical",BOTTLE,692.75,2,07/17/2028
PRD-00699,"DIFFLAM HONEYLEMON 3MG LOZENGE 8S",4808631176906,"Medicine / Pharmaceutical",PCS,43.12,2,01/22/2027
PRD-00700,"DIFFLAM ORANGE 3MG LOZENGE 8S",4802285738755,"Medicine / Pharmaceutical",PCS,44.91,3,03/22/2028
PRD-00701,"DIFFLAM RASPBERRY 3MG LOZENGE 8S",4806198489640,"Medicine / Pharmaceutical",PCS,44.43,2,03/23/2028
PRD-00702,"DIFFLAM SOLUTION 100ML",4801390561934,"Medicine / Pharmaceutical",BOTTLE,293.5,1,10/23/2027
PRD-00703,"DIGITAL THERMOMETER (SURGITECH) X10",4804917679694,"Medical Supplies & Devices",PCS,53.8,20,03/13/2028
PRD-00704,"DIGITAL THERMOMETER X10",4803025112594,"Medical Supplies & Devices",PCS,61.99,23,12/03/2026
PRD-00705,"DIGITAL THERMOMETER(PARTNERS)",4809987873588,"Medical Supplies & Devices",PCS,53.39,3,09/04/2027
PRD-00706,"DIGITAL THERMOMETER(SURE-GUARD)",4801220781469,"Medical Supplies & Devices",PCS,54.71,11,12/06/2026
PRD-00707,"DILATAIR 200MG TAB X30",4802961681166,"Medicine / Pharmaceutical",BOX,16.48,241,08/03/2027
PRD-00708,"DILATAIR 400MG TAB X30",4800602454789,"Medicine / Pharmaceutical",BOX,23.38,94,06/06/2028
PRD-00709,"DILTIAZEM 30MG (NOVOPTIN) TAB X100",4808878167585,"Medicine / Pharmaceutical",BOX,1.63,212,04/11/2027
PRD-00710,"DILTIAZEM 60MG TAB (NOVOPTIN) X100",4809243651428,"Medicine / Pharmaceutical",BOX,3.04,167,07/03/2027
PRD-00711,"DIOSMIN HISPERIDIN (RHOIDS) TAB X30",4801834593767,"Medicine / Pharmaceutical",BOX,10.15,108,09/03/2027
PRD-00712,"DIOSMIN+HESPERIDIN (DIOSGEN) TABX30",4800779909040,"Medicine / Pharmaceutical",PCS,10.09,66,06/28/2027
PRD-00713,"DIPHENHYDRAMINE 25MG CAP (MUCOMED) X100",4800117237338,"Medicine / Pharmaceutical",BOX,0.84,3,07/31/2028
PRD-00714,"DIPHENHYDRAMINE 50MG CAP(HISTAZYN) X100",4802218334233,"Medicine / Pharmaceutical",BOX,0.81,196,07/25/2026
PRD-00715,"DIPHENHYDRAMINE 50MG CAP(HYDROPHEN) X100",4807745594151,"Medicine / Pharmaceutical",BOX,0.81,62,08/31/2027
PRD-00716,"DIPHENHYDRAMINE SYR (HISTAMOX) 60ML",4801388438102,"Medicine / Pharmaceutical",BOTTLE,14.94,4,09/24/2027
PRD-00717,"DIPHENPORS 50MG/ML",4804971350322,"Medicine / Pharmaceutical",PCS,22.22,60,10/03/2028
PRD-00718,"DISUDRIN DROPS 10ML",4808112422063,"Medicine / Pharmaceutical",BOTTLE,147.7,147,09/04/2027
PRD-00719,"DISUDRIN DROPS 15ML",4808518504093,"Medicine / Pharmaceutical",BOTTLE,150.36,2,06/06/2027
PRD-00720,"DISUDRIN SYRUP 120ML",4802453455127,"Medicine / Pharmaceutical",BOTTLE,258.31,29,08/18/2028
PRD-00721,"DISUDRIN SYRUP 60ML",4808089926693,"Medicine / Pharmaceutical",BOTTLE,162.37,63,10/06/2027
PRD-00722,"DIUMIDE-K 40MG/600MG TAB X50",4801021469208,"Medicine / Pharmaceutical",BOX,21.83,202,05/27/2027
PRD-00723,"DM PINEAPPLE JUICE ACE 240ML",4805743875978,"Water & Beverages",BOTTLE,37.66,81,10/30/2027
PRD-00724,"DM PINEAPPLE JUICE FIBER 240ML",4800542145861,"Water & Beverages",BOTTLE,41.23,282,07/30/2028
PRD-00725,"DM PINEAPPLE JUICE HEART SMART 240ML",4800836994570,"Water & Beverages",BOTTLE,38.79,64,12/30/2027
PRD-00726,"DOLAN FP 100MG/5ML SUSP 60ML",4801608345531,"Medicine / Pharmaceutical",BOTTLE,111.41,50,10/09/2027
PRD-00727,"DOLAN FTE 200MG/5ML SUSP 60ML",4806305029814,"Medicine / Pharmaceutical",BOTTLE,183.01,34,02/09/2028
PRD-00728,"DOLFENAL 250MG TAB X100",4805336338219,"Medicine / Pharmaceutical",BOX,23.61,37,07/03/2028
PRD-00729,"DOLFENAL 500MG TAB X100",4807182207815,"Medicine / Pharmaceutical",BOX,45.66,526,05/30/2027
PRD-00730,"DOLO NEUROBION TAB X100",4807387373027,"Medicine / Pharmaceutical",BOX,28.76,150,06/15/2027
PRD-00731,"DOMPERIDON 10MG (DUBAMOL) TAB X100",4801557137740,"Medicine / Pharmaceutical",BOX,0.89,437,04/10/2028
PRD-00732,"DOMPERIDONE 1MG/ML SUSP (ACCEDOME) 60ML",4802085416061,"Medicine / Pharmaceutical",BOTTLE,48.79,27,10/17/2027
PRD-00733,"DOVE BAR SOAP PINK 135G",4809013318425,"Personal Care",PACK,101.85,13,10/19/2028
PRD-00734,"DOVE BAR SOAP PINK 90G",4803900179544,"Personal Care",PACK,78.18,18,09/05/2028
PRD-00735,"DOVE BAR SOAP REG 100G",4804500262927,"Personal Care",PACK,74.37,2,02/10/2028
PRD-00736,"DOVE BAR SOAP REG 135G",4805272376975,"Personal Care",PACK,102.69,4,02/15/2029
PRD-00737,"DOVE BAR SOAP REG 90G",4801386242699,"Personal Care",PACK,79.25,19,04/15/2029
PRD-00738,"DOVE BAR SOAP SENSITIVE 90G",4801131165735,"Personal Care",PACK,85.76,6,12/05/2028
PRD-00739,"DOVE BAR SOAP WHITE 125G",4802353587188,"Personal Care",PACK,92.8,2,05/23/2027
PRD-00740,"DOVE DEO ORIGINAL 40ML",4802439909513,"Personal Care",BOTTLE,165.86,4,08/30/2028
PRD-00741,"DOVE DEO RO ORIGINAL 25ML",4801533621911,"Personal Care",BOTTLE,102.64,3,03/29/2027
PRD-00742,"DOVE DEO RO ULT REPAIR JASMINE 25ML",4804230873857,"Personal Care",BOTTLE,104.93,1,10/23/2027
PRD-00743,"DOVE DEO RO UNSCENTED 40ML",4808863854010,"Personal Care",BOTTLE,149.98,1,03/21/2027
PRD-00744,"DOVE DEO STICK ORIG 20G",4809588790852,"Personal Care",PACK,134.91,2,02/10/2027
PRD-00745,"DOVE DEO STICK UNSCENTED 20G",4809282314329,"Personal Care",PACK,129.76,4,10/15/2027
PRD-00746,"DOVE DEO ULTIMATE REPAIR JASMINE 40ML",4801474442265,"Personal Care",BOTTLE,155.17,4,03/30/2028
PRD-00747,"DOVE DEO ULTIMATE REPAIR LILY 40ML",4802603434915,"Personal Care",BOTTLE,161.16,1,05/30/2027
PRD-00748,"DOVE DL ULTIMATE REPAIR 3ML",4802139758538,"Personal Care",BOTTLE,10.52,6,03/23/2027
PRD-00749,"DOVE ROLL ON 40ML",4804040292978,"Personal Care",BOTTLE,161.91,1,01/23/2027
PRD-00750,"DOVE SHAMP INTENSE REPAIR SACH 12ML",4809089789887,"Personal Care",BOTTLE,7.89,12,07/10/2027
PRD-00751,"DOVE SHAMP STRAIGHT&SILKY SACH 12ML",4802232712137,"Personal Care",BOTTLE,7.45,21,04/04/2028
PRD-00752,"DOXOFYLLINE 400MG (DOXOAIR) TAB X100",4804648824894,"Medicine / Pharmaceutical",BOX,9.13,48,08/31/2027
PRD-00753,"DOXOFYLLINE 400MG TAB (DOXOFAR) X30",4802331252563,"Medicine / Pharmaceutical",BOX,9.21,34,05/16/2027
PRD-00754,"DOXOFYR 400MG TABX100",4803002968632,"Medicine / Pharmaceutical",PCS,5.38,26,09/14/2026
PRD-00755,"DOXOLLIN 400MG X100 TAB",4803884350399,"Medicine / Pharmaceutical",BOX,4.33,130,03/31/2028
PRD-00756,"DOXYCYCLINE 100MG (DOTHIX) X100",4806984434647,"Medicine / Pharmaceutical",PCS,1.57,1097,12/22/2027
PRD-00757,"DOXYCYCLINE 100MG (PIDCLIN) CAP X100",4800957668578,"Medicine / Pharmaceutical",BOX,1.63,45,04/30/2027
PRD-00758,"DR. KAUFMANN COOLING BODY DEO POWDER 100G",4804807789425,"Personal Care",PACK,159.99,2,12/14/2028
PRD-00759,"DR. KAUFMANN EXTRA COOL BODY DEO POWDER 50G",4805333283561,"Personal Care",PACK,124.55,3,10/14/2027
PRD-00760,"DR. KAUFMANN IR SOAP 80G",4805048858653,"Personal Care",PACK,48.61,1,07/23/2027
PRD-00761,"DR. KAUFMANN SOAP YELLOW 80G",4802391665989,"Personal Care",PACK,53.81,5,07/07/2027
PRD-00762,"DR. WONGS SULFUR SOAP W/ MOIST 135G",4808604627456,"Personal Care",PACK,63.93,89,07/05/2028
PRD-00763,"DR. WONGS SULFUR SOAP W/ MOIST 80G",4803212933655,"Personal Care",PACK,53.73,27,04/05/2028
PRD-00764,"DR. WONGS SULFUR SOAP Y 135G",4801287878851,"Personal Care",PACK,61.16,60,03/22/2028
PRD-00765,"DR. WONGS SULFUR SOAP Y 80G",4801713189716,"Personal Care",PACK,44.69,16,04/22/2028
PRD-00766,"DR.KAUFMAN IR FOOT DEO POWDER 50G",4804901981439,"Personal Care",PACK,109.11,2,04/12/2027
PRD-00767,"DRAPOLENE CREAM 55G",4805035165371,"Baby Care",TUBE,435.71,2,02/25/2028
PRD-00768,"DRENEX 3MG TAB X50",4803762033050,"Medicine / Pharmaceutical",BOX,36.18,309,07/30/2027
PRD-00769,"DRIVEMAX PLUS CAPS 420MG",4807852293329,"Medicine / Pharmaceutical",PCS,120.96,26,06/19/2027
PRD-00770,"DROCORT CREAM 15G",4803881154133,"Medicine / Pharmaceutical",TUBE,66.19,1,10/19/2026
PRD-00771,"DUAVENT NEBULE 2.5ML X20",4803839649408,"Medicine / Pharmaceutical",BOTTLE,56.3,82,12/04/2028
PRD-00772,"DULCOLAX 10MG ADULT SUPP X50",4809845565965,"Medicine / Pharmaceutical",PCS,79.35,35,07/27/2027
PRD-00773,"DULCOLAX 5MG INFANT SUPP X50",4809615589648,"Medicine / Pharmaceutical",PCS,84.18,18,06/03/2028
PRD-00774,"DULCOLAX TAB 5MG X120",4801634970014,"Medicine / Pharmaceutical",BOX,32.19,115,04/29/2028
PRD-00775,"DUOCARD 40MG/5MG TAB X30",4805123481237,"Medicine / Pharmaceutical",BOX,10.98,53,03/30/2027
PRD-00776,"DUOSIN 500MCG/400 MCG CAPX30",4803709522034,"Medicine / Pharmaceutical",PCS,12.78,308,03/17/2027
PRD-00777,"DUPHALAC 3.3G/5ML 45ML",4800797037746,"Medicine / Pharmaceutical",BOTTLE,256.57,9,06/27/2027
PRD-00778,"DUPHASTON 10MG TAB X20",4809827157862,"Medicine / Pharmaceutical",BOX,98.01,118,07/04/2027
PRD-00779,"DUREX CHOCO 3S",4800978030819,"Personal Care",PCS,43.89,8,08/03/2027
PRD-00780,"DUREX STRAWBERRY 3S",4804564618134,"Personal Care",PCS,43.4,16,09/06/2027
PRD-00781,"DUTASTERIDE+TAMSULOSIN HYDROCHLORIDE 500MCG/400MCG CAPX30",4807901559463,"Medicine / Pharmaceutical",PCS,11.73,53,09/14/2027
PRD-00782,"DUTASUSAPH 500MCG/400 MCG",4808470861195,"Medicine / Pharmaceutical",PCS,7.99,86,05/25/2028
PRD-00783,"DUVADILAN 10MG TAB X100",4809238640649,"Medicine / Pharmaceutical",BOX,39.63,51,10/20/2027
PRD-00784,"DYNATUSSIN CAP X 100",4806438743914,"Medicine / Pharmaceutical",BOX,13.59,238,08/27/2027
PRD-00785,"DYNATUSSIN SYR 60ML",4804976159420,"Medicine / Pharmaceutical",BOTTLE,151.05,21,04/27/2028
PRD-00786,"E-ZINC 27.5MG/ML DROPS 15ML",4809990955573,"Medicine / Pharmaceutical",BOTTLE,129.64,23,04/06/2028
PRD-00787,"E-ZINC 55MG/ML SYR 60ML",4805364839632,"Medicine / Pharmaceutical",BOTTLE,137.72,20,05/30/2027
PRD-00788,"EFFICASCENT OIL EXTREME 100ML",4807601858850,"Medicine / Pharmaceutical",BOTTLE,153.33,19,04/02/2028
PRD-00789,"EFFICASCENT OIL REG 100ml",4802598804887,"Medicine / Pharmaceutical",BOTTLE,108.58,9,02/25/2027
PRD-00790,"EFFICASCENT OIL REG 25ML",4801809998995,"Medicine / Pharmaceutical",BOTTLE,32.88,100,10/04/2027
PRD-00791,"EFFICASCENT OIL REG 50ML",4800072826421,"Medicine / Pharmaceutical",BOTTLE,56.19,35,02/09/2028
PRD-00792,"EFFICASCENT OIL XS 100ML",4809981564815,"Medicine / Pharmaceutical",BOTTLE,131.61,6,12/09/2026
PRD-00793,"EFFICASCENT OIL XS 25ML",4804593796203,"Medicine / Pharmaceutical",BOTTLE,40.44,127,07/05/2027
PRD-00794,"EFFICASCENT OIL XS 50ML",4802395237035,"Medicine / Pharmaceutical",BOTTLE,76.72,74,11/26/2027
PRD-00795,"EFFICASCENT OIL XTREME 25ML",4808690922727,"Medicine / Pharmaceutical",BOTTLE,52.79,119,06/11/2028
PRD-00796,"EFFICASCENT OIL XTREME 50ML",4809243868508,"Medicine / Pharmaceutical",BOTTLE,94.9,129,02/16/2028
PRD-00797,"EFFICASCENT OINMENT 10g",4807602163695,"Medicine / Pharmaceutical",PACK,26.23,5,08/24/2026
PRD-00798,"EFFICASCENT RELAXING OIL RO 12ML",4808823441467,"Medicine / Pharmaceutical",BOTTLE,135.01,17,12/05/2028
PRD-00799,"EFFICASCENT RELAXING OIL RO 3ML",4806406726525,"Medicine / Pharmaceutical",BOTTLE,63.98,22,02/02/2028
PRD-00800,"EFFICASCENT RELAXING OIL RO 6ML",4804524910586,"Medicine / Pharmaceutical",BOTTLE,95.79,37,10/18/2027
PRD-00801,"EFFICASCENT RELAXING OIL RO CALM 12ML",4803404889130,"Medicine / Pharmaceutical",BOTTLE,147.49,0,08/21/2028
PRD-00802,"EFFICASCENT RELAXING OIL RO REFRESH 12ML",4804574817788,"Medicine / Pharmaceutical",BOTTLE,157.67,0,05/21/2027
PRD-00803,"ELASTIC BANDAGE 2INX5YD (SURGITECH)",4808694787089,"Medical Supplies & Devices",PCS,20.32,4,11/27/2026
PRD-00804,"ELASTIC BANDAGE 3INX5YD (SURGITECH)",4806863568529,"Medical Supplies & Devices",PCS,25.3,7,03/23/2027
PRD-00805,"ELASTIC BANDAGE 3X5YD (SUREGARD)",4806623993181,"Medical Supplies & Devices",PCS,17.91,1,11/20/2027
PRD-00806,"ELASTIC BANDAGE 4INX5YD (SURGITECH)",4803198865421,"Medical Supplies & Devices",PCS,25.78,11,04/16/2027
PRD-00807,"ELASTIC BANDAGE 6INX5YD (SURGITECH)",4803177035684,"Medical Supplies & Devices",PCS,46.23,7,07/29/2027
PRD-00808,"ELICA CREAM 5G",4803235480178,"Medicine / Pharmaceutical",TUBE,570.96,2,11/02/2027
PRD-00809,"ENALAPRIL 10MG TAB (RENITE XL) X100",4800889433605,"Medicine / Pharmaceutical",BOX,3.15,419,07/31/2027
PRD-00810,"ENALAPRIL 5MG TAB (RENITE XL) X100",4808769785826,"Medicine / Pharmaceutical",BOX,2.96,278,04/26/2026
PRD-00811,"ENERVON ACTIV SG CAP X100",4804412340714,"Vitamins & Supplements",BOX,17.85,80,08/23/2028
PRD-00812,"ENERVON SYR 120ML",4809920573765,"Vitamins & Supplements",BOTTLE,193.18,4,11/27/2027
PRD-00813,"ENERVON TAB X100",4804504196105,"Vitamins & Supplements",BOX,8.0,21,08/26/2028
PRD-00814,"ENERVON Z+ X100 TAB",4801617998404,"Vitamins & Supplements",BOX,10.64,2225,12/16/2027
PRD-00815,"ENFAGROW A+ NURA 1-3YO 350G",4806425896687,"Milk & Dairy",PACK,674.68,2,02/28/2027
PRD-00816,"ENFAGROW A+ NURA GENTLEASE 1-3 Y/O 800G",4806333468383,"Milk & Dairy",PACK,1694.02,0,04/28/2027
PRD-00817,"ENFAMAMA A+ CHOCO 350G",4801774920001,"Milk & Dairy",PACK,478.21,1,11/28/2027
PRD-00818,"ENFAMAMA A+ VANILLA 350G",4804883643225,"Milk & Dairy",PACK,531.14,2,07/30/2027
PRD-00819,"ENFAMIL A+ 0-12 CS BIOME",4804586999381,"Milk & Dairy",PCS,2289.42,1,06/04/2027
PRD-00820,"ENFAMIL A+ NURA 0-6MO 350G",4805899920286,"Milk & Dairy",PACK,945.91,5,04/16/2028
PRD-00821,"ENFAMIL A+ NURA 6-12MO 350G",4803337395808,"Milk & Dairy",PACK,904.3,3,05/28/2028
PRD-00822,"ENFAMIL A+ NURA GENTLEASE 0-12 MO 800G",4804884526046,"Milk & Dairy",PACK,2283.25,0,09/28/2027
PRD-00823,"ENSURE GOLD 400G",4808471138744,"Milk & Dairy",PACK,1175.47,15,11/01/2027
PRD-00824,"ENSURE GOLD RTD VANILLA 220ML",4801379296495,"Milk & Dairy",BOTTLE,195.15,1,11/19/2028
PRD-00825,"ENSURE GOLD VANILLA 150G",4801466299416,"Milk & Dairy",PACK,411.18,0,07/01/2027
PRD-00826,"ENSURE ORIG SHAKE  237ML",4805150481898,"Milk & Dairy",BOTTLE,153.49,10,07/15/2027
PRD-00827,"EQ DRY DIAPER L16",4801817904538,"Baby Care",PCS,187.27,34,09/28/2028
PRD-00828,"EQ DRY DIAPER M18",4808688521544,"Baby Care",PCS,203.82,22,04/14/2029
PRD-00829,"EQ DRY DIAPER NB22",4805241327333,"Baby Care",PCS,197.64,63,11/25/2028
PRD-00830,"EQ DRY DIAPER S20",4801167042689,"Baby Care",PCS,201.76,16,09/19/2028
PRD-00831,"EQ DRY DIAPER XL14",4807679701975,"Baby Care",PCS,202.69,22,05/23/2028
PRD-00832,"EQ DRY DIAPER XXL12",4804388938226,"Baby Care",PCS,199.43,10,11/23/2028
PRD-00833,"EQ PANTS 3XL 24S",4803479534060,"Baby Care",PCS,339.9,19,06/20/2027
PRD-00834,"EQ PANTS L10",4803934030604,"Baby Care",PCS,101.07,37,04/20/2027
PRD-00835,"EQ PANTS L24",4800721237600,"Baby Care",PCS,224.84,45,05/11/2028
PRD-00836,"EQ PANTS M10",4804332533199,"Baby Care",PCS,82.78,9,07/19/2027
PRD-00837,"EQ PANTS M24",4801953970297,"Baby Care",PCS,202.18,17,08/06/2027
PRD-00838,"EQ PANTS XL10",4807513372284,"Baby Care",PCS,110.74,35,06/02/2027
PRD-00839,"EQ PANTS XL24",4805645928545,"Baby Care",PCS,244.37,54,02/28/2028
PRD-00840,"EQ PANTS XXL10",4806385653598,"Baby Care",PCS,110.62,20,07/20/2027
PRD-00841,"EQ PANTS XXL24",4801861362966,"Baby Care",PCS,265.76,13,09/23/2027
PRD-00842,"EQUAL CLASSIC 1G PDR STICKS",4802188314650,"General Merchandise",PACK,2.86,69,08/31/2027
PRD-00843,"ERCEFLORA GUT RESTORE 5ML X10",4802207491396,"Medicine / Pharmaceutical",BOTTLE,97.42,240,11/04/2028
PRD-00844,"ERCEFLORA KIDDIE/GUT DEFENSE 5ML X10",4800945913065,"Medicine / Pharmaceutical",BOTTLE,54.48,2073,05/29/2027
PRD-00845,"ERECFIL-100 TAB X4",4809730281423,"Medicine / Pharmaceutical",BOX,14.07,56,06/29/2027
PRD-00846,ERECFIL-50,4807150869292,"General Merchandise",PCS,10.8,43,12/24/2026
PRD-00847,"ERECFIL-50 TAB X8",4801106565172,"Medicine / Pharmaceutical",BOX,8.22,26,08/03/2028
PRD-00848,"ERIN PILLS",4803819542354,"Medicine / Pharmaceutical",PCS,727.19,0,04/06/2027
PRD-00849,"ERMINA PILLS",4809634624711,"Medicine / Pharmaceutical",PCS,728.94,0,04/06/2027
PRD-00850,"ERYTHROMYCIN 200MG/5ML SUSP (MONPHEVIN) 60ML",4800220580048,"Medicine / Pharmaceutical",BOTTLE,46.37,9,03/03/2027
PRD-00851,"ERYTHROMYCIN 250MG/5ML SUSP (LLOSONE) 60ML",4802638670490,"Medicine / Pharmaceutical",BOTTLE,586.94,0,08/04/2027
PRD-00852,"ERYTHROMYCIN 500MG (ERYTHCIN) X100",4802211441979,"Medicine / Pharmaceutical",PCS,4.97,276,01/05/2027
PRD-00853,"ERYTHROMYCIN 500MG (MONPHEVIN) X100 TAB",4807933332262,"Medicine / Pharmaceutical",BOX,5.59,217,12/03/2027
PRD-00854,"ESKINOL FC CLASSIC 135ML",4802487947015,"Personal Care",BOTTLE,94.77,6,06/15/2028
PRD-00855,"ESKINOL FC CLASSIC GLOW 75ML",4805378080573,"Personal Care",BOTTLE,57.86,18,08/15/2028
PRD-00856,"ESKINOL FC CLASSIC GLOW WG 75ML",4805371287730,"Personal Care",BOTTLE,56.62,16,03/15/2028
PRD-00857,"ESKINOL FC CLASSIC W/ GRAINS 135ML",4805897092733,"Personal Care",BOTTLE,98.87,9,08/15/2028
PRD-00858,"ESKINOL FC CLASSIC W/ GRAINS 225ML",4804464297388,"Personal Care",BOTTLE,159.77,2,11/16/2028
PRD-00859,"ESKINOL FC CLASSIC WHITE 225ML",4802456281720,"Personal Care",BOTTLE,144.62,1,11/15/2028
PRD-00860,"ESKINOL FC PIMPLE FIGHT 135ML",4805321378438,"Personal Care",BOTTLE,97.32,18,06/15/2027
PRD-00861,"ESKINOL FC PIMPLE FIGHT 225ML",4806667332249,"Personal Care",BOTTLE,159.97,4,12/15/2027
PRD-00862,"ESKINOL FC PIMPLE FIGHT 75ML",4801108931441,"Personal Care",BOTTLE,53.09,12,01/15/2028
PRD-00863,"ESKINOL FC SMOOTH PAPAYA 135ML",4801028865518,"Personal Care",BOTTLE,89.39,4,01/15/2028
PRD-00864,"ESKINOL FC SMOOTH PAPAYA 225ML",4801517154949,"Personal Care",BOTTLE,156.59,3,03/10/2027
PRD-00865,"ESKINOL FC SMOOTH PAPAYA 75ML",4801509176725,"Personal Care",BOTTLE,56.75,16,05/15/2028
PRD-00866,"ESKINOL FC SPOTLESS CAL 135ML",4807605695669,"Personal Care",BOTTLE,90.65,7,04/15/2028
PRD-00867,"ESKINOL FC SPOTLESS CAL 225ML",4800366039728,"Personal Care",BOTTLE,150.71,2,09/15/2028
PRD-00868,"ESKINOL FC SPOTLESS CAL 75ML",4807826137252,"Personal Care",BOTTLE,58.24,12,08/15/2027
PRD-00869,"ESKINOL FC TEENS 135ML",4801747497143,"Personal Care",BOTTLE,99.35,2,01/30/2028
PRD-00870,"ESKINOL FC TEENS 75ML",4800338610352,"Personal Care",BOTTLE,55.67,7,01/30/2028
PRD-00871,"ESOMEPRAZOLE 40MG CAP (ESOMAP) X98 CAP",4808065795118,"Medicine / Pharmaceutical",BOX,4.65,123,10/23/2027
PRD-00872,"ESOTAZ 40MG CAP X30",4803410664100,"Medicine / Pharmaceutical",BOX,5.47,88,02/09/2027
PRD-00873,"ESSENTIALE FORTE P CAP X50",4808053376113,"Medicine / Pharmaceutical",BOX,46.62,273,11/20/2027
PRD-00874,"ETORICOXIB 120MG TAB (SAPHETOR 120) X30",4809659513198,"Medicine / Pharmaceutical",BOX,9.41,1,08/31/2027
PRD-00875,"ETOXIA 120 MG",4803054014649,"Medicine / Pharmaceutical",PCS,8.16,188,01/14/2027
PRD-00876,"ETOXIA 120MG TAB",4800620123277,"Medicine / Pharmaceutical",BOX,7.16,238,09/03/2027
PRD-00877,"ETOXIA 90MG",4805337650091,"Medicine / Pharmaceutical",PCS,6.21,100,12/12/2026
PRD-00878,"ETOXIA 90MG TAB",4801199704988,"Medicine / Pharmaceutical",BOX,6.05,1,05/31/2027
PRD-00879,"EUROMED PNSS 1L",4803886114514,"Medicine / Pharmaceutical",PCS,79.27,42,06/01/2027
PRD-00880,"EUROSOL-M IN D5W 1L",4800087185982,"Medicine / Pharmaceutical",PCS,82.03,3,10/04/2027
PRD-00881,"EUTHYROX TAB 100MCG X100",4806673831101,"Medicine / Pharmaceutical",BOX,23.58,202,04/04/2027
PRD-00882,"EUTHYROX TAB 150MCG X100",4801532820191,"Medicine / Pharmaceutical",BOX,38.05,40,11/13/2027
PRD-00883,"EUTHYROX TAB 25MCG X100",4800188449193,"Medicine / Pharmaceutical",BOX,9.01,287,08/19/2028
PRD-00884,"EUTHYROX TAB 50MCG X100",4800898010833,"Medicine / Pharmaceutical",BOX,12.57,496,12/21/2027
PRD-00885,"EVENING PRIMROSE 1000MG (MEDIROSE) X30",4804261711194,"Medicine / Pharmaceutical",PCS,4.81,154,03/09/2028
PRD-00886,"EVEREADY BATTERY AA BLACK 48S",4802455450949,Household,PCS,46.05,26,08/16/2027
PRD-00887,"EVEREADY BATTERY AAA BLACK 40S",4803109822170,Household,PCS,66.42,32,11/16/2027
PRD-00888,"EXFLEM 600MG GRANULES X30",4804955274284,"Medicine / Pharmaceutical",PCS,46.62,124,12/02/2027
PRD-00889,"EXFLEM 600MG TAB X30",4806223659197,"Medicine / Pharmaceutical",BOX,49.66,58,09/19/2027
PRD-00890,"EXIGO 16MG TAB X100",4800231035712,"Medicine / Pharmaceutical",BOX,72.05,19,04/15/2028
PRD-00891,"EXPEL 15MG/5ML SYR 60ML",4803798559347,"Medicine / Pharmaceutical",BOTTLE,177.13,159,08/28/2028
PRD-00892,"EXPEL 6MG/ML DROPS 15ML",4802732670325,"Medicine / Pharmaceutical",BOTTLE,145.94,73,05/28/2028
PRD-00893,"EXPEL DROPS 15ML",4802967322210,"Medicine / Pharmaceutical",BOTTLE,145.76,3,05/16/2027
PRD-00894,"EXPEL SYR 60ML",4802597900199,"Medicine / Pharmaceutical",BOTTLE,166.04,6,04/30/2028
PRD-00895,"EYE MO DAILY CARE 7.5ML",4803298479493,"Medicine / Pharmaceutical",BOTTLE,107.44,10,12/27/2026
PRD-00896,"EYE MO DAILY CARE(G) 7.5ML",4806510701005,"Medicine / Pharmaceutical",BOTTLE,112.72,25,05/15/2028
PRD-00897,"EYE MO MOIST DROPS 7.5ML",4808769778410,"Medicine / Pharmaceutical",BOTTLE,116.1,10,08/30/2027
PRD-00898,"EYE MO MOIST(B) DROPS 7.5ML",4800793565790,"Medicine / Pharmaceutical",BOTTLE,120.16,31,01/08/2028
PRD-00899,"EYE MO RED DROPS 7.5ML",4808368508491,"Medicine / Pharmaceutical",BOTTLE,101.04,69,01/01/2028
PRD-00900,"EYEBERRY CAP X100",4805615655133,"Medicine / Pharmaceutical",BOX,18.85,256,05/20/2027
PRD-00901,"EZ LUB JELLY 10G",4807007807461,"Personal Care",PACK,32.53,38,12/26/2027
PRD-00902,"EZ LUB JELLY 5G",4805915334476,"Personal Care",PACK,22.89,8,03/20/2028
PRD-00903,"FACE MASK (PARTNERS)",4804871583176,"Medical Supplies & Devices",PCS,1.26,118,10/26/2026
PRD-00904,"FEBUMAX 40MG TAB X100",4800438841120,"Medicine / Pharmaceutical",BOX,3.74,417,05/28/2028
PRD-00905,"FEBUXOSAPH 40MG (XURIC) TAB X30",4808739216787,"Medicine / Pharmaceutical",BOX,4.93,2539,03/31/2027
PRD-00906,"FEBUXOSTAT 40MG (GRAXOSTAT) TAB X30",4803481874972,"Medicine / Pharmaceutical",BOX,6.05,169,03/18/2027
PRD-00907,"FEBUXOSTAT 40MG TAB (FEBUXOSAPH) X30",4805212809380,"Medicine / Pharmaceutical",BOX,3.3,680,04/30/2028
PRD-00908,"FEBUXOSTAT 80MG (SAPHXOSTAT) TAB X30",4803599462782,"Medicine / Pharmaceutical",BOX,7.31,110,06/27/2028
PRD-00909,"FEEDING BOTTLE 2OZ",4801262498713,"Baby Care",PCS,67.73,3,06/15/2026
PRD-00910,"FEEDING BOTTLE 5OZ",4803635848624,"Baby Care",PCS,53.0,1,02/28/2027
PRD-00911,"FEEDING BOTTLE 8OZ",4805233864644,"Baby Care",PCS,69.9,2,01/28/2028
PRD-00912,"FEEDING BOTTLE PLAIN 4OZ",4805427906903,"Baby Care",PCS,68.81,1,12/28/2027
PRD-00913,"FEEDING BOTTLE WIDE NECK (FROZEN)12OZ",4801750015570,"Baby Care",PCS,110.64,2,11/28/2027
PRD-00914,"FEEDING BOTTLE WIDE NECK 12OZ",4802465687015,"Baby Care",PCS,107.41,2,07/07/2027
PRD-00915,"FEEDING BOTTLE WIDENECK 11OZ",4801959373785,"Baby Care",PCS,89.58,0,08/07/2027
PRD-00916,"FELODIPINE 10MG TAB (FELOSTAR) X30",4800817657540,"Medicine / Pharmaceutical",BOX,6.27,462,11/22/2027
PRD-00917,"FELODIPINE 5MG TAB (FELOSTAL) X100",4803829425048,"Medicine / Pharmaceutical",BOX,3.36,563,08/01/2027
PRD-00918,"FENOFIBRATE 160MG (FENOCRON) X100 CAPSULE",4802850066815,"Medicine / Pharmaceutical",PCS,4.37,128,08/10/2028
PRD-00919,"FENOFIBRATE 160MG (FENOSAPH) X100 CAPSULE",4805919736734,"Medicine / Pharmaceutical",PCS,2.57,308,06/15/2027
PRD-00920,"FENOFIBRATE 200MG (FENOCARE) CAP X100",4805441925681,"Medicine / Pharmaceutical",BOX,3.45,417,06/26/2027
PRD-00921,"FENOFIBRATE 200MG CAP (FENOSAPH) X100",4801671971874,"Medicine / Pharmaceutical",BOX,2.66,4,08/31/2027
PRD-00922,"FENOFLEX 160MG TAB X30",4801199357068,"Medicine / Pharmaceutical",BOX,49.81,31,02/28/2027
PRD-00923,"FENORIX 200MG CAPX100",4801160163053,"Medicine / Pharmaceutical",PCS,2.48,532,05/31/2028
PRD-00924,"FENOSTAT 10MG/160MG TAB X30",4809281303251,"Medicine / Pharmaceutical",BOX,29.83,62,03/08/2027
PRD-00925,"FERALAC CAPX100",4800735506683,"Vitamins & Supplements",PCS,1.63,1012,09/03/2027
PRD-00926,"FERLIN DROPS 15ML",4807171018617,"Medicine / Pharmaceutical",BOTTLE,216.96,34,08/23/2028
PRD-00927,"FERLIN SYRUP 120ML",4800205237720,"Medicine / Pharmaceutical",BOTTLE,460.65,9,02/16/2028
PRD-00928,"FERLIN VITA SYR 100ML",4807692015091,"Medicine / Pharmaceutical",BOTTLE,442.15,2,08/14/2027
PRD-00929,"FERN C PLUS CAP X100",4806640556632,"Medicine / Pharmaceutical",BOX,10.41,25,03/03/2028
PRD-00930,"FERN-C 568.18MG CAP X30",4803173059453,"Medicine / Pharmaceutical",BOX,10.88,75,12/30/2027
PRD-00931,"FERN-C CAP X30",4803283657259,"Medicine / Pharmaceutical",BOX,9.3,41,03/07/2027
PRD-00932,"FERROLIC TAB",4809040480592,"Medicine / Pharmaceutical",BOX,0.85,715,02/27/2028
PRD-00933,"FERROUS + FOLIC CAP (FERLUM PLUS) X100",4800680052083,"Vitamins & Supplements",BOX,1.12,75,07/03/2027
PRD-00934,"FERROUS SO4 325MG TAB (FERRICORE) X100",4808873476605,"Vitamins & Supplements",BOX,0.73,3239,04/09/2028
PRD-00935,"FESO4 + FOLIC 300MG/250MCG TAB (FEROLITAB) X100",4802820619867,"Vitamins & Supplements",BOX,1.04,1631,08/06/2028
PRD-00936,"FEVERBLES 150MG/ML",4806467385370,"Medicine / Pharmaceutical",PCS,12.94,40,06/19/2026
PRD-00937,"FEVERBLES 150MG/ML  X10AMP",4808812723201,"Medicine / Pharmaceutical",PCS,12.06,1,06/03/2027
PRD-00938,"FINASTERIDE 5MG (SAPHTERIDE) TAB X100",4806543747200,"Medicine / Pharmaceutical",BOX,5.43,953,02/11/2028
PRD-00939,"FIONA COLOGNE BUBBLY PINK 100ML",4809425596964,"Personal Care",BOTTLE,51.51,3,08/21/2028
PRD-00940,"FIONA COLOGNE BUBBLY PINK 50ML",4802471511796,"Personal Care",BOTTLE,32.2,7,08/21/2028
PRD-00941,"FIONA COLOGNE PRETTY 50ML",4801393185834,"Personal Care",BOTTLE,31.06,7,11/23/2027
PRD-00942,"FIONA COLOGNE PRETTY MIST 100ML",4800707874589,"Personal Care",BOTTLE,53.03,21,03/22/2028
PRD-00943,"FIONA COLOGNE PRETTY MIST 50ML",4803805765751,"Personal Care",BOTTLE,30.47,2,03/13/2028
PRD-00944,"FIONA COLOGNE RASPBERRY 100ML",4803403565157,"Personal Care",BOTTLE,48.0,28,05/04/2028
PRD-00945,"FIONA COLOGNE RASPBERRY 50ML",4807589146755,"Personal Care",BOTTLE,31.95,16,09/11/2027
PRD-00946,"FIONA COLOGNE ROSY RED 100ML",4807327650795,"Personal Care",BOTTLE,54.51,19,01/22/2028
PRD-00947,"FIONA COLOGNEROSY RED 50ML",4807272153756,"Personal Care",BOTTLE,32.9,5,04/11/2027
PRD-00948,"FISH OIL WEBBER 1000MG",4803552265343,"Vitamins & Supplements",PCS,5.44,2,04/23/2027
PRD-00949,"FISHERMANS FRIEND MANDARIN & GINGER 25G",4806944569427,"Snacks & Confectionery",PACK,66.31,3,11/09/2026
PRD-00950,"FISHERMANS FRIENDS ORIG 25G",4803022301088,"Snacks & Confectionery",PACK,70.08,1,03/09/2026
PRD-00951,"FISSAN PRICKLY HEAT EXTRA COOL POWDER 100G",4802770889099,"Baby Care",PACK,168.33,12,03/06/2027
PRD-00952,"FISSAN PRICKLY HEAT POWDER 100G",4803032962874,"Baby Care",PACK,143.08,6,02/03/2029
PRD-00953,"FIX CLAY DOH MOLDING CLAY 25G",4808977486924,"General Merchandise",PACK,50.08,15,12/18/2027
PRD-00954,"FIX CLAY DOH SACHET 4G",4804420666225,"General Merchandise",SACHET,5.68,51,11/06/2026
PRD-00955,"FIXCOM 4 TAB X80",4805010353502,"Medicine / Pharmaceutical",BOX,13.0,39,12/29/2027
PRD-00956,"FLAGYL 125MG/5ML SUSP 60ML",4804045422600,"Medicine / Pharmaceutical",BOTTLE,190.26,11,01/13/2028
PRD-00957,"FLAGYL FORTE 500MG TAB X100",4800696169422,"Medicine / Pharmaceutical",BOX,51.85,20,02/17/2028
PRD-00958,"FLAGYSTATIN 500MG/100,000 I.U",4800423296554,"Medicine / Pharmaceutical",PCS,220.67,2,01/19/2028
PRD-00959,"FLANAX 275MG TAB X500",4802936028052,"Medicine / Pharmaceutical",BOX,13.88,53,05/03/2028
PRD-00960,"FLANAX FTE 550MG TAB X250",4801377542628,"Medicine / Pharmaceutical",BOX,27.94,852,03/20/2028
PRD-00961,"FLANAX PLUS TOPICAL GEL 25G",4806347827402,"Medicine / Pharmaceutical",PACK,225.16,0,09/17/2026
PRD-00962,"FLEXIPRO CAPSULE",4803142865661,"Vitamins & Supplements",PCS,41.08,250,11/22/2026
PRD-00963,"FLOART DROPS 30ML",4809109440041,"Medicine / Pharmaceutical",BOTTLE,156.56,0,07/21/2028
PRD-00964,"FLOTERA 100M CFU 0.3G",4802836126778,"Vitamins & Supplements",PACK,49.27,32,06/16/2027
PRD-00965,"FLOTERA CHEWABLE TAB X100",4804217588491,"Vitamins & Supplements",BOX,47.32,8,09/03/2027
PRD-00966,"FLUCONAZOLE 150MG (FLUCONOBAS) CAP X5",4801482789277,"Medicine / Pharmaceutical",BOX,16.73,4,11/09/2028
PRD-00967,"FLUCONAZOLE 150MG (SAPHLUCAZ) CAP X12",4803635011695,"Medicine / Pharmaceutical",BOX,8.21,100,07/31/2027
PRD-00968,"FLUIMUCIL EFF TAB 600MG X30",4804140322805,"Medicine / Pharmaceutical",BOX,38.48,1078,11/29/2028
PRD-00969,"FLUIMUCIL SACHET 100MG X30",4800032545020,"Medicine / Pharmaceutical",SACHET,14.5,272,01/17/2028
PRD-00970,"FLUIMUCIL SACHET 200MG X30",4804573635039,"Medicine / Pharmaceutical",SACHET,19.75,398,03/10/2028
PRD-00971,"FLUOCINOLONE (APLOSYN -25) 5G",4800526721134,"Medicine / Pharmaceutical",PACK,142.39,1,01/29/2027
PRD-00972,"FOLART 5MG CAP X100",4800461288745,"Medicine / Pharmaceutical",BOX,12.99,342,08/27/2027
PRD-00973,"FOLART SYR 5MG/5ML",4808391882993,"Medicine / Pharmaceutical",BOTTLE,147.57,13,11/13/2027
PRD-00974,"FOLIC ACID 5MG CAP (INFACARE) X100",4800878586679,"Vitamins & Supplements",BOX,1.39,1040,03/09/2028
PRD-00975,"FORTI-D 800IU SG CAPSULE",4802253208205,"Vitamins & Supplements",PCS,8.29,37,10/08/2027
PRD-00976,"FORTIMA TAB X30",4802007290007,"Medicine / Pharmaceutical",BOX,13.8,5,09/23/2026
PRD-00977,"FORXIGA 10MG TAB X28",4804577485214,"Medicine / Pharmaceutical",BOX,39.21,246,05/27/2027
PRD-00978,"FOSKINA B OINT 5G",4806830360182,"Medicine / Pharmaceutical",PACK,534.17,3,11/14/2027
PRD-00979,"FOSKINA OINT 5G",4807568570347,"Medicine / Pharmaceutical",PACK,334.26,9,04/06/2027
PRD-00980,"FREDTOR 80MG",4802836062669,"Medicine / Pharmaceutical",PCS,3.1,683,01/12/2028
PRD-00981,"FRUIT LOLLIES GRAPE",4800359438635,"Snacks & Confectionery",PCS,9.45,115,02/08/2027
PRD-00982,"FRUIT LOLLIES GREEN APPLE",4805411812236,"Snacks & Confectionery",PCS,9.24,100,04/29/2027
PRD-00983,"FRUIT LOLLIES LEMON",4804496067653,"Snacks & Confectionery",PCS,8.8,6,06/29/2026
PRD-00984,"FRUIT LOLLIES WATERMELON",4809300104998,"Snacks & Confectionery",PCS,9.36,79,11/08/2026
PRD-00985,"FUNGISOL 4ML",4801819016550,"Medicine / Pharmaceutical",BOTTLE,208.21,9,06/13/2027
PRD-00986,"FURAZOLIDONE 50MG/15ML SYR (URAZOLE) 60ML",4801710076377,"Medicine / Pharmaceutical",BOTTLE,29.93,44,06/08/2027
PRD-00987,"FUROSEMIDE 20MG TAB (DM) X100",4809246846628,"Medicine / Pharmaceutical",BOX,0.46,498,12/23/2027
PRD-00988,"FUROSEMIDE 40MG (UROMID) TAB X100",4802155252343,"Medicine / Pharmaceutical",BOX,0.57,353,01/09/2028
PRD-00989,"FUROSEMIDE 40MG TAB (FUSEDEX) X100",4803112867135,"Medicine / Pharmaceutical",BOX,0.57,487,09/29/2027
PRD-00990,"FUROSEMIDE AMP (FUROSAM) 2ML X10",4803007901950,"Medicine / Pharmaceutical",BOTTLE,5.75,7,09/01/2027
PRD-00991,"G. CROSS ETHYL 70% W/ MOIST 150ML",4804566321594,"Medicine / Pharmaceutical",BOTTLE,38.72,2,06/08/2027
PRD-00992,"G. CROSS ETHYL 70% W/ MOIST 500ML",4804711141511,"Medicine / Pharmaceutical",BOTTLE,108.0,2,09/25/2026
PRD-00993,"G. CROSS ISOPROPYL 70% W/ MOIST 150ML",4809659277411,"Medicine / Pharmaceutical",BOTTLE,40.56,29,06/04/2028
PRD-00994,"G. CROSS ISOPROPYL 70% W/ MOIST 250ML",4802635809013,"Medicine / Pharmaceutical",BOTTLE,57.67,53,11/04/2027
PRD-00995,"G. CROSS ISOPROPYL 70% W/ MOIST 300ML SPRAY",4801696021446,"Medicine / Pharmaceutical",BOTTLE,97.67,5,09/13/2027
PRD-00996,"G. CROSS ISOPROPYL 70% W/ MOIST 500ML",4806787611241,"Medicine / Pharmaceutical",BOTTLE,100.81,104,03/04/2028
PRD-00997,"G. CROSS ISOPROPYL 70% W/ MOIST 60ML",4805646797959,"Medicine / Pharmaceutical",BOTTLE,25.71,30,05/27/2028
PRD-00998,"GALVUS MET 50MG/850MG TABX30",4807654621945,"Medicine / Pharmaceutical",PCS,43.57,22,09/17/2027
PRD-00999,"GALVUSMET 50/500MG TAB X30",4807195219336,"Medicine / Pharmaceutical",BOX,40.69,12,12/03/2026
PRD-01000,"GARDAN 500MG TAB X40",4800119180627,"Medicine / Pharmaceutical",BOX,40.61,186,12/29/2027
PRD-01001,"GARNIER LIGHT/VIT C SERUM CREAM 7ML",4805996122049,"Personal Care",BOTTLE,54.3,10,08/16/2027
PRD-01002,"GARNIER LIGHT/VIT C SERUM CREAM 7ML RESEAL",4807698850499,"Personal Care",BOTTLE,70.62,9,06/17/2028
PRD-01003,"GARNIER MICELLAR SALICYLIC 125ML",4804501528110,"Personal Care",BOTTLE,151.15,2,08/14/2026
PRD-01004,"GARNIER MICELLAR SENSITIVE 125ML",4808724949165,"Personal Care",BOTTLE,163.57,1,12/26/2027
PRD-01005,"GARNIER MICELLAR VITAMIN C 125ML",4804223195646,"Vitamins & Supplements",BOTTLE,163.76,5,05/30/2027
PRD-01006,"GARNIER MICELLAR WATER IN OIL 125ML",4806333929202,"Personal Care",BOTTLE,177.03,1,08/14/2027
PRD-01007,"GARNIER SALICYLIC DTC 7ML",4803563721269,"Personal Care",BOTTLE,73.06,2,12/17/2027
PRD-01008,"GARNIER SLEEPING MASK 7ML",4807913735653,"Personal Care",BOTTLE,68.55,8,10/17/2027
PRD-01009,"GARNIER VIT C SERUM CREAM 7ML",4800460219219,"Vitamins & Supplements",BOTTLE,44.15,6,02/22/2028
PRD-01010,"GARNIER VITAMIN C DTC 7ML",4804556620439,"Vitamins & Supplements",BOTTLE,76.65,1,03/17/2028
PRD-01011,"GATORADE 350ML X24",4808433197937,"Water & Beverages",BOTTLE,54.14,10,06/25/2027
PRD-01012,"GATORADE BLUE 500ML",4804424175216,"Water & Beverages",BOTTLE,51.74,140,10/30/2027
PRD-01013,"GATORADE BLUE BOLT 1.5L",4800069911135,"Water & Beverages",PCS,125.83,3,07/04/2027
PRD-01014,"GATSBY WAX HARD&FREE 25G",4807807519811,"Personal Care",PACK,54.78,4,07/07/2027
PRD-01015,"GATSBY WAX HARD&FREE 75G",4802755283933,"Personal Care",PACK,117.38,2,07/13/2026
PRD-01016,"GATSBY WAX KMAT&HARD 25G",4805923573378,"Personal Care",PACK,52.99,2,08/07/2027
PRD-01017,"GATSBY WAX POWER SPIKES 25G",4804048419646,"Personal Care",PACK,55.82,1,01/22/2028
PRD-01018,"GATSBY WAX THC NORMAL 6G",4805163848174,"Personal Care",PACK,4.23,4,03/14/2027
PRD-01019,"GATSBY WAX ULT SHAGGY 25G",4802638678581,"Personal Care",PACK,54.28,3,03/07/2027
PRD-01020,"GATSBY WAX WATERGLOSS SUPER HARD 8G",4805834741794,"Personal Care",PACK,4.2,4,05/03/2027
PRD-01021,"GAUZE BANDAGE 2X10YDS (SURGITECH) 12S",4806274884996,"Medical Supplies & Devices",PCS,8.42,0,07/22/2026
PRD-01022,"GAUZE BANDAGE 3X10 YD (SURGITECH) X12",4802368355864,"Medical Supplies & Devices",PCS,12.75,53,07/20/2027
PRD-01023,"GAUZE BANDAGE 3X10 YD X12 SUREGUARD",4805868820906,"Medical Supplies & Devices",PCS,14.95,0,06/22/2026
PRD-01024,"GAUZE BANDAGE 4X10 (SURGITECH) X12",4803153868951,"Medical Supplies & Devices",PCS,14.02,110,08/01/2027
PRD-01025,"GAUZE BANDAGE 4X10 YARDS (PARTNERS)",4807677457907,"Medical Supplies & Devices",PCS,14.49,27,06/16/2027
PRD-01026,"GAUZE BANDAGE 4X10 YARDS SUREGUARD",4807612524573,"Medical Supplies & Devices",PCS,15.04,4,03/22/2027
PRD-01027,"GAUZE PAD 2X2 (SURGITECH) X100",4801835684811,"Medical Supplies & Devices",PCS,1.8,114,01/20/2028
PRD-01028,"GAUZE PAD 4X4 (I-SHIELD) X100",4802807387390,"Medical Supplies & Devices",PCS,2.57,44,02/28/2027
PRD-01029,"GAUZE PAD 4X4 (SUREGUARD) X100",4809154744541,"Medical Supplies & Devices",PCS,2.79,756,04/09/2028
PRD-01030,"GAUZE PAD 4X4 (SURGITECH) X100",4800303754004,"Medical Supplies & Devices",PCS,3.15,362,05/29/2027
PRD-01031,"GAUZE PAD 4X4(INDOPLUS) X100",4805334162880,"Medical Supplies & Devices",PCS,2.67,73,10/20/2027
PRD-01032,"GAVISCON DOUBLE ACTION TAB X8",4802161999877,"Medicine / Pharmaceutical",BOX,26.83,131,11/03/2027
PRD-01033,"GAVISCON DOULE ACTION SACH 10ML",4801513714920,"Medicine / Pharmaceutical",BOTTLE,40.87,570,04/30/2028
PRD-01034,"GAVISCON SUSP SACHET 10ML",4802577360105,"Medicine / Pharmaceutical",BOTTLE,41.2,123,08/28/2027
PRD-01035,"GAVISCON TAB X8",4809312305532,"Medicine / Pharmaceutical",BOX,23.31,89,05/03/2028
PRD-01036,"GENTAM 40MG/ML AMPX10",4800255640911,"Medicine / Pharmaceutical",PCS,6.13,200,04/28/2028
PRD-01037,"GENTAMICIN OPTH SOLN (KLONTAR) 5ML",4801459362422,"Medicine / Pharmaceutical",BOTTLE,107.17,7,06/20/2027
PRD-01038,"GETRYL 1MG TAB X20",4800282449336,"Medicine / Pharmaceutical",BOX,13.65,99,04/27/2028
PRD-01039,"GETRYL 2MG TAB X20",4801220678512,"Medicine / Pharmaceutical",BOX,18.85,17,02/15/2028
PRD-01040,"GETRYL 3MG TAB X20",4800303489603,"Medicine / Pharmaceutical",BOX,27.74,9,10/30/2027
PRD-01041,"GETRYL 4MG TAB X20",4803845879591,"Medicine / Pharmaceutical",BOX,36.92,6,11/21/2027
PRD-01042,"GETZAR 50MG TAB X100",4803635738455,"Medicine / Pharmaceutical",BOX,20.72,53,05/27/2027
PRD-01043,"GILLETTE BLADE 6S",4808852564571,"Personal Care",PCS,12.81,28,06/16/2027
PRD-01044,"GILLETTE BLUE 2 FLEXI",4808614066292,"Personal Care",PCS,35.03,35,06/18/2027
PRD-01045,"GILLETTE RUBIE BLACK",4808212384499,"Personal Care",PCS,37.31,2,08/04/2027
PRD-01046,"GILLETTE RUBIE II YELLOW",4803789472538,"Personal Care",PCS,31.01,21,10/04/2027
PRD-01047,"GLIBENCLAMIDE 50MG  (GLIMIDE) TAB X100",4800696225566,"Medicine / Pharmaceutical",BOX,0.3,50,10/31/2028
PRD-01048,"GLICLAZIDE 30MG (MELANOV MR) TAB X100",4808608299530,"Medicine / Pharmaceutical",BOX,4.99,258,03/16/2027
PRD-01049,"GLICLAZIDE 60MG TAB (MELANOV MR) X100",4809309253112,"Medicine / Pharmaceutical",BOX,9.15,167,12/09/2027
PRD-01050,"GLICLAZIDE 60MG TAB (SAPHCLAZIDE-MR) X100",4809253821468,"Medicine / Pharmaceutical",BOX,3.95,132,12/17/2027
PRD-01051,"GLICLAZIDE 80MG (ZEBET) TAB X100",4809854998074,"Medicine / Pharmaceutical",BOX,1.27,811,01/02/2028
PRD-01052,"GLIFRED MR 30MG MR TAB",4809432964018,"Medicine / Pharmaceutical",BOX,2.38,201,08/29/2026
PRD-01053,"GLIFRED MR 60MG MR TABX30",4805341647646,"Medicine / Pharmaceutical",PCS,4.79,30,07/03/2027
PRD-01054,"GLIMEPERIDE 2MG TAB (DIANOV)X100",4806257415394,"Medicine / Pharmaceutical",BOX,0.93,325,10/22/2028
PRD-01055,"GLIMEPIRIDE (AMARA) 4MG X100 TAB",4802611848902,"Medicine / Pharmaceutical",BOX,16.02,45,10/29/2026
PRD-01056,"GLIMESAPH 2MG TAB X100",4803730756217,"Medicine / Pharmaceutical",BOX,1.21,4,07/01/2028
PRD-01057,"GLIMESAPH 3MG X100",4809594389492,"Medicine / Pharmaceutical",PCS,1.73,218,09/30/2027
PRD-01058,"GLIMESAPH 4MG X100",4807236409212,"Medicine / Pharmaceutical",PCS,3.05,119,01/09/2027
PRD-01059,"GLIPINOVA 50MG TABX30",4804160352188,"Medicine / Pharmaceutical",PCS,9.03,195,04/18/2028
PRD-01060,"GLIPTEN 20MG TAB X 30",4809011211238,"Medicine / Pharmaceutical",BOX,25.17,14,02/11/2027
PRD-01061,"GLUBITOR 80MG TAB X60",4808544081115,"Medicine / Pharmaceutical",BOX,11.37,7,10/16/2027
PRD-01062,"GLUBITOR-OD 30MG TAB X60",4806567013597,"Medicine / Pharmaceutical",BOX,12.54,92,03/23/2028
PRD-01063,"GLUCERNA 400G",4809742064574,"Milk & Dairy",PACK,1471.63,2,10/05/2027
PRD-01064,"GLUMET 1G TAB X100",4808185970495,"Medicine / Pharmaceutical",BOX,18.75,57,12/26/2026
PRD-01065,"GLUMET 500MG TAB X100",4802559562347,"Medicine / Pharmaceutical",BOX,12.86,438,03/18/2028
PRD-01066,"GLUMET XR 500MG TAB",4801141151737,"Medicine / Pharmaceutical",BOX,15.9,41,01/04/2028
PRD-01067,"GLUTAPHOS TAB X100",4801772315019,"Medicine / Pharmaceutical",BOX,11.04,69,06/04/2028
PRD-01068,"GLYDOLAX ADULT SUPP 2.5GX12",4806652830454,"Medicine / Pharmaceutical",PCS,17.58,311,03/30/2028
PRD-01069,"GLYDOLAX FOR INFANTS 1.9G X12",4807210015775,"Medicine / Pharmaceutical",PACK,15.51,249,08/21/2027
PRD-01070,"GLYPRIDE 3MG",4805686166474,"Medicine / Pharmaceutical",PCS,1.45,768,06/22/2028
PRD-01071,"GLYXAMBI 25MG/5MG TABX30",4809987876216,"Medicine / Pharmaceutical",PCS,112.67,19,02/15/2027
PRD-01072,"GOLD BARS MOCHA BROWNIE",4803944811666,"Snacks & Confectionery",PCS,40.34,31,09/12/2026
PRD-01073,"GOZITHRAN 500MG X3TAB",4805352092961,"Medicine / Pharmaceutical",BOX,12.57,61,04/02/2027
PRD-01074,"GRAND ADULT DIAPER L2",4805529037732,"Personal Care",PCS,54.87,3,10/11/2027
PRD-01075,"GRAND ADULT DIAPER L8",4806902589231,"Personal Care",PCS,208.54,2,12/15/2027
PRD-01076,"GRAND ADULT DIAPER M10",4804131366463,"Personal Care",PCS,229.18,5,05/12/2028
PRD-01077,"GRAND ADULT DIAPER M2",4808662465105,"Personal Care",PCS,49.39,5,08/11/2028
PRD-01078,"GROWEE DROPS 15ML",4801619318385,"Vitamins & Supplements",BOTTLE,111.92,3,03/09/2028
PRD-01079,"GROWEE SYRUP 120ML",4806407130437,"Vitamins & Supplements",BOTTLE,217.93,17,12/09/2027
PRD-01080,"GYNEPRO FEM WASH 150ML",4808836173316,"Medicine / Pharmaceutical",BOTTLE,248.07,1,01/17/2028
PRD-01081,"GYNEPRO FEM WASH 60ML",4802833339397,"Medicine / Pharmaceutical",BOTTLE,105.87,32,06/23/2028
PRD-01082,"HAILEYS TAWAS MENTHOLATED 50G X12",4806428067772,"Personal Care",PACK,19.57,1,08/22/2026
PRD-01083,"HAILEYS TAWAS POWDER BRIGHTENING 50G X12",4801320620839,"Personal Care",PACK,18.69,13,11/02/2028
PRD-01084,"HAILEYS TAWAS SOFT&SCENTED 50G X12",4803309234681,"Personal Care",PACK,15.84,218,01/22/2028
PRD-01085,"HAILEYS TAWAS UNSCENTED 50G X12",4801326145831,"Personal Care",PACK,17.63,39,08/04/2027
PRD-01086,"HAIR BLACKENING BLACK X8",4805794363716,"Personal Care",PCS,6.96,69,01/04/2028
PRD-01087,"HANA SHAMPOO GREEN FRESH B1T1 200ML",4806427039772,"Personal Care",BOTTLE,137.28,1,09/10/2027
PRD-01088,"HAPEE KIDDIE TP APPLE 62G",4803002317824,"Personal Care",PACK,68.27,4,07/02/2027
PRD-01089,"HAPEE KIDDIE TP GRAPE 62G",4800884285029,"Personal Care",PACK,60.71,1,02/27/2027
PRD-01090,"HAPEE KIDDIE TP ORANGE SQUEZE 62G",4807573962964,"Personal Care",PACK,63.26,1,02/14/2027
PRD-01091,"HAPEE KIDDIE TP TUTTI FRUTTI 62G",4809901413678,"Personal Care",PACK,72.0,3,09/02/2027
PRD-01092,"HAPPY COTTON 10G",4802411010977,"Medical Supplies & Devices",PACK,5.86,439,03/11/2028
PRD-01093,"HAPPY COTTON 40G",4801157960656,"Medical Supplies & Devices",PACK,21.8,157,06/11/2027
PRD-01094,"HAPPY COTTON 80G",4807663806541,"Medical Supplies & Devices",PACK,42.82,50,05/11/2027
PRD-01095,"HAPPY COTTON BALLS 150",4803534588488,"Medical Supplies & Devices",PCS,39.07,37,01/05/2028
PRD-01096,"HAPPY COTTON BALLS 50S",4808599885296,"Medical Supplies & Devices",PCS,13.94,9,11/21/2027
PRD-01097,"HAPPY PANTS 3XL 12S",4803801123392,"Baby Care",PCS,157.78,39,09/02/2027
PRD-01098,"HAPPY PANTS L12",4806783667060,"Baby Care",PCS,119.78,22,10/21/2027
PRD-01099,"HAPPY PANTS L24",4808975066805,"Baby Care",PCS,248.88,9,04/09/2027
PRD-01100,"HAPPY PANTS M12",4805498979427,"Baby Care",PCS,103.97,17,06/20/2027
PRD-01101,"HAPPY PANTS M24",4800042781409,"Baby Care",PCS,198.48,17,11/30/2027
PRD-01102,"HAPPY PANTS XL12",4807790343565,"Baby Care",PCS,136.53,30,06/28/2027
PRD-01103,"HAPPY PANTS XL24",4809753240360,"Baby Care",PCS,241.68,5,04/20/2028
PRD-01104,"HAPPY PANTS XXL12",4804863632799,"Baby Care",PCS,141.86,22,11/09/2027
PRD-01105,"HAPPY PANTS XXL24",4809044646406,"Baby Care",PCS,268.42,12,06/30/2027
PRD-01106,"HAPPY PANTS XXXL24",4804963057354,"Baby Care",PCS,302.11,16,10/02/2027
PRD-01107,"HARFURIN 100MG CAP X100",4803412047285,"Medicine / Pharmaceutical",BOX,2.61,83,09/02/2026
PRD-01108,"HEAD N SHOULDER SHAMP COOL 12ML",4803860348995,"Medicine / Pharmaceutical",BOTTLE,7.77,14,12/05/2026
PRD-01109,"HEAD N SHOULDER SHAMP COOL 170ML",4804764802229,"Medicine / Pharmaceutical",BOTTLE,166.12,2,04/05/2027
PRD-01110,"HEAD N SHOULDER SHAMP COOL 70ML",4807777794369,"Medicine / Pharmaceutical",BOTTLE,100.07,1,11/22/2027
PRD-01111,"HEAD N SHOULDER SHAMP SMOOTH 12ML",4808256853995,"Medicine / Pharmaceutical",BOTTLE,8.02,27,08/04/2028
PRD-01112,"HEAD N SHOULDER SHAMP SMOOTH 170ML",4805075188222,"Medicine / Pharmaceutical",BOTTLE,169.36,1,05/05/2027
PRD-01113,"HEAD N SHOULDER SHAMP SMOOTH 70ML",4800359553016,"Medicine / Pharmaceutical",BOTTLE,106.92,1,03/05/2027
PRD-01114,"HELTINE CAPSULE X100",4806792772744,"Vitamins & Supplements",PCS,17.54,147,06/17/2027
PRD-01115,"HELTINE SYRUP 120ML",4806662459946,"Vitamins & Supplements",BOTTLE,306.82,10,09/23/2027
PRD-01116,"HEMARATE FA TAB X100",4800652147887,"Medicine / Pharmaceutical",BOX,30.98,32,10/30/2027
PRD-01117,"HEMOSTAN 500MG CAP X100",4809061244009,"Medicine / Pharmaceutical",BOX,57.31,171,10/23/2028
PRD-01118,"HEPATEK DS CAPX30",4806547322886,"Vitamins & Supplements",PCS,61.52,44,06/11/2027
PRD-01119,"HEPATEK X30 CAP",4809070082116,"Vitamins & Supplements",BOX,39.36,445,06/27/2028
PRD-01120,"HER BENCH SO IN LOVE  100ML",4800480678369,"Personal Care",BOTTLE,158.51,38,07/02/2028
PRD-01121,"HER BENCH SO IN LOVE 50ML",4808679857324,"Personal Care",BOTTLE,86.53,1,02/07/2027
PRD-01122,"HERACLENE 1MG TAB X100",4809599008435,"Medicine / Pharmaceutical",BOX,21.62,28,03/04/2028
PRD-01123,"HERACLENE FORTE 3MG CAP",4803684199646,"Medicine / Pharmaceutical",BOX,56.83,19,02/06/2028
PRD-01124,"HERAGEST 200MG GEL  CAP",4801728683349,"Medicine / Pharmaceutical",BOX,83.84,109,09/01/2027
PRD-01125,"HERBYCIN 125MG/5ML SYR 120ML",4804169624957,"Medicine / Pharmaceutical",BOTTLE,174.11,1,06/04/2026
PRD-01126,"HI-KIDZ SYRUP 120ML",4807401739069,"Medicine / Pharmaceutical",BOTTLE,211.87,0,10/21/2027
PRD-01127,"HIDRASEC 100MG CAP X20",4806843690322,"Medicine / Pharmaceutical",BOX,70.14,133,09/29/2028
PRD-01128,"HIDRASEC 10MG SACH X16",4809323579124,"Medicine / Pharmaceutical",PCS,63.15,26,11/11/2028
PRD-01129,"HIDRASEC 30MG SACH X30",4807576306314,"Medicine / Pharmaceutical",PCS,78.07,69,09/18/2027
PRD-01130,"HIGH ENDURANCE FRESH 14G",4802415643663,"Personal Care",PACK,111.8,17,02/16/2028
PRD-01131,"HIGH ENDURANCE PURE SPORT 14G",4806059999072,"Personal Care",PACK,109.3,24,01/16/2028
PRD-01132,"HISTADINE 10MG TAB X100",4809305756564,"Medicine / Pharmaceutical",BOX,1.72,158,05/28/2027
PRD-01133,"HISTAKON 16MG TAB X100",4805380145199,"Medicine / Pharmaceutical",BOX,2.3,1018,12/12/2027
PRD-01134,"HISTAKON 24MG TAB",4804272820152,"Medicine / Pharmaceutical",BOX,8.58,256,02/29/2028
PRD-01135,"HISTAKON 8MG TAB X100",4806856658554,"Medicine / Pharmaceutical",BOX,1.53,228,05/31/2027
PRD-01136,"HONEYMOON TEA 4G",4807564167617,"Vitamins & Supplements",PACK,58.14,51,05/25/2028
PRD-01137,"HYDRITE GRAN APPLE 4.1G X100",4808456485428,"Medicine / Pharmaceutical",PACK,21.79,307,11/02/2027
PRD-01138,"HYDRITE GRAN BANANA 4.1G X100",4802051649180,"Medicine / Pharmaceutical",PACK,21.33,88,01/08/2027
PRD-01139,"HYDRITE GRAN UNFLAVORED 4.1G X100",4805964840426,"Medicine / Pharmaceutical",PACK,19.74,18,12/08/2026
PRD-01140,"HYDROCORTISONE (CENTRAMED) CREAM 10G",4801493352203,"Medicine / Pharmaceutical",TUBE,57.3,18,02/03/2028
PRD-01141,"HYDROCORTISONE (QORTISOL) 100MG VIAL",4804969504517,"Medicine / Pharmaceutical",PCS,36.17,5,06/21/2027
PRD-01142,"HYDROCORTISONE 1% CRM (HOVICOR) 15G",4801342726255,"Medicine / Pharmaceutical",PACK,113.12,7,10/02/2026
PRD-01143,"HYDROCORTISONE INJ (LYCORTIS) 100MG",4802025574993,"Medicine / Pharmaceutical",PCS,37.16,0,12/03/2027
PRD-01144,"HYGIENIX GERM KILL ALCOHOL 500ML",4801973375689,"Medical Supplies & Devices",BOTTLE,74.99,2,09/04/2026
PRD-01145,"HYGIENIX ISOPROPYL SPRAY 250ML",4804210798990,"Medical Supplies & Devices",BOTTLE,81.65,3,06/03/2026
PRD-01146,"HYOPAN 10MG TAB X100",4804563810247,"Medicine / Pharmaceutical",BOX,2.66,494,07/31/2028
PRD-01147,"HYOSCINE (HYOSAPH) AMP 1ml X10",4805551405716,"Medicine / Pharmaceutical",BOTTLE,16.54,31,10/26/2027
PRD-01148,"HYOSCINE (HYOSUR) AMP  20MG/ML",4807704599167,"Medicine / Pharmaceutical",PCS,17.63,36,02/07/2028
PRD-01149,"HYOSCINE (SPASBASCINE) AMP  20MG/ML",4801461923754,"Medicine / Pharmaceutical",PCS,14.47,33,04/07/2027
PRD-01150,"HYOSCINE 1MG/ML SYR (HYOSPAN) 60ML",4805887163882,"Medicine / Pharmaceutical",BOTTLE,60.99,7,03/10/2028
PRD-01151,"HYPACE 10MG",4804886208179,"Medicine / Pharmaceutical",PCS,15.49,104,11/18/2027
PRD-01152,"HYPACE 20MG",4803753151327,"Medicine / Pharmaceutical",PCS,19.76,22,01/29/2028
PRD-01153,"HYPACE 5MG",4808529118078,"Medicine / Pharmaceutical",PCS,12.04,9,01/26/2027
PRD-01154,"HYPANTS  ADULT UNDERWEAR L10",4804496805315,"Personal Care",PCS,275.4,13,03/14/2028
PRD-01155,"HYPANTS  ADULT UNDERWEAR M10",4801367590223,"Personal Care",PCS,240.08,39,01/20/2028
PRD-01156,"HYPANTS ADULT UNDERWEAR XL10",4801501356239,"Personal Care",PCS,354.67,1,11/07/2027
PRD-01157,"HYTAZ 12.5MG TAB X200",4805182239160,"Medicine / Pharmaceutical",BOX,6.57,103,07/13/2027
PRD-01158,"IBERET ACTIVE TAB X100",4802657218780,"Medicine / Pharmaceutical",BOX,43.55,21,02/08/2028
PRD-01159,"IBERET FOLIC TAB X100",4805093562307,"Vitamins & Supplements",BOX,43.75,202,08/18/2027
PRD-01160,"IBUPROFEN 200MG (PENFRO) 60ML",4805919368238,"Medicine / Pharmaceutical",BOTTLE,38.6,15,03/12/2027
PRD-01161,"IBUPROFEN 400MG TAB (FEVRAL) X100",4809978625551,"Medicine / Pharmaceutical",BOX,1.3,69,02/22/2027
PRD-01162,"ICE BAG NO.6",4801813424011,"Medical Supplies & Devices",PCS,90.97,1,09/18/2027
PRD-01163,"ICOLOR BLACK 30ML",4806091934723,"Medicine / Pharmaceutical",BOTTLE,64.41,22,02/06/2027
PRD-01164,"ICOLOR C.BROWN 30ML",4801948517122,"Medicine / Pharmaceutical",BOTTLE,82.77,3,05/27/2027
PRD-01165,"ICOLOR DARK BROWN 30ML",4803560527466,"Medicine / Pharmaceutical",BOTTLE,77.55,11,08/14/2027
PRD-01166,"ICOLOR LIGHT BROWN 30ML",4806334631508,"Medicine / Pharmaceutical",BOTTLE,75.98,4,02/03/2027
PRD-01167,"ICOLOR MED BROWN 30ML",4801700368981,"Medicine / Pharmaceutical",BOTTLE,67.36,10,02/06/2027
PRD-01168,"IMMUMAX CAP X100",4807319287827,"Medicine / Pharmaceutical",BOX,1.14,415,06/23/2027
PRD-01169,"IMMUNOMAX 10MG CAP X30",4801999805893,"Medicine / Pharmaceutical",BOX,20.55,24,09/04/2028
PRD-01170,"IMMUNOMAX 10MG SYRUP",4802892441237,"Medicine / Pharmaceutical",BOTTLE,472.89,3,06/19/2027
PRD-01171,"IMMUNOMAX FORTE 30MG CAP X30",4800729436734,"Medicine / Pharmaceutical",BOX,56.58,4,03/21/2027
PRD-01172,"IMMUNOSIN SYR 60ML",4805750807259,"Medicine / Pharmaceutical",BOTTLE,340.79,7,11/19/2027
PRD-01173,"IMMUNPRO 500MG/10MG TAB X100",4807105372696,"Medicine / Pharmaceutical",BOX,9.15,1842,07/16/2027
PRD-01174,"IMMUNPRO PRIME TAB X100",4807617012756,"Medicine / Pharmaceutical",BOX,14.22,19,08/16/2027
PRD-01175,"IMODIUM 2MG CAP X 200",4803875741885,"Medicine / Pharmaceutical",BOX,19.98,598,09/15/2027
PRD-01176,"IMUNOMAX CAP X30",4807913778136,"Medicine / Pharmaceutical",BOX,22.72,4,02/12/2027
PRD-01177,"INCENSO 10G",4804870220303,Household,PACK,9.64,17,01/06/2027
PRD-01178,"INDERAL 10MG TAB X100",4809816301376,"Medicine / Pharmaceutical",BOX,20.11,143,10/13/2028
PRD-01179,"IRBEQ 300MG TAB X100",4808691448741,"Medicine / Pharmaceutical",BOX,7.78,282,01/25/2028
PRD-01180,"IRBESARTAN  150MG (IRBEQ) X100 TAB",4805160832745,"Medicine / Pharmaceutical",BOX,3.98,546,07/24/2027
PRD-01181,"IRBESARTAN (IRBESAPH) 300MG TAB X100",4801854109294,"Medicine / Pharmaceutical",BOX,6.96,478,06/03/2027
PRD-01182,"IROPLUS SYR 10ML",4800088567319,"Medicine / Pharmaceutical",BOTTLE,117.27,5,01/30/2027
PRD-01183,"IROPLUS SYR 120ML",4803428763547,"Medicine / Pharmaceutical",BOTTLE,103.42,35,06/01/2027
PRD-01184,"ISMN 30MG (ISOLYTE) TAB X100",4802653327378,"Medicine / Pharmaceutical",BOX,3.05,251,07/24/2028
PRD-01185,"ISMN 60MG (ISOLYTE) TAB X100",4800941105018,"Medicine / Pharmaceutical",BOX,5.67,60,04/24/2027
PRD-01186,"ISMN 60MG (SAPHORBIDE) TAB X100",4800078044326,"Medicine / Pharmaceutical",BOX,3.11,136,02/24/2027
PRD-01187,"ISOPRINOSINE 250MG/5ML SYR 60ML",4808002512712,"Medicine / Pharmaceutical",BOTTLE,329.24,30,09/20/2027
PRD-01188,"ISOPRINOSINE 500MG TAB X100",4806499741213,"Medicine / Pharmaceutical",BOX,36.8,10,05/13/2027
PRD-01189,"ISORDIL 5MG TAB X100",4805122407316,"Medicine / Pharmaceutical",BOX,26.78,68,08/29/2026
PRD-01190,"IV CANNULA G18 CANCARE",4808888191285,"Medical Supplies & Devices",PCS,12.13,8,05/26/2027
PRD-01191,"IV CANNULA G20 CANCARE",4802411871526,"Medical Supplies & Devices",PCS,11.63,6,01/20/2028
PRD-01192,"IV CANNULA G22 HEXACARE X100",4801607439886,"Medical Supplies & Devices",PCS,12.3,6,09/01/2027
PRD-01193,"IV CANNULA G24 CATHY X100",4804150625811,"Medical Supplies & Devices",PCS,13.7,18,01/04/2028
PRD-01194,"IV CANNULA G26 X100",4804651768066,"Medical Supplies & Devices",PCS,14.24,4,06/20/2027
PRD-01195,"IV CANNULLA G.18",4808310535824,"Medical Supplies & Devices",PCS,0.0,1,12/22/2026
PRD-01196,"J&J BABY BATH 100ML",4802483268925,"Baby Care",BOTTLE,64.87,1,05/24/2027
PRD-01197,"J&J BABY OIL ALOE GR 125ML",4809909514163,"Baby Care",BOTTLE,145.02,18,06/04/2028
PRD-01198,"J&J BABY OIL ALOE GR 25ML",4807262602361,"Baby Care",BOTTLE,39.1,34,07/16/2027
PRD-01199,"J&J BABY OIL ALOE GR 50ML",4807683503318,"Baby Care",BOTTLE,70.13,28,07/14/2028
PRD-01200,"J&J BABY OIL LITE 125ML",4800187872166,"Baby Care",BOTTLE,143.64,18,05/04/2028
PRD-01201,"J&J BABY OIL LITE 25ML",4804062902006,"Baby Care",BOTTLE,37.06,56,08/16/2027
PRD-01202,"J&J BABY OIL LITE 50ML",4807763530184,"Baby Care",BOTTLE,73.81,38,12/19/2026
PRD-01203,"J&J BABY OIL REG PINK 25ML",4803982778388,"Baby Care",BOTTLE,29.28,71,04/11/2028
PRD-01204,"J&J BABY OIL REG PINK 50ML",4806174228135,"Baby Care",BOTTLE,56.51,60,07/28/2028
PRD-01205,"J&J BABY OIL REGULAR 125ML",4802009822493,"Baby Care",BOTTLE,124.41,9,06/14/2027
PRD-01206,"J&J BABY POWDER BEDTIME 100G",4806361369582,"Baby Care",PACK,91.17,3,10/27/2027
PRD-01207,"J&J BABY POWDER BEDTIME 25G",4807663845723,"Baby Care",PACK,31.42,2,08/28/2027
PRD-01208,"J&J BABY POWDER COOLING 50G",4806253012472,"Baby Care",PACK,35.88,0,02/03/2029
PRD-01209,"J&J BABY POWDER MILK&RICE 100G",4804051536755,"Baby Care",PACK,67.3,3,04/03/2027
PRD-01210,"J&J BABY POWDER MILK&RICE 25G",4803357675979,"Baby Care",PACK,20.28,2,04/03/2027
PRD-01211,"J&J BABY POWDER PRICKLY HEAT 50G",4804361411616,"Baby Care",PACK,33.43,0,01/29/2027
PRD-01212,"J&J BABY SHAMP CLEAN&FRESH 100ML",4807999384161,"Baby Care",BOTTLE,109.47,6,09/30/2028
PRD-01213,"J&J BABY SHAMP SHINY 100ML",4804119544555,"Baby Care",BOTTLE,117.42,13,12/16/2027
PRD-01214,"J&J BABY SHAMP SOFT&SMOOTH 100ML",4804717859996,"Baby Care",BOTTLE,106.79,3,12/16/2026
PRD-01215,"J&J BABY SOAP 60G",4806281716024,"Baby Care",PACK,27.49,7,11/02/2027
PRD-01216,"J&J BABY SOAP MILK 100G",4803103801478,"Baby Care",PACK,41.67,1,07/24/2026
PRD-01217,"J&J BABY SOAP MILK 120G",4809285709199,"Baby Care",PACK,58.67,12,08/16/2027
PRD-01218,"J&J BABY SOAP MILK 50G",4800888518891,"Baby Care",PACK,25.7,17,05/02/2027
PRD-01219,"J&J BABY SOAP MILK 60G",4802981062152,"Baby Care",PACK,21.88,2,09/27/2026
PRD-01220,"J&J BABY SOAP MILK 75G",4804916836707,"Baby Care",PACK,41.56,7,03/16/2027
PRD-01221,"J&J BABY SOAP PINK 120G",4805750965191,"Baby Care",PACK,65.84,10,11/16/2027
PRD-01222,"J&J BABY SOAP PINK 150G",4808846070530,"Baby Care",PACK,61.69,1,12/22/2027
PRD-01223,"J&J BABY SOAP PINK 50G",4801597508443,"Baby Care",PACK,27.65,11,11/26/2027
PRD-01224,"J&J BABY SOAP PINK 75G",4807502781146,"Baby Care",PACK,47.06,0,03/25/2027
PRD-01225,"J&J BABY SOAP WHITE 100G",4803958203860,"Baby Care",PACK,38.71,0,11/22/2027
PRD-01226,"J&J BATH MILK &RICE 100ML",4807766760796,"Medicine / Pharmaceutical",BOTTLE,79.16,40,01/25/2028
PRD-01227,"J&J COLOGNE MORNING DEW 125ML",4806657378385,"Personal Care",BOTTLE,117.46,5,08/17/2027
PRD-01228,"J&J COLOGNE MORNING DEW 50ML",4801843563009,"Personal Care",BOTTLE,54.87,9,02/10/2028
PRD-01229,"J&J COLOGNE POWDER 125ML",4803104342076,"Personal Care",BOTTLE,112.16,4,06/17/2028
PRD-01230,"J&J COLOGNE POWDER MIST 50ML",4803626852472,"Personal Care",BOTTLE,58.1,5,08/14/2027
PRD-01231,"J&J COLOGNE REGULAR 125ML",4800744374366,"Personal Care",BOTTLE,105.4,0,10/29/2026
PRD-01232,"J&J COLOGNE SLIDE 50ML",4803854570434,"Personal Care",BOTTLE,56.89,2,06/05/2028
PRD-01233,"J&J LOTION BEDTIME 100ML",4809290922124,"Medicine / Pharmaceutical",BOTTLE,166.36,2,02/01/2027
PRD-01234,"J&J LOTION MILK&RICE 100ML",4806865265762,"Medicine / Pharmaceutical",BOTTLE,130.25,6,08/11/2027
PRD-01235,"J&J LOTION PINK 100ML",4809741852098,"Medicine / Pharmaceutical",BOTTLE,98.34,1,12/21/2026
PRD-01236,"J&J POWDER BEDTIME 50G",4805472086746,"Baby Care",PACK,44.35,2,03/28/2027
PRD-01237,"J&J POWDER BLOSSOMS PINK 100G",4805448508300,"Baby Care",PACK,73.44,2,04/19/2027
PRD-01238,"J&J POWDER BLOSSOMS PINK 25G",4801286397245,"Baby Care",PACK,22.81,7,06/03/2029
PRD-01239,"J&J POWDER BLOSSOMS PINK 50G",4809604693630,"Baby Care",PACK,39.05,3,09/04/2027
PRD-01240,"J&J POWDER CLASSIC WHITE 25G",4803253668332,"Baby Care",PACK,21.86,10,07/01/2028
PRD-01241,"J&J POWDER CLASSIC WHITE 50G",4807663887985,"Baby Care",PACK,33.17,6,10/04/2028
PRD-01242,"J&J TOP TO TOE WASH 100ML",4805017731924,"Medicine / Pharmaceutical",BOTTLE,110.08,3,10/27/2026
PRD-01243,"J&J TOP TO TOE WASH 100ML (Y)",4801742618570,"Medicine / Pharmaceutical",BOTTLE,102.13,5,01/18/2028
PRD-01244,"JANUMET 50/500MG TAB X28",4809341567207,"Medicine / Pharmaceutical",BOX,31.94,228,06/03/2027
PRD-01245,"JARDIANCE 10MG TAB X30",4800834105458,"Medicine / Pharmaceutical",BOX,57.14,350,03/01/2028
PRD-01246,"JCHEMIE ACEITE ALCAMFORADO 60ML",4801991491982,"Medicine / Pharmaceutical",BOTTLE,26.21,8,12/24/2027
PRD-01247,"JCHEMIE ACEITE MANZANILLA 120ML",4807509158906,"Medicine / Pharmaceutical",BOTTLE,45.37,17,05/26/2027
PRD-01248,"JCHEMIE ACEITE MANZANILLA 60ML",4809547417633,"Medicine / Pharmaceutical",BOTTLE,26.13,56,10/26/2027
PRD-01249,"JCHEMIE AP-AP SOLN 15ML",4803216354126,"Medicine / Pharmaceutical",BOTTLE,14.12,9,09/23/2027
PRD-01250,"JCHEMIE AP-AP SOLN 60ML",4804593301898,"Medicine / Pharmaceutical",BOTTLE,25.3,16,02/16/2028
PRD-01251,"JCHEMIE AP-AP SOLUTION 30ML",4801148126752,"Medicine / Pharmaceutical",BOTTLE,18.75,7,09/16/2027
PRD-01252,"JCHEMIE EUGENOL 1.25MG 7.5ML",4806597354158,"Medicine / Pharmaceutical",BOTTLE,28.28,27,01/15/2028
PRD-01253,"JCHEMIE HYDROGEN PEROX 60ML",4809565478501,"Medicine / Pharmaceutical",BOTTLE,21.59,3,01/27/2027
PRD-01254,"JCHEMIE HYDROGEN PEROXIDE 120ML",4807181020508,"Medicine / Pharmaceutical",BOTTLE,25.94,75,07/26/2028
PRD-01255,"JCHEMIE HYDROGEN PEROXIDE 60ML",4806080118015,"Medicine / Pharmaceutical",BOTTLE,21.07,20,04/18/2028
PRD-01256,"JCHEMIE POVIDONE IODINE 120ML",4802453514582,"Medicine / Pharmaceutical",BOTTLE,73.44,3,05/21/2027
PRD-01257,"JCHEMIE POVIDONE IODINE 30ML",4805309386587,"Medicine / Pharmaceutical",BOTTLE,28.84,26,02/21/2028
PRD-01258,"JCHEMIE POVIDONE IODINE 60ML",4806032502823,"Medicine / Pharmaceutical",BOTTLE,43.4,15,07/26/2027
PRD-01259,"JCHEMIE SALICYLIC ACID 30ML",4809526366244,"Medicine / Pharmaceutical",BOTTLE,19.72,19,04/27/2027
PRD-01260,"JCHEMIE SALICYLIC ACID 60ML",4809889949528,"Medicine / Pharmaceutical",BOTTLE,24.91,72,07/16/2027
PRD-01261,"JIMMS 5IN1 COFFEE REGULAR X20",4804594447367,"Water & Beverages",PCS,13.1,17,04/26/2028
PRD-01262,"JIMMS 5IN1 COFFEE SUGAR FREE X20",4803454368422,"Water & Beverages",PCS,16.16,138,01/04/2027
PRD-01263,"JIMMS 7IN1 COFFEE REGULAR X12",4808964017816,"Water & Beverages",PCS,15.55,30,12/12/2027
PRD-01264,"JIMMS 7IN1 COFFEE REGULAR X20",4804303521830,"Water & Beverages",PCS,14.26,22,03/20/2027
PRD-01265,"JJ BABY SOAP BLOSSOM 75G",4804774483398,"Baby Care",PACK,48.15,4,07/16/2028
PRD-01266,"JJ BATH MILK RICE 200 ML",4802826817688,"Medicine / Pharmaceutical",PCS,132.7,2,09/25/2028
PRD-01267,"JJ TOP TOP TO TOE 200ML",4802316796568,"Medicine / Pharmaceutical",BOTTLE,194.75,1,07/24/2026
PRD-01268,"JUICY COLOGNE ANGEL PINK 125ML",4804377604860,"Personal Care",BOTTLE,68.06,21,10/04/2028
PRD-01269,"JUICY COLOGNE ANGEL PINK 50ML",4800473213875,"Personal Care",BOTTLE,33.31,10,06/04/2028
PRD-01270,"JUICY COLOGNE ICY BLUE 50ML",4805431255034,"Personal Care",BOTTLE,34.12,11,02/11/2028
PRD-01271,"JUICY COLOGNE ICYLICIOUS 125ML",4804907447564,"Personal Care",BOTTLE,68.45,4,01/15/2027
PRD-01272,"JUICY COLOGNE SWEET RED 125ML",4803024584533,"Personal Care",BOTTLE,66.05,47,05/11/2028
PRD-01273,"JUICY COLOGNE SWEET RED 50ML",4808929920713,"Personal Care",BOTTLE,30.43,29,07/11/2028
PRD-01274,"JUMBO CONES COOKIES N CREAM",4802140667400,"Snacks & Confectionery",TUBE,28.45,180,06/04/2028
PRD-01275,"JUMBO CONES DOUBLE DUTCH",4806792391252,"Snacks & Confectionery",PCS,27.22,172,03/04/2028
PRD-01276,"JUMBO CONES MANGO PEANUT",4801753125883,"Snacks & Confectionery",PCS,30.15,250,03/04/2028
PRD-01277,"JUMBO CONES ROCKY ROAD",4806422832448,"Snacks & Confectionery",PCS,28.71,154,02/04/2028
PRD-01278,"JUMBO CONES UBE QUEZO",4803204198805,"Snacks & Confectionery",PCS,28.88,73,07/04/2027
PRD-01279,"KALIUM DURULES 750MG X 100TAB",4807698339953,"Medicine / Pharmaceutical",BOX,42.53,76,11/20/2027
PRD-01280,"KAMI BATH TISSUE 2PLY",4806614877535,Household,PCS,9.76,81,10/22/2027
PRD-01281,"KAMILLOSAN SPRAY 15ML",4808561270787,"Medicine / Pharmaceutical",BOTTLE,544.58,7,06/25/2027
PRD-01282,"KARVIDOL 25MG TAB",4801565495590,"Medicine / Pharmaceutical",BOX,3.59,1082,05/13/2027
PRD-01283,"KARVIDOL 6.25MG TAB",4801329808177,"Medicine / Pharmaceutical",BOX,2.24,944,02/20/2028
PRD-01284,"KATIALIS  OINT MED 15G",4800728247218,"Medicine / Pharmaceutical",PACK,37.9,33,05/16/2028
PRD-01285,"KATIALIS OINT BIG 30G",4809441523340,"Medicine / Pharmaceutical",PACK,66.89,40,06/03/2028
PRD-01286,"KATIALIS OINT SMALL 5G",4805263450887,"Medicine / Pharmaceutical",PACK,32.74,23,03/05/2028
PRD-01287,"KATIALIS SOAP",4802823554228,"Personal Care",PCS,65.07,10,10/02/2028
PRD-01288,"KATIALIS SOAP 90G",4803469304939,"Personal Care",PACK,60.84,2,11/16/2028
PRD-01289,"KATINKO GINGER (YELLOW) ROLL-ON 10ML",4803440953395,"Medicine / Pharmaceutical",BOTTLE,95.61,5,05/29/2027
PRD-01290,"KATINKO INHALER 2ML",4803302595540,"Medicine / Pharmaceutical",BOTTLE,69.0,5,03/05/2027
PRD-01291,"KATINKO OINT BIG 30G",4801451467626,"Medicine / Pharmaceutical",PACK,79.88,25,08/11/2027
PRD-01292,"KATINKO OINT CALMING (LAVANDER) 10G",4803865482211,"Medicine / Pharmaceutical",PACK,49.3,2,04/29/2027
PRD-01293,"KATINKO OINT GINGER (Y) 10G",4800955019735,"Medicine / Pharmaceutical",PACK,53.6,5,11/29/2026
PRD-01294,"KATINKO OINT PEPPERMINT (G) 10G",4804433903275,"Medicine / Pharmaceutical",PACK,53.37,1,05/29/2027
PRD-01295,"KATINKO OINT SMALL 10G",4803318186851,"Medicine / Pharmaceutical",PACK,33.54,82,04/11/2028
PRD-01296,"KATINKO PEPPERMINT (GREEN) ROLL-ON 10ML",4801753094270,"Medicine / Pharmaceutical",BOTTLE,89.74,2,12/29/2026
PRD-01297,"KATINKO ROLL-ON 10ML",4808191430181,"Medicine / Pharmaceutical",BOTTLE,50.65,108,05/21/2028
PRD-01298,"KATINKO STICK 10G",4807014915880,"Medicine / Pharmaceutical",PACK,41.48,4,09/28/2026
PRD-01299,"KELTICAN CAP X20",4806907639041,"Medicine / Pharmaceutical",BOX,32.74,258,12/03/2027
PRD-01300,"KENZAR 50MG TAB X30",4808448235386,"Medicine / Pharmaceutical",BOX,14.17,333,09/03/2028
PRD-01301,"KETOANALOGUE (KETOREX) TAB X100",4802394177739,"Medicine / Pharmaceutical",BOX,5.79,2358,08/31/2027
PRD-01302,"KETOCONAZOLE 20MG/G CRM 15G (FUNGAZONE)",4800641702743,"Medicine / Pharmaceutical",PACK,35.99,7,07/11/2028
PRD-01303,"KETOROBAS 30MG I.V AMP X10",4808252803590,"Medicine / Pharmaceutical",PCS,16.82,133,12/03/2027
PRD-01304,"KETOROLAC 10MG TAB (EUROLAC) X100",4804698219254,"Medicine / Pharmaceutical",BOX,10.05,1521,05/02/2028
PRD-01305,"KETOROLAC 30MG (KETOPANE) AMP 1ML X10",4801569238734,"Medicine / Pharmaceutical",BOTTLE,28.48,152,04/03/2028
PRD-01306,"KETOROLAC TROMETAMOL 30MG (SAPHROLAC) AMP 1ml X10",4807380922117,"Medicine / Pharmaceutical",BOTTLE,18.65,12,08/26/2027
PRD-01307,"KF94 MASK",4803315700753,"Medical Supplies & Devices",PCS,3.64,28,01/21/2026
PRD-01308,"KHRIZVELA 800MG TABX30",4809206934381,"Medicine / Pharmaceutical",PCS,11.89,103,09/02/2028
PRD-01309,"KIDDILETS 120MG CHEWTAB X500",4806271465435,"Medicine / Pharmaceutical",BOX,4.1,337,06/03/2028
PRD-01310,"KIDDY PLUZ-C SYRUP 120ML",4802470601122,"Medicine / Pharmaceutical",BOTTLE,53.6,32,03/31/2027
PRD-01311,"KIDNEY CARE CAP X100",4802611803582,"Medicine / Pharmaceutical",BOX,18.35,73,08/29/2028
PRD-01312,"KIRKLAND VIT. E 400IU X500",4809456399190,"Vitamins & Supplements",PCS,2.11,44,09/23/2026
PRD-01313,"KLEENEX TRAVEL TISSUE BIG",4806302604314,Household,PCS,45.76,9,06/07/2027
PRD-01314,"KLEENEX TRAVEL TISSUE SMALL",4806933634881,Household,PCS,24.13,9,02/07/2027
PRD-01315,"KN95 MASK",4807553175739,"Medical Supplies & Devices",PCS,11.5,14,08/01/2027
PRD-01316,"KOJIESAN DREAMWHITE 135G",4808348715238,"Personal Care",PACK,153.54,2,02/09/2027
PRD-01317,"KOJIESAN DREAMWHITE 65G",4807336093893,"Personal Care",PACK,91.83,12,02/22/2028
PRD-01318,"KOJIESAN SOAP 3S",4808041867971,"Personal Care",PCS,116.89,204,06/17/2028
PRD-01319,"KOJIESAN SOAP 45G SACHET",4809828245125,"Personal Care",SACHET,35.27,24,12/18/2027
PRD-01320,"KOJIESAN SOAP 65G X2",4806432605662,"Personal Care",PACK,78.52,229,12/24/2028
PRD-01321,"KOJIESAN SUN PROTECT SPF 50 FACE 15G",4807082107065,"Personal Care",PACK,123.4,0,05/24/2027
PRD-01322,"KOJIESAN SUN PROTECT SPF 50 SPORT 15G",4808454805837,"Personal Care",PACK,128.4,2,12/16/2026
PRD-01323,"KOOL FEVER ADULT 2S X3",4805159675706,"Medicine / Pharmaceutical",PCS,55.81,68,11/27/2027
PRD-01324,"KOOL FEVER BABIES 2S X3",4805714642858,"Medicine / Pharmaceutical",PCS,59.29,174,06/27/2027
PRD-01325,"KOOL FEVER KIDS 2S X3",4807770862758,"Medicine / Pharmaceutical",PCS,49.36,151,10/11/2027
PRD-01326,"KREMIL-S ADVANCE CHEWTAB X100",4808301971508,"Medicine / Pharmaceutical",BOX,25.72,805,12/03/2027
PRD-01327,"KREMIL-S CHEWTAB X100",4806967342967,"Medicine / Pharmaceutical",BOX,11.48,883,01/30/2028
PRD-01328,"KRIJENTA 5MG TAB X30",4803207084654,"Medicine / Pharmaceutical",BOX,14.52,113,03/19/2028
PRD-01329,"KUCHI KUCHI COOLING POWDER 100G (CITRONELLA)",4809246448571,"Baby Care",PACK,104.97,2,07/22/2028
PRD-01330,"KUCHI KUCHI COOLING POWDER 50G (CITRONELLA)",4804224829352,"Baby Care",PACK,70.5,1,11/22/2027
PRD-01331,"KUCHI KUCHI PRICKLY HEAT BEDTIME 100G",4804681614306,"Baby Care",PACK,101.8,1,09/22/2027
PRD-01332,"KUCHI KUCHI PRICKLY HEAT BEDTIME 50G",4804074288018,"Baby Care",PACK,67.57,8,05/03/2028
PRD-01333,"KUCHI KUCHI PRICKLY HEAT COOLING 100G",4801187359637,"Baby Care",PACK,104.54,8,04/03/2028
PRD-01334,"KUCHI KUCHI PRICKLY HEAT COOLING 50G",4800901028161,"Baby Care",PACK,78.71,10,02/28/2028
PRD-01335,"KULANTRO 10G",4804682923514,"General Merchandise",PACK,9.97,38,03/06/2027
PRD-01336,"KUYO 5'S",4807102859640,"Medicine / Pharmaceutical",PCS,18.75,21,04/04/2028
PRD-01337,"KWELL SHAMPOO X24",4807034135302,"Personal Care",PCS,52.43,10,05/21/2029
PRD-01338,"L-ZINEX DUO 60ML",4805197472816,"Medicine / Pharmaceutical",BOTTLE,334.12,6,02/06/2028
PRD-01339,"LACIPIL 6MG TAB X28",4809721978652,"Medicine / Pharmaceutical",BOX,58.4,127,06/11/2028
PRD-01340,"LACTACYD ALL-DAY CARE 60ML",4808968818406,"Medicine / Pharmaceutical",BOTTLE,85.24,1,10/26/2027
PRD-01341,"LACTACYD BABY BATH BLUE 150ML",4806020642055,"Baby Care",BOTTLE,275.9,11,06/16/2027
PRD-01342,"LACTACYD BABY BATH BLUE 250ML",4809894694835,"Baby Care",BOTTLE,404.16,2,06/16/2027
PRD-01343,"LACTACYD BABY BATH BLUE 60ML",4806385922246,"Baby Care",BOTTLE,120.67,34,09/04/2027
PRD-01344,"LACTACYD FEMWASH PEARL 60ML",4809546181945,"Medicine / Pharmaceutical",BOTTLE,89.58,5,07/09/2027
PRD-01345,"LACTACYD FW ALL-DAY CARE 60ML",4804020987061,"Personal Care",BOTTLE,82.25,0,02/22/2028
PRD-01346,"LACTACYD FW ODOR FRESH 60ML",4803790223364,"Personal Care",BOTTLE,90.97,2,03/04/2028
PRD-01347,"LACTACYD FW PEARL INTIMATE 60ML",4808391416245,"Personal Care",BOTTLE,105.31,1,06/11/2027
PRD-01348,"LACTACYD FW PRO SENSITIVE 60ML",4802874879137,"Personal Care",BOTTLE,99.7,2,12/16/2027
PRD-01349,"LACTACYD ODOR FRESH 60ML",4803528940619,"Medicine / Pharmaceutical",BOTTLE,91.84,6,11/19/2027
PRD-01350,"LACTACYD PRO SENSITIVE 60ML",4807708217144,"Medicine / Pharmaceutical",BOTTLE,97.36,3,08/19/2027
PRD-01351,"LACTATED RINGERS (EUROMED) 1L",4801824050210,"Medicine / Pharmaceutical",PCS,72.0,11,06/13/2027
PRD-01352,"LACTEZIN CAP X28",4809764425233,"Medicine / Pharmaceutical",BOX,34.04,11,05/25/2026
PRD-01353,"LACTUM 0-6 2KG",4804012520768,"Milk & Dairy",PACK,1484.64,0,03/08/2027
PRD-01354,"LACTUM 0-6MO 1.15KG",4804091156068,"Milk & Dairy",PACK,1006.74,0,07/30/2027
PRD-01355,"LACTUM 0-6MO 1.2KG",4804245865771,"Milk & Dairy",PACK,980.51,2,12/11/2026
PRD-01356,"LACTUM 0-6MO 150G",4801261714031,"Milk & Dairy",PACK,142.06,15,03/26/2027
PRD-01357,"LACTUM 0-6MO 350G",4803228131382,"Milk & Dairy",PACK,329.76,16,09/04/2027
PRD-01358,"LACTUM 1+ 1.15KG",4804693031537,"Milk & Dairy",PACK,1030.42,7,04/30/2027
PRD-01359,"LACTUM 1+ 1.2KG",4806654306648,"Milk & Dairy",PACK,907.23,17,06/08/2027
PRD-01360,"LACTUM 1-3 150G",4806366007984,"Milk & Dairy",PACK,110.47,21,04/28/2027
PRD-01361,"LACTUM 1-3 2.3KG",4806799632825,"Milk & Dairy",PACK,1537.27,8,09/28/2027
PRD-01362,"LACTUM 1-3 2KG",4809475258029,"Milk & Dairy",PACK,1471.62,7,02/28/2027
PRD-01363,"LACTUM 1-3 350G",4806547701286,"Milk & Dairy",PACK,285.53,89,07/28/2027
PRD-01364,"LACTUM 1-3YO 150G",4808341108678,"Milk & Dairy",PACK,103.73,52,09/26/2026
PRD-01365,"LACTUM 3+ 1.15KG",4800593158202,"Milk & Dairy",PACK,998.4,2,01/04/2027
PRD-01366,"LACTUM 3+ 1.2KG",4801073092314,"Milk & Dairy",PACK,887.19,3,11/04/2026
PRD-01367,"LACTUM 3+ 2.3 KG",4800324380192,"Milk & Dairy",PCS,1493.87,2,10/28/2027
PRD-01368,"LACTUM 3+ 350G",4805386588982,"Milk & Dairy",PACK,282.02,13,04/23/2027
PRD-01369,"LACTUM 6-12 2KG",4805125299068,"Milk & Dairy",PACK,1481.82,1,07/08/2027
PRD-01370,"LACTUM 6-12MO 1.15KG",4805291628812,"Milk & Dairy",PACK,973.18,2,06/30/2027
PRD-01371,"LACTUM 6-12MO 1.2KG",4808850118010,"Milk & Dairy",PACK,884.26,2,01/04/2027
PRD-01372,"LACTUM 6-12MO 150G",4805986354135,"Milk & Dairy",PACK,141.06,24,06/13/2027
PRD-01373,"LACTUM 6-12MO 350G",4808546496241,"Milk & Dairy",PACK,316.85,42,04/21/2027
PRD-01374,"LADY PILLS 28",4807126848017,"Medicine / Pharmaceutical",PCS,49.01,648,06/05/2028
PRD-01375,"LAGUNDI 300MG/5ML SYR (OFPLEMED) 60ML",4802822966125,"Medicine / Pharmaceutical",BOTTLE,32.81,29,03/16/2028
PRD-01376,"LAGUNDI 600MG TAB (OFPLEMED) X100",4802968395092,"Medicine / Pharmaceutical",BOX,2.54,2,06/03/2027
PRD-01377,"LANOXIN 250MCG TAB X500",4803366199280,"Medicine / Pharmaceutical",BOX,7.02,265,03/03/2028
PRD-01378,"LATEX GLOVES LARGE X100",4809411368223,"Medical Supplies & Devices",PCS,2.19,32,10/20/2027
PRD-01379,"LATEX GLOVES MEDIUM X100",4807381353484,"Medical Supplies & Devices",PCS,2.38,27,12/20/2027
PRD-01380,"LEE MF-RHINO HERBAL TEA",4800118282957,"Water & Beverages",PCS,43.68,19,06/04/2028
PRD-01381,"LENOXA 500MG X100 TAB",4807239816524,"Medicine / Pharmaceutical",BOX,3.52,250,09/03/2027
PRD-01382,"LESOFAT 120MG CAP X20",4802338196881,"Medicine / Pharmaceutical",BOX,36.88,66,03/06/2027
PRD-01383,"LETRAM 500MG TABX100",4808081840882,"Medicine / Pharmaceutical",PCS,7.76,227,11/06/2026
PRD-01384,"LEVETIRACETAM 500MG (CZURE) TAB X30",4800257327471,"Medicine / Pharmaceutical",BOX,4.95,304,04/18/2027
PRD-01385,"LEVETIRACETAM 500MG (LEVETREX) X100",4803795718896,"Medicine / Pharmaceutical",PCS,5.42,346,07/07/2027
PRD-01386,"LEVETRAMED-500 500MG TAB X30",4802814082218,"Medicine / Pharmaceutical",BOX,10.71,52,09/28/2026
PRD-01387,"LEVITERACETAM 500MG (LEVESAPH) TABX100",4807989439322,"Medicine / Pharmaceutical",PCS,5.29,577,08/03/2027
PRD-01388,"LEVOCETIRIZINE 5MG (IZTAID) TAB X100",4804805941258,"Medicine / Pharmaceutical",BOX,1.81,70,03/10/2027
PRD-01389,"LEVOCETIRIZINE 5MG (LEVOCEC) TAB X30",4808582806381,"Medicine / Pharmaceutical",BOX,1.64,117,08/21/2027
PRD-01390,"LEVOFLOXACIN 750MG (FLOXANOVA) X100",4808202622469,"Medicine / Pharmaceutical",PCS,10.18,30,12/26/2026
PRD-01391,"LEVOPRONT 30MG/5ML SYR 60ML",4806463349293,"Medicine / Pharmaceutical",BOTTLE,522.43,6,08/05/2027
PRD-01392,"LEVOTHYROXINE 50MCG TAB (EUROLEV) X90",4801178772608,"Medicine / Pharmaceutical",BOX,2.52,52,06/01/2027
PRD-01393,"LEWIS & PEARL DREAM 125ML",4808843313972,"Personal Care",BOTTLE,72.62,4,11/30/2026
PRD-01394,"LEWIS & PEARL DREAM 50ML",4800777308752,"Personal Care",BOTTLE,35.06,3,03/04/2028
PRD-01395,"LEWIS & PEARL PARIS 125ML",4805445917955,"Personal Care",BOTTLE,70.45,1,04/25/2027
PRD-01396,"LEWIS & PEARL PARIS 50ML",4802542829706,"Personal Care",BOTTLE,35.82,2,06/04/2027
PRD-01397,"LEWIS & PEARL PINK PASSION 125ML",4806966693265,"Personal Care",BOTTLE,70.23,1,03/08/2027
PRD-01398,"LEWIS & PEARL PINK PASSION 50ML",4809143525116,"Personal Care",BOTTLE,37.6,3,10/30/2026
PRD-01399,"LEWIS & PEARL RAIN 50ML",4803320477479,"Personal Care",BOTTLE,37.58,7,05/21/2027
PRD-01400,"LEWIS _PEARL COOL FANTASY 50ML",4808679509861,"Personal Care",BOTTLE,36.8,2,11/07/2026
PRD-01401,"LEWIS&PEARL POWDER-CHILL 50 g",4804503148387,"Personal Care",PCS,29.28,4,07/16/2028
PRD-01402,"LEWIS&PEARL RAIN 125ML",4802370122112,"Personal Care",BOTTLE,66.18,14,01/04/2028
PRD-01403,"LEWIS&PEARL- WHITE BLUSH 50g",4805069564813,"Personal Care",PACK,26.08,7,05/14/2027
PRD-01404,"LEWIS&PEARL-CHILL 50 g",4807387972034,"Personal Care",PCS,27.12,12,10/14/2027
PRD-01405,"LEWISPEARL POWDER- RAIN 50G",4805001670775,"Personal Care",PACK,30.04,4,03/16/2028
PRD-01406,"LEWISPEARL- JASMINE GARDEN 50g",4801661614934,"Personal Care",PACK,23.87,24,12/14/2027
PRD-01407,"LEWISPEARL- RAIN 50G",4804807028205,"Personal Care",PACK,26.37,9,03/14/2027
PRD-01408,"LEWISPEARLPOWDER- JASMINE GARDEN 50g",4804488918077,"Personal Care",PACK,27.44,3,12/16/2027
PRD-01409,"LEWIS_PEARL COOL FANTASY 125ML",4800265403963,"Personal Care",BOTTLE,70.94,10,05/30/2027
PRD-01410,"LICEALIZ 2MG/2ML 10ML",4801327593101,"Medicine / Pharmaceutical",BOTTLE,20.16,13,10/22/2028
PRD-01411,"LICEALIZ COOLING 10ML SACH X12",4803300165020,"Medicine / Pharmaceutical",BOTTLE,20.65,21,02/27/2028
PRD-01412,"LIFEZAR 100MG TAB X50",4807172939011,"Medicine / Pharmaceutical",BOX,39.56,82,07/04/2028
PRD-01413,"LIFEZAR 50MG TAB X50",4805674305390,"Medicine / Pharmaceutical",BOX,29.95,246,06/08/2028
PRD-01414,"LIKAS PAPAYA SOAP 135G",4801440100985,"Personal Care",PACK,186.56,2,10/27/2027
PRD-01415,"LILAC 3.35G/5ML 60ML",4804651992539,"Medicine / Pharmaceutical",BOTTLE,217.46,13,03/03/2028
PRD-01416,"LIPTON TEABAGS GREEN 1.5G X10",4800314175063,"Water & Beverages",PACK,11.14,265,08/11/2027
PRD-01417,"LIPTON TEABAGS YEL 2G X25",4806067648660,"Water & Beverages",PACK,5.4,72,09/04/2027
PRD-01418,"LISTERINE MW COOLMINT 100ML",4803765931982,"Medicine / Pharmaceutical",BOTTLE,65.25,8,05/04/2028
PRD-01419,"LISTERINE MW FRESH BURST 100ML",4806059050795,"Medicine / Pharmaceutical",BOTTLE,64.82,14,05/25/2028
PRD-01420,"LISTERINE TOTAL CARE 100ML",4806732286604,"Medicine / Pharmaceutical",BOTTLE,108.81,16,10/22/2028
PRD-01421,"LIVER GOLD F X60",4805220579399,"Vitamins & Supplements",PCS,9.94,1161,11/15/2027
PRD-01422,"LIVERAIDE CAP X100",4804321821029,"Medicine / Pharmaceutical",BOX,23.15,125,08/04/2028
PRD-01423,"LIVOLINFORTE CAP X100",4801043743521,"Medicine / Pharmaceutical",BOX,35.03,215,09/15/2027
PRD-01424,"LOLA REMEDIOS SACH 15ML X12",4806529295309,"Medicine / Pharmaceutical",BOTTLE,13.4,319,06/30/2027
PRD-01425,"LOMOTIL 2MG TAB X100",4802332755849,"Medicine / Pharmaceutical",BOX,16.22,378,11/06/2027
PRD-01426,"LOPERAMIDE 2MG CAP (HARVIMIDE)  X100",4807203426392,"Medicine / Pharmaceutical",BOX,0.64,2139,03/02/2028
PRD-01427,"LORATADINE 10MG ( LORATAMED) TAB X100",4803996589311,"Medicine / Pharmaceutical",BOX,1.93,160,12/16/2026
PRD-01428,"LOSARITE 100MG/25MG TAB X50",4803158080357,"Medicine / Pharmaceutical",BOX,17.57,141,05/28/2027
PRD-01429,"LOSARITE 50MG/12.5MG TAB X50",4805228012361,"Medicine / Pharmaceutical",BOX,14.75,68,01/28/2028
PRD-01430,"LOSARTAN + AMLODIPINE 50/5MG TAB (INOZAR) X30",4801126415466,"Medicine / Pharmaceutical",BOX,7.81,803,04/10/2027
PRD-01431,"LOSARTAN + HCTZ 100MG/25MG TAB (THIAXTAN) X100",4801814173307,"Medicine / Pharmaceutical",BOX,3.06,1050,10/28/2028
PRD-01432,"LOSARTAN + HCTZ 50MG/12.5MG TAB (THIAXTAN) X100",4805185654886,"Medicine / Pharmaceutical",BOX,2.02,1151,05/02/2028
PRD-01433,"LOSARTAN 100MG TAB (LOSARK) X100",4804995452713,"Medicine / Pharmaceutical",BOX,3.0,355,02/04/2028
PRD-01434,"LOSARTAN 100MG TAB (NATRASOL) X100",4800869274621,"Medicine / Pharmaceutical",BOX,2.54,647,10/02/2028
PRD-01435,"LOSARTAN 100MG TAB (NATRAZOL) X100",4805001946908,"Medicine / Pharmaceutical",BOX,2.36,6942,09/19/2028
PRD-01436,"LOSARTAN 50/12.5MG (ARTAZIDE) X100",4808624177324,"Medicine / Pharmaceutical",PCS,1.47,2408,12/27/2027
PRD-01437,"LOSARTAN 50MG (ANGEL) X100",4808252958800,"Medicine / Pharmaceutical",PCS,1.81,3044,04/19/2027
PRD-01438,"LOSARTAN 50MG TAB (LOSARK) X100",4807123833948,"Medicine / Pharmaceutical",BOX,1.37,459,05/20/2028
PRD-01439,"LOSARTAN 50MG TAB (NATRASOL) X100",4801271291557,"Medicine / Pharmaceutical",BOX,1.35,16147,06/03/2028
PRD-01440,"LOSARTAN 50MG TAB (NATRAZOL) X100",4807355760638,"Medicine / Pharmaceutical",BOX,1.06,5338,07/27/2028
PRD-01441,"LOSARTAN+HCTZ 100/25MG (ARA+H) TAB X100",4805339703745,"Medicine / Pharmaceutical",BOX,3.6,303,02/12/2027
PRD-01442,"LOSARTAN+HCTZ 50/12.5MG (ARA+H) TAB X100",4804872856510,"Medicine / Pharmaceutical",BOX,1.81,426,02/21/2028
PRD-01443,"LOZEMED HONEY LEMON LOZ X24",4802577508675,"Medicine / Pharmaceutical",PCS,4.01,30,10/08/2026
PRD-01444,"LOZEMED ORANGE LOZ X24",4800891929137,"Medicine / Pharmaceutical",PCS,3.97,10,02/03/2028
PRD-01445,"LS BL CREAM 7G X20",4801245962508,"Personal Care",TUBE,44.65,722,11/28/2028
PRD-01446,"LS BL SOAP 115G",4804910182221,"Personal Care",PACK,59.5,9,03/14/2028
PRD-01447,"LUCAZINE 10MG/5MG TAB X 30",4808834165427,"Medicine / Pharmaceutical",BOX,6.71,66,10/13/2026
PRD-01448,"LUMARTUSS SYR 60ML",4805285562711,"Medicine / Pharmaceutical",BOTTLE,17.04,1,12/15/2026
PRD-01449,"MAALOX PLUS SUSP 250ML",4801691822439,"Medicine / Pharmaceutical",BOTTLE,709.29,7,04/03/2027
PRD-01450,"MAALOX PLUS TAB X30",4803082960786,"Medicine / Pharmaceutical",BOX,19.62,178,05/19/2027
PRD-01451,"MAALOX TAB #1 X500",4808996515483,"Medicine / Pharmaceutical",BOX,14.27,64,09/03/2027
PRD-01452,"MACROSET ADULT",4803722765728,"Medical Supplies & Devices",PCS,14.66,16,04/30/2027
PRD-01453,"MAGIC COLOR L10",4802748264952,"Baby Care",PCS,84.97,0,10/20/2027
PRD-01454,"MAGIC COLOR LARGE 15S",4801395283071,"Baby Care",PCS,130.23,43,06/24/2027
PRD-01455,"MAGIC COLOR LARGE 30S",4806425295013,"Baby Care",PCS,241.5,6,04/20/2027
PRD-01456,"MAGIC COLOR MEDIUM 15S",4802502730449,"Baby Care",PCS,111.58,38,03/17/2027
PRD-01457,"MAGIC COLOR MEDIUM 30S",4803323736983,"Baby Care",PCS,230.48,13,01/05/2028
PRD-01458,"MAGIC COLOR NB-S 15S",4800077386080,"Baby Care",PCS,85.17,53,03/19/2028
PRD-01459,"MAGIC COLOR NB-S 30S",4800696003505,"Baby Care",PCS,178.71,4,05/05/2027
PRD-01460,"MAGIC COLOR XL 30S",4807346909445,"Baby Care",PCS,259.63,5,11/21/2027
PRD-01461,"MAGIC COLOR XL10",4806861474450,"Baby Care",PCS,91.1,0,11/26/2027
PRD-01462,"MAGIC COLOR XLARGE 15S",4806093841668,"Baby Care",PCS,136.26,11,12/28/2027
PRD-01463,"MAGIC COLOR XXL 15S",4802123961937,"Baby Care",PCS,142.53,17,02/20/2028
PRD-01464,"MAGIC DRI LARGE 10S",4807088604632,"Baby Care",PCS,84.82,19,01/20/2028
PRD-01465,"MAGIC DRI LARGE 30S",4803095515938,"Baby Care",PCS,239.93,3,11/04/2026
PRD-01466,"MAGIC DRI MED 10S",4807465958999,"Baby Care",PCS,74.57,15,01/31/2028
PRD-01467,"MAGIC DRI MED 30S",4809159684584,"Baby Care",PCS,209.91,2,05/21/2027
PRD-01468,"MAGIC DRI XL 10S",4803540617141,"Baby Care",PCS,91.3,12,03/30/2027
PRD-01469,"MAGIC DRI XL 30S",4806663043297,"Baby Care",PCS,258.02,1,11/20/2027
PRD-01470,"MAGIC DRI XXL 10S",4804195320378,"Baby Care",PCS,98.73,5,02/20/2028
PRD-01471,"MAGIC DRI XXL 30S",4801794776739,"Baby Care",PCS,302.18,1,07/03/2027
PRD-01472,"MAGIC PANTS 3XL10",4803209043134,"Baby Care",PCS,106.65,77,09/26/2027
PRD-01473,"MAGIC PANTS 3XL30",4801005200091,"Baby Care",PCS,308.69,15,10/12/2027
PRD-01474,"MAGIC PANTS L10",4802318650511,"Baby Care",PCS,81.45,67,08/19/2027
PRD-01475,"MAGIC PANTS L30",4808978420871,"Baby Care",PCS,245.18,46,11/02/2027
PRD-01476,"MAGIC PANTS MED 10S",4805888767109,"Baby Care",PCS,70.63,127,05/26/2027
PRD-01477,"MAGIC PANTS MED 30S",4806936531317,"Baby Care",PCS,213.82,49,06/19/2027
PRD-01478,"MAGIC PANTS XL 30S",4801940957936,"Baby Care",PCS,257.98,34,05/02/2028
PRD-01479,"MAGIC PANTS XL10",4805679076361,"Baby Care",PCS,80.49,236,03/02/2028
PRD-01480,"MAGIC PANTS XXL 10S",4800843947127,"Baby Care",PCS,94.01,175,05/05/2028
PRD-01481,"MAGIC PANTS XXL 30S",4807034946852,"Baby Care",PCS,289.07,16,12/02/2027
PRD-01482,"MALUNGGAY 500MG CAP (FERELAC)X100",4805789554402,"Vitamins & Supplements",BOX,1.57,46,09/30/2027
PRD-01483,"MAMAS LOVE COTTON BUDS 100S",4801046616430,"Medical Supplies & Devices",PCS,11.91,42,03/14/2027
PRD-01484,"MAMAS LOVE COTTON BUDS 200S",4809112024309,"Medical Supplies & Devices",PCS,20.38,28,11/14/2027
PRD-01485,"MAMAS LOVE COTTON BUDS 400S",4807329064643,"Medical Supplies & Devices",PCS,28.26,29,07/02/2027
PRD-01486,"MARVELON 28 PILLS",4806702848840,"Medicine / Pharmaceutical",PCS,347.38,17,05/18/2027
PRD-01487,"MASK DISPOSABLE 3 PLY BLUE X50",4805855623666,"Medical Supplies & Devices",PCS,1.2,440,02/28/2027
PRD-01488,"MASTER FC ACTIVE BRIGHT 135ML",4801828183125,"Personal Care",BOTTLE,113.66,2,09/14/2027
PRD-01489,"MASTER FC ACTIVE BRIGHT 225ML",4804263841634,"Personal Care",BOTTLE,171.24,3,08/30/2027
PRD-01490,"MASTER FC ACTIVE BRIGHT 70ML",4807754718139,"Personal Care",BOTTLE,66.53,2,07/30/2027
PRD-01491,"MASTER FC ANTI PIMPLE 135ML",4807910122521,"Personal Care",BOTTLE,112.49,3,03/14/2028
PRD-01492,"MASTER FC ANTI PIMPLE 225ML",4802751770347,"Personal Care",BOTTLE,157.67,2,11/30/2027
PRD-01493,"MASTER FC ANTI PIMPLE 70ML",4801203276113,"Personal Care",BOTTLE,67.79,7,12/30/2027
PRD-01494,"MASTER FC BRIGHT PLUS 135ML",4808358007444,"Personal Care",BOTTLE,112.92,1,07/30/2028
PRD-01495,"MASTER FC BRIGHT PLUS 70ML",4800533601670,"Personal Care",BOTTLE,64.18,10,01/19/2028
PRD-01496,"MASTER FC BRIGHTPLUS 225ML",4805640937370,"Personal Care",BOTTLE,163.79,1,02/07/2027
PRD-01497,"MASTER FC OIL CONTROL 135ML",4806909753804,"Personal Care",BOTTLE,118.71,2,09/30/2028
PRD-01498,"MASTER FC OIL CONTROL 70ML",4809479772309,"Personal Care",BOTTLE,65.94,1,07/30/2028
PRD-01499,"MASTER FC OILCONTROL 225ML",4805709827988,"Personal Care",BOTTLE,166.86,1,05/30/2027
PRD-01500,"MASTER FS BRIGHTENING PLUS 12G",4809596760895,"Personal Care",PACK,20.19,12,04/16/2027
PRD-01501,"MASTER FS OIL CONTRL 12G",4803177273646,"Personal Care",PACK,20.44,60,03/30/2028
PRD-01502,"MASTER FW ACNE FIGHT 50G",4801108994930,"Personal Care",PACK,129.8,1,12/10/2026
PRD-01503,"MASTER FW ACTIVE BRIGHT 50G",4808788110644,"Personal Care",PACK,114.54,2,05/17/2027
PRD-01504,"MASTER FW ANTI PIMPLE 50G",4803831262521,"Personal Care",PACK,118.79,2,07/30/2027
PRD-01505,"MASTER FW BRIGHT PLUS 50G",4808638060407,"Personal Care",PACK,112.93,1,08/30/2027
PRD-01506,"MASTER FW COOL RUSH 50G",4809383762635,"Personal Care",PACK,141.89,1,04/30/2028
PRD-01507,"MASTER FW OIL CONTROL 50G",4809265712989,"Personal Care",PACK,119.25,2,05/30/2027
PRD-01508,"MAXCARE GLOVES MEDIUM X100",4801224096414,"Medical Supplies & Devices",PCS,2.34,68,09/02/2026
PRD-01509,"MAXIPEEL CON CRM FAIR 10G X12",4803541852788,"Personal Care",PACK,26.51,5,09/22/2027
PRD-01510,"MAXIPEEL CON CRM NATURAL 10G X12",4805933946911,"Personal Care",PACK,26.11,0,09/03/2026
PRD-01511,"MAXIPEEL EXF #1 30ML",4802906865197,"Personal Care",BOTTLE,39.33,3,04/27/2027
PRD-01512,"MAXIPEEL EXF #1 60ML",4805317727777,"Personal Care",BOTTLE,68.18,7,07/30/2027
PRD-01513,"MAXIPEEL EXF #2 30ML",4809163530816,"Personal Care",BOTTLE,41.26,10,04/26/2027
PRD-01514,"MAXIPEEL EXF #2 60ML",4800035462419,"Personal Care",BOTTLE,72.17,3,01/13/2028
PRD-01515,"MAXIPEEL EXF #3 30ML",4805756213770,"Personal Care",BOTTLE,47.04,18,08/26/2028
PRD-01516,"MAXIPEEL EXF #3 60ML",4804752345738,"Personal Care",BOTTLE,83.33,16,04/18/2027
PRD-01517,"MAXIPEEL MOIST CREAM 15G",4801924277998,"Personal Care",TUBE,34.33,4,08/22/2028
PRD-01518,"MAXIPEEL MOIST CREAM 8G",4800776109131,"Personal Care",TUBE,17.69,9,02/22/2029
PRD-01519,"MAXIPEEL SUNBLOCK 25G",4805768809746,"Personal Care",PACK,55.45,7,05/28/2027
PRD-01520,"MAXIPEEL SUNBLOCK CREAM 15G",4803690515516,"Personal Care",TUBE,36.83,37,11/02/2028
PRD-01521,"MAXIPEEL SUNBLOCK CREAM 8G",4803728772030,"Personal Care",TUBE,20.39,18,03/28/2028
PRD-01522,"MAXVIT SOFTGEL CAP X100",4802785381438,"Medicine / Pharmaceutical",BOX,12.75,74,10/17/2027
PRD-01523,"MEBENDAZOLE 100MG/5ML SUSP (DM) 60ML",4805384726919,"Medicine / Pharmaceutical",BOTTLE,23.56,37,12/02/2027
PRD-01524,"MEBENDAZOLE 500MG (DM) TAB X100",4801811097232,"Medicine / Pharmaceutical",BOX,3.41,85,02/09/2026
PRD-01525,"MEBENDAZOLE 500MG (KHRIZVER) TAB X100",4806606444698,"Medicine / Pharmaceutical",BOX,3.26,160,10/01/2028
PRD-01526,"MEBENDAZOLE 500MG (SCHEELE) TAB X100",4801435731500,"Medicine / Pharmaceutical",BOX,2.17,49,06/18/2027
PRD-01527,"MEDICOL ADV 400MG SOFTGEL X100",4806104224123,"Medicine / Pharmaceutical",PCS,14.29,1589,02/29/2028
PRD-01528,"MEDICOL ADVANCE 200MG X100",4808789699083,"Medicine / Pharmaceutical",PCS,8.23,867,06/30/2027
PRD-01529,"MEDIFORTAN AS CAP X100",4805351537015,"Medicine / Pharmaceutical",BOX,24.27,29,10/13/2027
PRD-01530,"MEDIPLAST BAND-AID BANTAM X100",4809911345399,"Medical Supplies & Devices",PCS,1.34,539,02/28/2028
PRD-01531,"MEDIPLAST SURGICAL GLOVES 6 1/2",4805483306674,"Medical Supplies & Devices",PCS,29.39,0,04/22/2027
PRD-01532,"MEDIPLAST SURGICAL GLOVES 7 1/2",4807876514100,"Medical Supplies & Devices",PCS,28.4,1,11/22/2026
PRD-01533,"MEFENAMIC ACID (MYREFEN) 250MG CAP X100",4802970637442,"Medicine / Pharmaceutical",BOX,0.88,402,11/03/2027
PRD-01534,"MEFENAMIC ACID 500MG CAP (MYREFEN) X100",4800288762330,"Medicine / Pharmaceutical",BOX,0.91,4363,11/02/2028
PRD-01535,"MEFENAMIC ACID 50MG/5ML SUSP (INFAMIX) 60ML",4800550624593,"Medicine / Pharmaceutical",BOTTLE,18.62,122,12/28/2027
PRD-01536,"MEFENAMIC ACID 50MG/ML (MYREFEN) 60ML",4806071450805,"Medicine / Pharmaceutical",BOTTLE,19.77,22,07/20/2028
PRD-01537,"MEGANOVA 1000MG CAP X30",4809956935544,"Medicine / Pharmaceutical",BOX,4.24,49,07/15/2027
PRD-01538,"MEGANOVA FISH OIL 1000MG",4804181004226,"Vitamins & Supplements",PCS,4.24,62,10/19/2028
PRD-01539,"MELMAG SUSP 60ML",4802456462224,"Medicine / Pharmaceutical",BOTTLE,20.03,28,06/08/2027
PRD-01540,"MELOXICAM 15MG (MELEXA) TABX100",4806761280477,"Medicine / Pharmaceutical",PCS,1.6,95,12/09/2027
PRD-01541,"MELOXICAM 15MG (MELOX) TAB X100",4807048528042,"Medicine / Pharmaceutical",BOX,1.36,65,03/11/2027
PRD-01542,"MELOXICAM 15MG (RUMALOX) TAB X100",4806044166154,"Medicine / Pharmaceutical",BOX,1.5,329,12/14/2027
PRD-01543,"MEMO PLUS GOLD X30",4802538378062,"Vitamins & Supplements",PCS,16.45,196,04/25/2027
PRD-01544,"MEMORX SYRUP 120ML",4802645096320,"Medicine / Pharmaceutical",BOTTLE,315.22,1,09/25/2028
PRD-01545,"MENA FACE CREAM PINK 3G X12",4801727042601,"Personal Care",TUBE,23.51,8,04/04/2028
PRD-01546,"MENA PAPAYA SOAP 150G",4805805486039,"Personal Care",PACK,39.55,4,10/30/2027
PRD-01547,"MENA PAPAYA SOAP 75G",4809411882220,"Personal Care",PACK,51.67,1,02/29/2028
PRD-01548,"MENTOPAS PLASTER X10",4801715554518,"Medicine / Pharmaceutical",PCS,65.12,2,07/15/2026
PRD-01549,"MEOXICLAV 312.5MG SUSP 60ML",4801464864695,"Medicine / Pharmaceutical",BOTTLE,121.45,20,01/13/2027
PRD-01550,"MEOXICLAV-DS 457 SUSP 70ML",4803458561683,"Medicine / Pharmaceutical",BOTTLE,152.45,27,06/13/2028
PRD-01551,"MEPTIN 25MCG TAB X100",4803983488971,"Medicine / Pharmaceutical",BOX,15.7,17,04/06/2027
PRD-01552,"MEPTIN 50MCG TAB X100",4809510427934,"Medicine / Pharmaceutical",BOX,24.41,151,01/27/2028
PRD-01553,"MEPTIN 5MCG/ML SYR 60ML",4801553434997,"Medicine / Pharmaceutical",BOTTLE,259.13,41,09/15/2027
PRD-01554,"MESTIZA SOAP 125G",4806685516848,"Personal Care",PACK,85.09,4,01/04/2029
PRD-01555,"METFORMIN 500MG TAB (FORMET) X100",4809272191332,"Medicine / Pharmaceutical",BOX,0.77,1992,10/15/2028
PRD-01556,"METFORMIN+PIO+GLIMEPIRIDE 500MG/15MG/2MG (TRIPRIDE-2) TAB X30",4808188990448,"Medicine / Pharmaceutical",BOX,16.62,14,07/01/2028
PRD-01557,"METHYLDOPA 250MG (DOPAMAINE) X100 TAB",4800861854373,"Medicine / Pharmaceutical",BOX,4.39,159,04/01/2028
PRD-01558,"METHYLDOPA 250MG TAB (BP-LOW) X100",4803988068944,"Medicine / Pharmaceutical",BOX,4.46,60,07/06/2027
PRD-01559,"METHYLPREDNISOLONE 16MG (METHYDEN) TAB X100",4806920812985,"Medicine / Pharmaceutical",BOX,7.9,433,07/01/2028
PRD-01560,"METHYLPREDNISOLONE 16MG (METPREZ 16) TAB X100",4806767181379,"Medicine / Pharmaceutical",BOX,5.7,111,07/10/2027
PRD-01561,"METOCLOPRAMIDE 10MG (METO) TAB X100",4805386059807,"Medicine / Pharmaceutical",BOX,1.08,243,02/24/2027
PRD-01562,"METOCLOPRAMIDE 5MG/5ML SYR (MYCLOSIL) 60ML",4806009225839,"Medicine / Pharmaceutical",BOTTLE,19.36,14,09/03/2028
PRD-01563,"METOCLOPRAMIDE AMP (METOCLOSIL)2ML X10",4808549403502,"Medicine / Pharmaceutical",BOTTLE,6.26,34,05/31/2027
PRD-01564,"METOPROLOL 100MG (PROLOL) X100",4805794014659,"Medicine / Pharmaceutical",PCS,1.58,147,03/19/2027
PRD-01565,"METOPROLOL 50MG TAB (PROLOL) X100",4806244834104,"Medicine / Pharmaceutical",BOX,0.85,791,08/25/2028
PRD-01566,"METRONIDAZOLE 125MG/5ML (AMBIDAZOLE) 60ML",4801474865481,"Medicine / Pharmaceutical",BOTTLE,19.11,27,08/10/2028
PRD-01567,"METRONIDAZOLE 500MG TAB (FLAGEX) X100",4809474735056,"Medicine / Pharmaceutical",BOX,1.07,830,01/09/2028
PRD-01568,"MICARDIS PLUS TAB 40MG/12.5MG X30",4804452594364,"Medicine / Pharmaceutical",BOX,32.43,562,04/04/2028
PRD-01569,"MICARDIS PLUS TAB 80MG/12.5MG X30",4809194940975,"Medicine / Pharmaceutical",BOX,56.0,317,12/04/2028
PRD-01570,"MICARDIS TAB 40MG X30",4805378420609,"Medicine / Pharmaceutical",BOX,33.28,540,01/03/2028
PRD-01571,"MICARDIS TAB 80MG X30",4809751136949,"Medicine / Pharmaceutical",BOX,56.14,47,07/16/2028
PRD-01572,"MICROPIL 21",4805772480889,"Medicine / Pharmaceutical",PCS,83.66,28,11/04/2027
PRD-01573,"MICROPIL PLUS 28",4801023646031,"Medicine / Pharmaceutical",PCS,115.2,3,03/26/2027
PRD-01574,"MICROPORE 1 INCH TAPE X12",4802978707512,"Medical Supplies & Devices",PCS,48.51,39,05/13/2027
PRD-01575,"MICROPORE 1/2 INCH X24",4807836793329,"Medical Supplies & Devices",PCS,22.59,140,04/28/2027
PRD-01576,"MICROSET PEDIA",4802565738076,"Medical Supplies & Devices",PCS,14.68,4,01/31/2028
PRD-01577,"MIDOL 200MG TAB X100",4806135087106,"Medicine / Pharmaceutical",BOX,17.55,60,02/27/2028
PRD-01578,"MILCU DEO POWDER 40G",4803235319689,"Personal Care",PACK,63.37,46,01/16/2029
PRD-01579,"MILCU DEO POWDER 80G",4806733547599,"Personal Care",PACK,109.9,47,06/03/2028
PRD-01580,"MILCU ROLL-ON DEO 50ML",4803495069054,"Personal Care",BOTTLE,84.6,16,05/21/2027
PRD-01581,"MILCU SPORTS DEO 80G",4805971465781,"Personal Care",PACK,105.93,1,03/14/2028
PRD-01582,"MILGESIC 125MG/5ML 60ML",4805609802660,"Medicine / Pharmaceutical",BOTTLE,16.54,1,06/22/2027
PRD-01583,"MILGESIC FORTE TAB",4801471493866,"Medicine / Pharmaceutical",BOX,0.63,35,08/03/2028
PRD-01584,"MILKY POP LOLLY MILK CHOCO",4803351461655,"Snacks & Confectionery",PCS,11.51,118,09/28/2027
PRD-01585,"MILO 300G POWDER CHOCO",4805087749922,"Water & Beverages",PACK,115.34,6,01/22/2027
PRD-01586,"MINGS PEI PA KOA CANDY 120G",4802334156174,"Snacks & Confectionery",PACK,113.56,6,04/17/2027
PRD-01587,"MINI CUP CHOCO",4808801787009,"Snacks & Confectionery",PCS,14.61,63,03/07/2028
PRD-01588,"MINI CUPS BERRY CHOCO",4804652800575,"Snacks & Confectionery",PCS,14.17,221,02/28/2028
PRD-01589,"MINI CUPS CHOCO MARBLE",4809081676844,"Snacks & Confectionery",PCS,14.29,61,11/04/2027
PRD-01590,"MINI CUPS MELON",4801059151220,"Snacks & Confectionery",PCS,13.63,7,02/04/2027
PRD-01591,"MINI CUPS UBE",4800044944862,"Snacks & Confectionery",PCS,13.63,1,09/16/2026
PRD-01592,"MINUTE MAID FRESH 250ML",4806356628828,"Medicine / Pharmaceutical",BOTTLE,17.61,380,01/25/2028
PRD-01593,"MMFRED 10G",4802483301247,"Medicine / Pharmaceutical",PACK,105.03,1,12/16/2026
PRD-01594,"MODESS ALL NIGHT W/ WINGS 10S",4807295633518,"Personal Care",PCS,134.38,0,04/22/2027
PRD-01595,"MODESS ALL NIGHT W/ WINGS 4S",4806259936730,"Personal Care",PCS,63.4,13,09/26/2027
PRD-01596,"MODESS CS REG W/ WINGS 8S",4808933656070,"Personal Care",PCS,46.21,21,04/26/2028
PRD-01597,"MODESS CS REGULAR NON-WING 8S",4801461516654,"Personal Care",PCS,50.67,12,03/11/2028
PRD-01598,"MODESS MATERNITY NON-WING 7PADS",4807924753743,"Personal Care",PCS,124.54,6,08/09/2027
PRD-01599,"MOHSIDEX 4MG/ML AMP X10",4805849991684,"Medicine / Pharmaceutical",PCS,36.88,28,11/24/2027
PRD-01600,"MOMETASONE 1MG/G CREAM (MOMETASAPH)",4809462747240,"Medicine / Pharmaceutical",TUBE,171.23,0,03/26/2028
PRD-01601,"MONTELUKAST + LEVOCETIRIZINE (LEVOSAPHZINE PLUS) 10MG/5MG X30TAB",4809528315650,"Medicine / Pharmaceutical",BOX,6.63,121,02/16/2027
PRD-01602,"MONTELUKAST 10MG (AZMONT) X100",4801907134060,"Medicine / Pharmaceutical",PCS,2.51,215,07/12/2027
PRD-01603,"MONTELUKAST 10MG (LEUKOREX) X100",4800866364653,"Medicine / Pharmaceutical",PCS,2.69,1107,08/13/2027
PRD-01604,"MONTELUKAST 10MG (MONTRIL-10) X100 TAB",4809700570358,"Medicine / Pharmaceutical",BOX,1.51,185,03/25/2027
PRD-01605,"MONTELUKAST 4MG TAB (AUROHEX) X100",4800208564287,"Medicine / Pharmaceutical",BOX,3.07,140,07/22/2027
PRD-01606,"MONTELUKAST 4MG TAB (NOVAKAST) X100",4801099189815,"Medicine / Pharmaceutical",BOX,2.48,162,02/20/2028
PRD-01607,"MONTELUKAST 5MG TAB (AUROHEX) X100",4801704618467,"Medicine / Pharmaceutical",BOX,4.29,106,02/21/2026
PRD-01608,"MONTELUKAST 5MG TAB (GENTAKAST) X100",4809155661384,"Medicine / Pharmaceutical",BOX,2.34,83,05/29/2028
PRD-01609,"MONTELUKAST 5MG TAB (NOVAKAST) X100",4806775042294,"Medicine / Pharmaceutical",BOX,2.54,171,08/28/2027
PRD-01610,"MONTEPHIL-L 10MG/5MG TAB X30",4800340539413,"Medicine / Pharmaceutical",BOX,7.7,36,10/06/2027
PRD-01611,"MONTI PLUS 10MG/5MG TAB X30",4805450571799,"Medicine / Pharmaceutical",BOX,33.47,103,06/08/2028
PRD-01612,"MONTIGET 10MG TAB X14",4805762361623,"Medicine / Pharmaceutical",BOX,42.12,49,10/27/2027
PRD-01613,"MONTIGET 4MG GRANULES X14",4805736242281,"Medicine / Pharmaceutical",PCS,35.36,17,09/13/2027
PRD-01614,"MONTIGET 4MG TAB X14",4806151619262,"Medicine / Pharmaceutical",BOX,24.39,77,06/05/2028
PRD-01615,"MONTIGET 5MG TAB X14",4806722062094,"Medicine / Pharmaceutical",BOX,27.06,52,01/18/2028
PRD-01616,"MORIAMIN FTE CAP X100",4801905383856,"Medicine / Pharmaceutical",BOX,14.45,32,10/15/2027
PRD-01617,"MOSEGOR VITA CAP X500",4804854541626,"Medicine / Pharmaceutical",BOX,85.14,53,08/08/2028
PRD-01618,"MOSVIT ELITE SOFTGEL X100",4806275325092,"Vitamins & Supplements",PCS,17.21,1561,10/29/2027
PRD-01619,"MOTILIUM 10MG TAB X100",4808177633104,"Medicine / Pharmaceutical",BOX,46.61,67,01/20/2028
PRD-01620,"MOTILLEX 5MG/5ML 60ML",4808807108154,"Medicine / Pharmaceutical",BOTTLE,17.92,9,02/13/2027
PRD-01621,"MOXYLOR 125MG SUSP 60ML",4804835663949,"Medicine / Pharmaceutical",BOTTLE,19.72,61,08/15/2027
PRD-01622,"MUCOBRON SYR 60ML",4803052624141,"Medicine / Pharmaceutical",BOTTLE,150.31,1,04/26/2027
PRD-01623,"MUCORIGHT 600MG TABX20",4807460193866,"Medicine / Pharmaceutical",PCS,13.89,241,11/20/2027
PRD-01624,"MUCOSOLVAN 30MG TAB X100",4801515744164,"Medicine / Pharmaceutical",BOX,24.51,89,01/16/2027
PRD-01625,"MUCOSOLVAN 30MG/5ML SYR 125ML",4804533776585,"Medicine / Pharmaceutical",BOTTLE,434.23,3,07/09/2027
PRD-01626,"MUCOSOLVAN 30MG/5ML SYR 60ML",4802754352399,"Medicine / Pharmaceutical",BOTTLE,243.71,9,04/05/2028
PRD-01627,"MUCOSOLVAN 75MG CAP X100",4802523216336,"Medicine / Pharmaceutical",BOX,62.6,71,09/09/2027
PRD-01628,"MUCOSOLVAN KIDS 15MG/5ML 60ML",4808307556629,"Medicine / Pharmaceutical",BOTTLE,188.09,27,03/15/2028
PRD-01629,"MUCOSTA 100MG TAB X100",4807812252612,"Medicine / Pharmaceutical",BOX,36.57,171,11/15/2027
PRD-01630,"MUCOTUSS FORTE TAB X100",4807985200887,"Medicine / Pharmaceutical",BOX,4.2,819,09/03/2028
PRD-01631,"MULTIVITAMINS + BUCLIZINE+ IRON (APPECZIN) X100",4804860167420,"Vitamins & Supplements",PCS,4.53,74,05/07/2027
PRD-01632,"MULTIVITAMINS + BUCLIZINE+ IRON (NERVITEX) X100",4808422422297,"Vitamins & Supplements",PCS,4.59,483,03/29/2028
PRD-01633,"MULTIVITAMINS + MINERALS (EURIVIT) X100",4805487538644,"Vitamins & Supplements",PCS,2.21,1,04/03/2028
PRD-01634,"MULTIVITAMINS+IRON CAP (FORALIVIT) X100",4804609176582,"Vitamins & Supplements",BOX,1.95,871,09/09/2027
PRD-01635,"MULTIVITAMINS+IRON CAP (HANIZYN) X100",4801814444204,"Vitamins & Supplements",BOX,1.02,809,09/08/2028
PRD-01636,"MUPICAN OINT 5G",4802393448393,"Medicine / Pharmaceutical",PACK,58.98,15,09/08/2026
PRD-01637,"MUPICARE OINT 5G",4807237241107,"Medicine / Pharmaceutical",PACK,79.89,1,11/27/2026
PRD-01638,"MUPIROCIN (BACTROMED) OINT 5G",4808597569343,"Medicine / Pharmaceutical",PACK,47.77,5,07/30/2027
PRD-01639,"MUPIROCIN (MUPISAPH) 5G",4801594413644,"Medicine / Pharmaceutical",PACK,46.74,81,09/28/2027
PRD-01640,"MUPIROCIN (WUDENCIN)  5G",4806705245961,"Medicine / Pharmaceutical",PACK,40.61,9,07/20/2026
PRD-01641,"MUSKELAX TAB X100",4801885042034,"Medicine / Pharmaceutical",BOX,15.07,25,12/02/2026
PRD-01642,"MX3 CAP X60",4804721980093,"Vitamins & Supplements",BOX,18.27,444,10/20/2028
PRD-01643,"MX3 COFFEE MIX 10G X10",4807808527632,"Vitamins & Supplements",PACK,23.09,1378,04/29/2028
PRD-01644,"MYONAL 50MG TAB X100",4802054327418,"Medicine / Pharmaceutical",BOX,36.53,315,08/29/2027
PRD-01645,"MYRA E 400IU 30S",4809909406105,"Vitamins & Supplements",PCS,404.01,16,04/04/2028
PRD-01646,"MYRA E SOFTGEL 400IU X100",4801621745778,"Vitamins & Supplements",PCS,13.49,2856,08/03/2027
PRD-01647,"MYRA FACIAL WAS SMOOTH GLOW 10ML",4800438449717,"Personal Care",BOTTLE,17.02,8,08/13/2027
PRD-01648,"MYRA FACIAL WASH FRESH GLOW 10ML",4800771774810,"Personal Care",BOTTLE,18.53,21,07/22/2028
PRD-01649,"MYRA FMOIST BLUE SACH 7ML",4805505496098,"Personal Care",BOTTLE,16.59,99,04/25/2027
PRD-01650,"MYRA FMOIST RED SACH 7ML",4800178466107,"Personal Care",BOTTLE,17.04,22,07/25/2027
PRD-01651,"MYRA LOT CLASSIC MOIST 50ML",4800366230899,"Personal Care",BOTTLE,54.04,41,05/21/2027
PRD-01652,"MYRA LOT CLASSIC WHITE 50ML",4807414320878,"Personal Care",BOTTLE,73.49,23,08/28/2028
PRD-01653,"MYRA LOTION CLASSIC MOIST 100ML",4808518094482,"Personal Care",BOTTLE,95.05,11,10/21/2027
PRD-01654,"MYRA LOTION CLASSIC MOIST 200ML",4805954508052,"Personal Care",BOTTLE,189.94,27,09/09/2028
PRD-01655,"MYRA LOTION CLASSICWHIT BLUE 100ML",4804529698639,"Personal Care",BOTTLE,118.55,12,02/28/2027
PRD-01656,"MYRA LOTION CLASSICWHIT BLUE 200ML",4806935816535,"Personal Care",BOTTLE,216.06,20,03/21/2028
PRD-01657,"MYRA LOTION HYDRATING GLOW 100ML",4801703287158,"Personal Care",BOTTLE,96.72,4,06/23/2027
PRD-01658,"MYRA LOTION HYDRATING GLOW 200ML",4806012978720,"Personal Care",BOTTLE,184.21,1,10/16/2028
PRD-01659,"MYRA LOTION HYDRATING GLOW 50ML",4802012343864,"Personal Care",BOTTLE,51.67,2,07/16/2028
PRD-01660,"MYRA LOTION WHITENING GLOW 100ML",4809047851500,"Personal Care",BOTTLE,125.58,2,06/16/2028
PRD-01661,"MYRA LOTION WHITENING GLOW 200ML",4806523981635,"Personal Care",BOTTLE,207.53,2,07/06/2028
PRD-01662,"MYRA MOISTURIZING PLUS 100ML",4802506573122,"Personal Care",BOTTLE,78.99,1,07/10/2027
PRD-01663,"MYRA MOISTURIZING PLUS LOT 200ML",4804959700877,"Personal Care",BOTTLE,176.39,3,11/10/2026
PRD-01664,"MYRA SOAP 45G",4803012040730,"Personal Care",PACK,28.24,12,02/16/2028
PRD-01665,"MYRA SOAP WHITENING BLUE 90G",4800538139622,"Personal Care",PACK,60.29,11,11/16/2027
PRD-01666,"MYRA ULTIMATE CAP X30",4801923545870,"Vitamins & Supplements",BOX,24.6,261,02/16/2028
PRD-01667,"MYRACOF 30MG TAB X100",4804943144151,"Medicine / Pharmaceutical",BOX,9.23,173,05/06/2027
PRD-01668,"MYREMOL 500MG TAB X100",4804611934080,"Medicine / Pharmaceutical",BOX,0.57,213,07/14/2027
PRD-01669,"MYREVIT CAP X100",4809190936463,"Vitamins & Supplements",BOX,0.88,938,10/03/2028
PRD-01670,"MYREVIT-C 500MG TAB",4800316008117,"Vitamins & Supplements",BOX,0.55,3219,10/24/2027
PRD-01671,"MYREVIT-C PLUS FC TAB  X100",4800600046145,"Vitamins & Supplements",BOX,1.35,1562,06/28/2027
PRD-01672,"NAFARIN TAB X100",4806991310734,"Medicine / Pharmaceutical",BOX,9.76,143,06/23/2028
PRD-01673,"NASAL CANNULA PEDIA",4801474416790,"Medical Supplies & Devices",PCS,17.76,2,06/03/2027
PRD-01674,"NASAL OXYGEN CANNULA ADULT",4801344416323,"Medical Supplies & Devices",PCS,19.36,2,07/20/2027
PRD-01675,"NASATAPP DROPS 15ML",4804614450641,"Medicine / Pharmaceutical",BOTTLE,140.33,14,12/06/2027
PRD-01676,"NASATAPP SYRUP 60ML",4802981789282,"Medicine / Pharmaceutical",BOTTLE,139.5,27,05/25/2028
PRD-01677,"NASATAPP TAB X100",4804794170675,"Medicine / Pharmaceutical",BOX,10.4,155,06/03/2028
PRD-01678,"NASOCLEAR NASAL SPRAY",4803305243118,"Medicine / Pharmaceutical",PCS,105.57,7,10/14/2027
PRD-01679,"NASONEX 500MCG AQUENOS NASAL SPRAY 10G",4808256720065,"Medicine / Pharmaceutical",PACK,607.26,2,05/22/2027
PRD-01680,"NATRAVOX 457MG/5ML 70ML",4804479484310,"Medicine / Pharmaceutical",BOTTLE,355.87,2,08/29/2027
PRD-01681,"NATRAVOX 642.9MG/5ML 70ML",4808108795342,"Medicine / Pharmaceutical",BOTTLE,338.47,2,06/12/2028
PRD-01682,"NATURE'S SPRING DISTILLED 10L",4806945746933,"Water & Beverages",PCS,120.12,95,03/25/2027
PRD-01683,"NATURE'S SPRING PURIFIED 1L",4809264288086,"Water & Beverages",PCS,16.08,497,09/25/2027
PRD-01684,"NATURE'S SPRING PURIFIED 500ML",4802963878353,"Water & Beverages",BOTTLE,10.51,2595,06/25/2028
PRD-01685,"NEB KIT NO MASK PEDIA (SUREGUARD)",4801179647263,"Medical Supplies & Devices",PCS,50.92,1,01/26/2027
PRD-01686,"NEB KIT PEDIA SUREGUARD",4807664625201,"Medical Supplies & Devices",PCS,57.42,5,04/20/2027
PRD-01687,"NEB KIT W/ MASK ADULT",4808721479279,"Medical Supplies & Devices",PCS,57.32,11,02/20/2028
PRD-01688,"NEB KIT W/ MASK PEDIA",4800411855764,"Medical Supplies & Devices",PCS,54.96,19,05/29/2027
PRD-01689,"NEBIL 2.5MG TAB X14",4809161848665,"Medicine / Pharmaceutical",BOX,15.87,171,06/19/2028
PRD-01690,"NEBIL 5MG TAB X14",4801737708959,"Medicine / Pharmaceutical",BOX,21.1,37,11/11/2027
PRD-01691,"NEBILET 5MG TAB X30",4805055899320,"Medicine / Pharmaceutical",BOX,23.88,1373,07/15/2027
PRD-01692,"NEBIVOL 5MG TAB X30",4801854422688,"Medicine / Pharmaceutical",BOX,7.43,26,05/06/2027
PRD-01693,"NEBLIE 5MG TAB",4806042010390,"Medicine / Pharmaceutical",BOX,7.93,169,08/10/2027
PRD-01694,"NEBULIZING KIT ACCUMAX",4802932727039,"Medical Supplies & Devices",PCS,41.56,43,10/17/2027
PRD-01695,"NEOBLOC 100MG TAB X100",4805160049047,"Medicine / Pharmaceutical",BOX,9.22,182,05/18/2028
PRD-01696,"NEOBLOC 50MG TAB X500",4806424592713,"Medicine / Pharmaceutical",BOX,5.39,1097,05/19/2027
PRD-01697,"NEOZEP DROPS 10ML",4803646282906,"Medicine / Pharmaceutical",BOTTLE,130.23,58,08/16/2028
PRD-01698,"NEOZEP FTE TAB X500",4803332646924,"Medicine / Pharmaceutical",BOX,7.42,2386,06/18/2028
PRD-01699,"NEOZEP NON-DROWSY TAB X100",4807652917848,"Medicine / Pharmaceutical",BOX,9.88,348,10/21/2027
PRD-01700,"NEOZEP SYR 60ML",4802439735006,"Medicine / Pharmaceutical",BOTTLE,140.8,78,05/30/2027
PRD-01701,"NESTEA APPLE 350ML",4808444448824,"Medicine / Pharmaceutical",BOTTLE,28.54,217,04/02/2028
PRD-01702,"NESTLE CHUCKIE 180ML",4804462227155,"Medicine / Pharmaceutical",BOTTLE,27.42,350,11/30/2027
PRD-01703,"NESTLE FRESH MILK 250ML",4802296095879,"Milk & Dairy",BOTTLE,46.01,11,10/30/2027
PRD-01704,"NESTOGEN 0-6 110G",4800804391746,"Milk & Dairy",PACK,57.51,15,02/21/2027
PRD-01705,"NESTOGEN 1 1.3KG",4804160014725,"Milk & Dairy",PACK,842.75,11,08/04/2027
PRD-01706,"NESTOGEN 1 110G",4800639076194,"Milk & Dairy",PACK,59.55,61,09/30/2027
PRD-01707,"NESTOGEN 1 135G",4802726735744,"Milk & Dairy",PACK,86.97,42,02/26/2027
PRD-01708,"NESTOGEN 1 340G",4805566447762,"Milk & Dairy",PACK,208.77,86,06/04/2027
PRD-01709,"NESTOGEN 2 1.3KG",4807181890625,"Milk & Dairy",PACK,822.55,8,05/08/2027
PRD-01710,"NESTOGEN 2 110G",4808417667127,"Milk & Dairy",PACK,57.89,21,01/22/2027
PRD-01711,"NESTOGEN 2 135G",4801985250910,"Milk & Dairy",PACK,88.27,11,06/22/2027
PRD-01712,"NESTOGEN 2 340G",4803127233728,"Milk & Dairy",PACK,216.67,94,05/25/2027
PRD-01713,"NESTOGEN 3 1.3KG",4801794879800,"Milk & Dairy",PACK,786.89,17,04/01/2027
PRD-01714,"NESTOGEN 3 110G",4800624030165,"Milk & Dairy",PACK,57.47,59,05/04/2027
PRD-01715,"NESTOGEN 3 135G",4808079001925,"Milk & Dairy",PACK,85.37,29,02/23/2027
PRD-01716,"NESTOGEN 3 340G",4807279440694,"Milk & Dairy",PACK,213.13,128,11/04/2027
PRD-01717,"NESTOGEN CLASSIC 110G",4803956866299,"Milk & Dairy",PACK,56.36,64,08/28/2027
PRD-01718,"NESTOGEN CLASSIC 135G",4808013063506,"Milk & Dairy",PACK,67.94,41,08/21/2026
PRD-01719,"NESTOGEN KID 3+",4807894638247,"Milk & Dairy",PCS,197.3,2,02/19/2027
PRD-01720,"NEUROBEXOL FORTE CAP X100",4803400769113,"Medicine / Pharmaceutical",BOX,5.26,1489,08/03/2027
PRD-01721,"NEUROBION FTE TAB X100",4804736368501,"Medicine / Pharmaceutical",BOX,67.49,152,08/06/2028
PRD-01722,"NEUROBION TAB X100",4805556273973,"Medicine / Pharmaceutical",BOX,24.85,1551,06/27/2027
PRD-01723,"NEUROGEN E TAB X100",4809831437323,"Medicine / Pharmaceutical",BOX,25.17,146,12/16/2027
PRD-01724,"NEW PLACENTA SOAP 90G",4808319653934,"Personal Care",PACK,66.07,4,09/28/2027
PRD-01725,"NIDO 3+ 1.2KG",4804653084259,"Milk & Dairy",PACK,903.26,17,05/19/2027
PRD-01726,"NIDO 3+ 2.4KG",4807523039914,"Milk & Dairy",PACK,1490.89,6,08/22/2027
PRD-01727,"NIDO 3+ 370G",4802186739367,"Milk & Dairy",PACK,284.72,52,12/04/2027
PRD-01728,"NIDO 3+ 700G",4801875739772,"Milk & Dairy",PACK,586.02,13,06/04/2027
PRD-01729,"NIDO 5+ 1.2KG",4806589476823,"Milk & Dairy",PACK,862.34,6,11/04/2027
PRD-01730,"NIDO 5+ 370G",4809442741724,"Milk & Dairy",PACK,270.66,56,01/28/2027
PRD-01731,"NIDO FORTIGROW 1.2KG",4803548649570,"Milk & Dairy",PACK,684.7,1,04/29/2027
PRD-01732,"NIDO FORTIGROW 370G",4801660419127,"Milk & Dairy",PACK,237.1,9,01/23/2027
PRD-01733,"NIDO JR 1.2KG",4807768187845,"Milk & Dairy",PACK,1026.06,23,11/08/2027
PRD-01734,"NIDO JR. 2.4KG",4800297517576,"Milk & Dairy",PACK,1520.2,23,12/04/2027
PRD-01735,"NIDO JR. 2KG",4802497209297,"Milk & Dairy",PACK,1392.16,3,09/29/2027
PRD-01736,"NIDO JR. 400G",4808509139325,"Milk & Dairy",PACK,311.38,149,04/30/2027
PRD-01737,"NIDO JR. 750G",4803034622096,"Milk & Dairy",PACK,597.62,30,05/30/2027
PRD-01738,"NIDO KINDER 3+ 370G",4808050219409,"Milk & Dairy",PACK,295.05,29,06/19/2026
PRD-01739,"NIDO KINDER 3+ 700G",4809959814201,"Milk & Dairy",PACK,593.41,9,02/01/2027
PRD-01740,"NIFEDIPINE 10MG CAP (NICARDIA) X100 CAP",4805050969978,"Medicine / Pharmaceutical",BOX,2.44,80,07/07/2027
PRD-01741,"NIFEDIPINE 5MG CAP (CALCIGARD) X100",4805525726584,"Medicine / Pharmaceutical",BOX,2.12,42,12/10/2027
PRD-01742,"NIPPLE SIL WIDE NECK FAST FLOW (CORAL)",4800072029093,"Baby Care",PCS,29.54,18,03/20/2028
PRD-01743,"NIPPLE SIL WIDE NECK MED FLOW (CORAL)",4807468007531,"Baby Care",PCS,30.73,9,06/17/2027
PRD-01744,"NIPPLE SILICONE CROSS CUT (BEST)",4807319624493,"Baby Care",PCS,18.93,20,02/28/2027
PRD-01745,"NIPPLE SILICONE LARGE (BEST)",4801985486830,"Baby Care",PCS,18.31,70,03/28/2028
PRD-01746,"NIPPLE SILICONE MEDIUM (BEST)",4804461085968,"Baby Care",PCS,18.42,59,01/28/2028
PRD-01747,"NIPPLE SILICONE SMALL (BEST)",4805769299416,"Baby Care",PCS,19.47,52,10/28/2027
PRD-01748,"NIVEA DEO EXTRA BRIGHT 25ML",4805713571316,"Personal Care",BOTTLE,96.38,36,07/17/2028
PRD-01749,"NIVEA DEO EXTRA BRIGHT POWDER 50ML",4801772019437,"Personal Care",BOTTLE,124.8,4,02/22/2028
PRD-01750,"NIVEA DEO EXTRA BRIGHT RADIANT 50ML",4801614569295,"Personal Care",BOTTLE,185.93,19,11/18/2027
PRD-01751,"NIVEA DEO EXTRA BRIGHT SMOOTH 50ML",4805144198989,"Personal Care",BOTTLE,201.38,9,05/30/2027
PRD-01752,"NIVEA DEO EXTRA WHITENING 50ML",4808151736001,"Personal Care",BOTTLE,131.11,6,05/04/2027
PRD-01753,"NIVEA DEO LOT COOL KICK 3ML",4809879981703,"Personal Care",BOTTLE,9.7,13,01/22/2028
PRD-01754,"NIVEA DEO LOT EXTRA BRIGHT 3ML",4802150162284,"Personal Care",BOTTLE,4.44,17,04/06/2027
PRD-01755,"NIVEA DEO PEARL 50ML",4802855341792,"Personal Care",BOTTLE,109.27,2,12/04/2027
PRD-01756,"NIVEA DEO SAKURA 50ML",4809313771227,"Personal Care",BOTTLE,101.35,1,09/04/2027
PRD-01757,"NIVEA DRY COMFORT 50ML",4804461548470,"Personal Care",BOTTLE,169.28,0,11/03/2026
PRD-01758,"NIVEA FOR WOMEN BLACK&WHITE INVISIBLE FRESH 50ML",4804955805055,"Personal Care",BOTTLE,113.63,2,12/04/2026
PRD-01759,"NIVEA MEN COOL KICK 25ML",4806277870861,"Personal Care",BOTTLE,86.79,25,07/17/2027
PRD-01760,"NIVEA MEN DEO COOL KICK 50ML",4804691250777,"Personal Care",BOTTLE,176.51,17,02/29/2028
PRD-01761,"NIVEA MEN DEO DRY IMPACT 50ML",4802457920170,"Personal Care",BOTTLE,192.88,3,10/18/2028
PRD-01762,"NIVEA MEN DEO INVISIBLE FRESH 50ML",4806007337988,"Personal Care",BOTTLE,99.85,3,03/03/2027
PRD-01763,"NIVEA MEN DEO INVISIBLE ORIG 25ML",4800129589853,"Personal Care",BOTTLE,78.53,31,11/17/2027
PRD-01764,"NIVEA MEN DEO INVISIBLE ORIG 50ML",4807368266439,"Personal Care",BOTTLE,119.22,10,09/17/2027
PRD-01765,"NIVEA MEN DEO SILVER 50ML",4803303573261,"Personal Care",BOTTLE,186.21,15,07/16/2028
PRD-01766,"NIVEA MEN SILVER PROTECT 25ML",4805999650102,"Personal Care",BOTTLE,101.55,1,07/04/2027
PRD-01767,"NIVEA RO BRIGHT SMOOTH 25ML",4808798481735,"Personal Care",BOTTLE,69.82,17,10/13/2027
PRD-01768,"NIVEA RO BRIGHT SMOOTH(YELLOW) 25ML",4800734866816,"Personal Care",BOTTLE,116.18,2,05/16/2027
PRD-01769,"NIVEA RO DRY COMFORT 25ML",4800483483145,"Personal Care",BOTTLE,69.52,1,03/04/2027
PRD-01770,"NIVEA RO PEARL&BEAUTY 25ML",4800826817853,"Personal Care",BOTTLE,85.74,3,12/29/2027
PRD-01771,"NIZORAL 20MG/ML SHAMPOO 6ML",4801687470457,"Medicine / Pharmaceutical",BOTTLE,80.62,67,06/30/2027
PRD-01772,"NIZORAL CREAM 3.5G",4809066281414,"Medicine / Pharmaceutical",TUBE,200.89,7,02/19/2028
PRD-01773,"NIZORAL CREAM 5G",4801610836564,"Medicine / Pharmaceutical",TUBE,291.59,8,07/19/2028
PRD-01774,"NOMOCOF DROPS 15ML",4805289141018,"Medicine / Pharmaceutical",BOTTLE,15.79,46,11/17/2027
PRD-01775,"NOMOCOF SYR 60ML",4800370368019,"Medicine / Pharmaceutical",BOTTLE,15.53,67,04/25/2028
PRD-01776,"NORGESIC FORTE TAB X100",4805186857522,"Medicine / Pharmaceutical",BOX,49.22,89,12/04/2027
PRD-01777,"NORVASC 10MG TAB X100",4801549243415,"Medicine / Pharmaceutical",BOX,47.1,16,05/27/2027
PRD-01778,"NORVASC 5MG TAB X100",4808656917730,"Medicine / Pharmaceutical",BOX,25.62,78,08/25/2028
PRD-01779,"NORVATROL 10MG TAB",4803587615641,"Medicine / Pharmaceutical",BOX,1.31,1995,07/07/2028
PRD-01780,"NORVATROL 5MG TAB",4808559118770,"Medicine / Pharmaceutical",BOX,1.06,8149,02/29/2028
PRD-01781,"NOVOMIT 25MG TABX100",4808981190603,"Medicine / Pharmaceutical",PCS,1.87,12,08/15/2026
PRD-01782,"NURSY BABY WIPES POWDER 30s",4807973327211,"Baby Care",PCS,46.84,6,01/19/2028
PRD-01783,"NURSY BABY WIPES POWDER 60s",4809457488787,"Baby Care",PCS,71.67,34,10/19/2028
PRD-01784,"NURSY BABY WIPES POWDER 90s",4802028741147,"Baby Care",PCS,106.66,11,01/19/2028
PRD-01785,"NURSY BABY WIPES UNSCENTED 30s",4800518923223,"Baby Care",PCS,44.42,4,03/26/2028
PRD-01786,"NURSY BABY WIPES UNSCENTED 60s",4809330652743,"Baby Care",PCS,70.7,9,05/24/2027
PRD-01787,"NURSY BABY WIPES UNSCENTED 90s",4809109624095,"Baby Care",PCS,93.46,24,03/19/2028
PRD-01788,"NUTRILLIN DROPS 15ML",4806934244963,"Medicine / Pharmaceutical",BOTTLE,111.85,26,06/16/2028
PRD-01789,"NUTRILLIN DROPS 30ML",4802274642764,"Medicine / Pharmaceutical",BOTTLE,166.12,16,05/23/2027
PRD-01790,"NUTRILLIN SYR 120ML",4807575091839,"Medicine / Pharmaceutical",BOTTLE,250.27,17,10/25/2028
PRD-01791,"NUTROPLEX SYR 120ML",4807265214361,"Medicine / Pharmaceutical",BOTTLE,227.4,22,02/29/2028
PRD-01792,"NUTROPLEX SYR 60ML",4806129221148,"Medicine / Pharmaceutical",BOTTLE,109.4,25,12/11/2027
PRD-01793,"NYSTATIN (Z-NYST) SUSP 30ML",4800640660765,"Medicine / Pharmaceutical",BOTTLE,68.24,17,02/09/2027
PRD-01794,"NYSTATIN DROPS (NYSTRIN) 30ML",4803259607533,"Medicine / Pharmaceutical",BOTTLE,69.84,2,03/13/2028
PRD-01795,"NYTASETH 1000,000 UNIT/ML X30ML",4802396505830,"Medicine / Pharmaceutical",BOTTLE,72.08,47,04/27/2028
PRD-01796,"OBIMIN PLUS SOFTGEL X30",4801719047083,"Vitamins & Supplements",PCS,22.3,152,08/06/2027
PRD-01797,"OBITRON CAP X100",4800228520817,"Medicine / Pharmaceutical",BOX,11.68,78,09/23/2028
PRD-01798,"OFF BABY LOTION 100ML",4809494206092,"Baby Care",BOTTLE,287.89,6,03/28/2028
PRD-01799,"OFF BABY LOTION 50ML",4804783183968,"Baby Care",BOTTLE,152.81,4,07/17/2028
PRD-01800,"OFF BABY LOTION SACH 6ML",4804970745881,"Baby Care",BOTTLE,10.78,28,02/26/2028
PRD-01801,"OFF KIDS LOTION 100ML",4802457434739,"Medicine / Pharmaceutical",BOTTLE,239.75,13,02/13/2028
PRD-01802,"OFF KIDS LOTION 50ML",4808936526354,"Medicine / Pharmaceutical",BOTTLE,144.05,12,04/22/2027
PRD-01803,"OFF KIDS LOTION 6ML",4801840660406,"Medicine / Pharmaceutical",BOTTLE,10.6,128,02/08/2028
PRD-01804,"OFF OVERTIME LOTION 100ML",4807202679959,"Medicine / Pharmaceutical",BOTTLE,244.5,10,06/19/2028
PRD-01805,"OFF OVERTIME LOTION 50ML",4801580553038,"Medicine / Pharmaceutical",BOTTLE,153.17,23,05/22/2027
PRD-01806,"OFF OVERTIME LOTION SACHET",4805015425828,"Personal Care",SACHET,10.9,88,05/16/2028
PRD-01807,"OFLOXACIN 200MG TAB (FLOXA) X100",4804339534119,"Medicine / Pharmaceutical",BOX,0.0,41,07/25/2027
PRD-01808,"OLAY NATURAL AURA (B) 7.5G X12",4808329853360,"Personal Care",PACK,22.58,12,10/22/2027
PRD-01809,"OLAY NATURAL AURA 7.5G",4809650468566,"Personal Care",PACK,23.02,77,01/27/2028
PRD-01810,"OLAY NW PINK GLOW CRM SACH 7.5G",4809151578624,"Personal Care",PACK,24.05,43,05/27/2027
PRD-01811,"OLAY NW PINK GLOW CRM SACH 7.5G X12",4808489709081,"Personal Care",PACK,24.18,21,02/02/2028
PRD-01812,"OLAY NW UV PROT CREAM RESEAL X6",4805969723248,"Personal Care",TUBE,41.06,15,03/27/2028
PRD-01813,"OLAY NW UV PRTCT CRM (Y) SACH 7.5G X12",4801940781542,"Personal Care",PACK,23.39,16,09/16/2027
PRD-01814,"OLAY NW UV PRTCT CRM SACH 7.5G",4802503274093,"Personal Care",PACK,23.33,58,07/27/2027
PRD-01815,"OLLEN CO-AMOXICLAV 1G TAB X 14",4803014678200,"Medicine / Pharmaceutical",BOX,21.72,22,06/09/2027
PRD-01816,"OMEGA ADV SPRAY 50ML",4805642708009,"Vitamins & Supplements",BOTTLE,96.61,1,12/19/2026
PRD-01817,"OMEGA PAIN KILLER 120ML",4802327774460,"Vitamins & Supplements",BOTTLE,129.55,6,10/11/2028
PRD-01818,"OMEGA PAIN KILLER 15ML",4802472126483,"Vitamins & Supplements",BOTTLE,25.51,9,11/16/2028
PRD-01819,"OMEGA PAIN KILLER 30ML",4809466139986,"Vitamins & Supplements",BOTTLE,41.23,35,10/16/2028
PRD-01820,"OMEGA PAIN KILLER 60ML",4808770715149,"Vitamins & Supplements",BOTTLE,73.41,12,01/02/2028
PRD-01821,"OMEGA PRO 60ML",4805964248660,"Vitamins & Supplements",BOTTLE,84.02,1,02/17/2027
PRD-01822,"OMEPRASAPH 20MG CAP",4806675956756,"Medicine / Pharmaceutical",BOX,0.82,10,08/01/2027
PRD-01823,"OMEPRAZOLE 20MG CAP (OMEPHIL) X100",4807597737806,"Medicine / Pharmaceutical",BOX,1.05,5,10/01/2027
PRD-01824,"OMEPRAZOLE 20MG TAB (ZOSEC) X100",4803632762653,"Medicine / Pharmaceutical",BOX,2.05,552,04/22/2028
PRD-01825,"OMEPRAZOLE 40MG (INHIBITA) TAB X100",4804352215319,"Medicine / Pharmaceutical",BOX,3.95,361,04/18/2027
PRD-01826,"OMEPRAZOLE 40MG (OMEPRASAPH) TAB X100",4808054272983,"Medicine / Pharmaceutical",BOX,3.77,7,06/01/2028
PRD-01827,"OMEPRAZOLE 40MG CAP (OMEPHIL-40) X100",4802808312666,"Medicine / Pharmaceutical",BOX,4.08,1258,08/07/2027
PRD-01828,"OMEPRAZOLE 40MG CAP (RANZOLE) X100",4809408274419,"Medicine / Pharmaceutical",BOX,4.34,661,01/13/2028
PRD-01829,"OMEPRAZOLE 40MG IV (OPREX) X10",4804825235924,"Medicine / Pharmaceutical",PCS,26.42,8,06/03/2028
PRD-01830,"OMEPRON 40MG TAB X28",4806008734370,"Medicine / Pharmaceutical",BOX,85.58,25,12/12/2026
PRD-01831,"OMEPRON CAP 20MG X20",4807231933700,"Medicine / Pharmaceutical",BOX,59.66,13,10/02/2026
PRD-01832,"OMX CAPSULE X60",4809968744022,"Vitamins & Supplements",PCS,47.92,104,09/22/2027
PRD-01833,"OPTEIN CAP X100",4800376482326,"Medicine / Pharmaceutical",BOX,35.08,61,06/02/2028
PRD-01834,"ORABAC 200MG/5ML SUSP 15ML",4806780259701,"Medicine / Pharmaceutical",BOTTLE,67.9,1,12/10/2026
PRD-01835,"ORAHEX REG 120ML",4807023023722,"Medicine / Pharmaceutical",BOTTLE,143.0,3,08/21/2028
PRD-01836,"ORAHEX-AF MINT 120ML",4802220691279,"Medicine / Pharmaceutical",BOTTLE,131.46,9,05/21/2027
PRD-01837,"ORAL B TB CLASSIC ULTRACLEAN MED",4804842561021,"Personal Care",PCS,33.37,18,03/20/2028
PRD-01838,"ORAL B TB SHINY CLEAN SOFT",4809391230376,"Personal Care",PCS,21.85,64,01/21/2028
PRD-01839,"ORFAGEN 650MG/50MG TAB X 100",4803043376482,"Medicine / Pharmaceutical",BOX,8.31,132,01/05/2028
PRD-01840,"ORPHENADRINE +PARA 650/35MG TAB X100",4808208995700,"Medicine / Pharmaceutical",BOX,9.5,74,12/01/2027
PRD-01841,"OXECURE ACNECLEAR MOIST 10ML",4800523046293,"Personal Care",BOTTLE,193.48,1,05/14/2026
PRD-01842,"OXECURE ACNECLEAR POWDER MUD 5g",4802056537297,"Personal Care",PACK,74.49,2,06/17/2028
PRD-01843,"OXECURE DAILY SUNSCREEN SPF50 6G",4807014457778,"Personal Care",PACK,76.17,4,11/14/2026
PRD-01844,"OXEED 125mg/5ml- 60 ml",4803790955889,"Medicine / Pharmaceutical",BOTTLE,37.92,2,02/05/2028
PRD-01845,"PALMOLIVE SHAMP ALOE 180ML",4800687959795,"Personal Care",BOTTLE,155.62,7,03/16/2028
PRD-01846,"PALMOLIVE SHAMP COCO 180ML",4806284927359,"Personal Care",BOTTLE,142.26,4,08/30/2028
PRD-01847,"PALMOLIVE SHAMP COOL & FRESH PEPPERMINT 15ML",4803661459242,"Personal Care",BOTTLE,6.51,5,04/05/2027
PRD-01848,"PALMOLIVE SHAMP OLIVE 180ML",4809515473090,"Personal Care",BOTTLE,142.96,1,01/12/2026
PRD-01849,"PALMOLIVE SHAMP SILKY STRAIGHT OLIVE 15ML",4800405877559,"Personal Care",BOTTLE,6.81,5,07/05/2027
PRD-01850,"PALMOLIVE SHAMP SMOOTH ALOE 15ML",4805304451948,"Personal Care",BOTTLE,6.38,3,01/05/2027
PRD-01851,"PAMPERS BABY-DRY L14",4807343320901,"Baby Care",PCS,224.05,0,01/04/2027
PRD-01852,"PAMPERS BABY-DRY NB20",4806011876600,"Baby Care",PCS,223.73,0,05/30/2027
PRD-01853,"PAMPERS BABY-DRY S18",4801278955934,"Baby Care",PCS,176.84,6,06/26/2027
PRD-01854,"PAMPERS PANTS L14",4804153308001,"Baby Care",PCS,175.45,0,01/04/2027
PRD-01855,"PAMPERS PANTS M16",4807831074656,"Baby Care",PCS,216.11,0,07/26/2027
PRD-01856,"PAMPERS PANTS XL12",4808746997757,"Baby Care",PCS,154.22,5,05/26/2027
PRD-01857,"PAMPERS PANTS XXL11",4808208419172,"Baby Care",PCS,189.34,2,06/20/2027
PRD-01858,"PANTO + DOMPE 40/30MG (PANTOZISAPH) X30",4807198053217,"Medicine / Pharmaceutical",PCS,7.01,522,10/09/2027
PRD-01859,"PANTOPRAZOLE 40M (PANTOSAPH) TAB X30",4806893208798,"Medicine / Pharmaceutical",BOX,4.0,34,04/20/2028
PRD-01860,"PANTOPRAZOLE 40MG (H-PANTO) TAB X50",4806399510866,"Medicine / Pharmaceutical",BOX,4.7,99,09/06/2027
PRD-01861,"PANTOPRAZOLE 40MG (RESTON) TAB X30",4803170874367,"Medicine / Pharmaceutical",BOX,4.43,212,05/03/2028
PRD-01862,"PARACETAMOL (AMADOL) 150MG AMP 2ml X10",4806919799704,"Medicine / Pharmaceutical",BOTTLE,8.67,68,08/31/2027
PRD-01863,"PARACETAMOL (PARACY) 150MG AMP 2ml X10",4809443437617,"Medicine / Pharmaceutical",BOTTLE,9.26,3,12/23/2027
PRD-01864,"PARACETAMOL + BCOMPLEX TAB (PBCARE) X100",4801180413464,"Medicine / Pharmaceutical",BOX,4.93,425,09/16/2027
PRD-01865,"PARACETAMOL + TRAMADOL TAB (DUO-GESIC) X100",4805989624736,"Medicine / Pharmaceutical",BOX,5.2,387,04/10/2028
PRD-01866,"PARACETAMOL 100MG/ML DROPS (MILGESIC) 15ML",4802553939072,"Medicine / Pharmaceutical",BOTTLE,14.79,4,05/12/2028
PRD-01867,"PARACETAMOL 100MG/ML DROPS (NOVAMOL) 15ML",4809716808669,"Medicine / Pharmaceutical",BOTTLE,16.55,1,02/26/2028
PRD-01868,"PARACETAMOL 100MG/ML DROPS (PARA100) 15ML",4802534211575,"Medicine / Pharmaceutical",BOTTLE,15.8,9,03/17/2027
PRD-01869,"PARACETAMOL 125MG (PARA125) SYR 60ML",4809276788227,"Medicine / Pharmaceutical",BOTTLE,14.48,156,04/20/2028
PRD-01870,"PARACETAMOL 250MG (NOVAMOL) SUSP 60ML",4805362096925,"Medicine / Pharmaceutical",BOTTLE,17.45,1,03/26/2028
PRD-01871,"PARACETAMOL 250MG (PARA250) SYR 60ML",4801148165588,"Medicine / Pharmaceutical",BOTTLE,16.73,120,05/28/2028
PRD-01872,"PARACETAMOL 500MG (PHILPARA) X100",4805210081924,"Medicine / Pharmaceutical",PCS,0.44,748,11/24/2027
PRD-01873,"PARTNERS NEBULIZER MASK ADULT",4808529925925,"Medical Supplies & Devices",PCS,53.4,4,12/28/2027
PRD-01874,"PARTNERS NEBULIZER MASK PEDIA",4800926046847,"Medical Supplies & Devices",PCS,53.88,8,03/15/2028
PRD-01875,"PAU LINIMENT 30ML",4809149691641,"Medicine / Pharmaceutical",BOTTLE,92.93,2,11/21/2027
PRD-01876,"PAU LINIMENT 60ML",4802547639748,"Medicine / Pharmaceutical",BOTTLE,162.52,3,12/26/2027
PRD-01877,"PAU MASAJE CLASSIC 60ML",4800549853942,"Medicine / Pharmaceutical",BOTTLE,79.45,0,09/26/2028
PRD-01878,"PAU MASAJE FLORAL 60ML",4805783560662,"Medicine / Pharmaceutical",BOTTLE,88.7,2,06/26/2028
PRD-01879,"PAU MASAJE ORANGE SCENT 60ML",4801406246798,"Medicine / Pharmaceutical",BOTTLE,81.85,11,07/26/2027
PRD-01880,"PAU MASAJE PEPPERMINT 60ML",4801474441529,"Medicine / Pharmaceutical",BOTTLE,93.34,3,01/07/2028
PRD-01881,"PECOF  TABLET X10",4806960319246,"Medicine / Pharmaceutical",PCS,21.32,23,12/06/2027
PRD-01882,"PECOF SYRUP 100ML",4808720711916,"Medicine / Pharmaceutical",BOTTLE,276.66,14,11/19/2027
PRD-01883,"PECOF SYRUP 60ML",4805198328080,"Medicine / Pharmaceutical",BOTTLE,277.07,2,05/24/2027
PRD-01884,"PEDIAFORTAN AS SYR 120ML",4805461091279,"Medicine / Pharmaceutical",BOTTLE,391.78,4,10/13/2027
PRD-01885,"PEDIAFORTAN AS SYR 60ML",4808856756094,"Medicine / Pharmaceutical",BOTTLE,262.58,2,01/05/2028
PRD-01886,"PEDIALYTE MILD 30 APPLE 500ML",4807679797159,"Medicine / Pharmaceutical",BOTTLE,149.53,19,08/15/2028
PRD-01887,"PEDIALYTE MILD 30 GRAPE 500ML",4803359688603,"Medicine / Pharmaceutical",BOTTLE,158.16,8,07/27/2027
PRD-01888,"PEDIALYTE MILD 30 STRAW 500ML",4800212280102,"Medicine / Pharmaceutical",BOTTLE,156.45,31,05/03/2028
PRD-01889,"PEDIAMOX 100MG/ML DROPS 10ML",4802849976661,"Medicine / Pharmaceutical",BOTTLE,113.56,10,06/07/2028
PRD-01890,"PEDIAMOX 250MG/5ML SYR 60ML",4801261445271,"Medicine / Pharmaceutical",BOTTLE,179.12,9,07/13/2027
PRD-01891,"PEDIASURE 1-3 370G",4804146905025,"Milk & Dairy",PACK,853.26,1,07/02/2027
PRD-01892,"PEDIASURE 1-3 400G",4800878790001,"Milk & Dairy",PACK,747.33,8,05/16/2027
PRD-01893,"PEDIASURE 3+ (VANILLA) 370G",4809604423599,"Milk & Dairy",PACK,851.95,2,03/01/2028
PRD-01894,"PEDIASURE 3+ 400G",4809657087308,"Milk & Dairy",PACK,790.36,1,07/17/2026
PRD-01895,"PEDZINC PLUS C DROPS 30ML",4803643109611,"Medicine / Pharmaceutical",BOTTLE,171.9,4,10/06/2028
PRD-01896,"PEDZINC PLUS C SYR 120ML",4805593562322,"Medicine / Pharmaceutical",BOTTLE,169.42,13,10/25/2027
PRD-01897,"PEFTRIN 1G VIALX10",4805699578205,"Medicine / Pharmaceutical",PACK,20.72,14,08/11/2027
PRD-01898,"PETROLEUM JELLY APOLLO 25G X12",4805963995705,"Personal Care",PACK,51.33,18,05/14/2027
PRD-01899,"PETROLEUM JELLY APOLLO 50G",4802107305717,"Personal Care",PACK,69.23,13,11/14/2027
PRD-01900,"PH CARE COOLCOM 50ML SPRAY",4808433860822,"Medicine / Pharmaceutical",BOTTLE,193.04,1,04/13/2027
PRD-01901,"PH CARE COOLING 5ML SACH X12",4807735845423,"Medicine / Pharmaceutical",BOTTLE,7.24,16,07/07/2028
PRD-01902,"PH CARE FLORAL 5ML SACH X12",4800962894639,"Medicine / Pharmaceutical",BOTTLE,5.7,17,08/06/2027
PRD-01903,"PH CARE FW COOLING 150ML",4801583376894,"Personal Care",BOTTLE,171.04,11,03/16/2028
PRD-01904,"PH CARE FW COOLING 50ML",4808803231586,"Personal Care",BOTTLE,68.86,66,01/09/2028
PRD-01905,"PH CARE FW DELICATE 150ML",4801198936710,"Personal Care",BOTTLE,182.5,4,04/29/2028
PRD-01906,"PH CARE FW DELICATE 50ML",4808239051626,"Personal Care",BOTTLE,69.95,14,06/23/2028
PRD-01907,"PH CARE FW FLORAL 150ML",4800832109426,"Personal Care",BOTTLE,148.89,4,03/21/2027
PRD-01908,"PH CARE FW FLORAL 50ML",4804019498712,"Personal Care",BOTTLE,59.08,20,08/16/2027
PRD-01909,"PH CARE FW NATURAL 150ML",4800753911995,"Personal Care",BOTTLE,157.1,6,08/06/2027
PRD-01910,"PH CARE FW NATURAL 50ML",4800246716110,"Personal Care",BOTTLE,62.81,31,03/02/2028
PRD-01911,"PH CARE NATPRO 50 ML SPRAY",4808947400829,"Medicine / Pharmaceutical",PCS,196.33,1,09/13/2027
PRD-01912,"PH CARE NATURAL 5ML SACH X12",4807305150527,"Medicine / Pharmaceutical",BOTTLE,7.34,8,05/22/2028
PRD-01913,"PH CARE ULTRA PURE 50ML FEMINE WASH",4809063965045,"Medicine / Pharmaceutical",BOTTLE,65.96,4,06/16/2027
PRD-01914,"PHAREX B-COMPLEX TAB X400",4801789487855,"Medicine / Pharmaceutical",BOX,5.01,3762,06/06/2027
PRD-01915,"PHAREX E 400I.U CAP X30",4801928325698,"Medicine / Pharmaceutical",BOX,9.88,106,07/21/2027
PRD-01916,"PHARMATON CAP X100",4802021644254,"Medicine / Pharmaceutical",BOX,29.67,88,10/27/2028
PRD-01917,"PHILCEF-DS 250 SUSP 60ML",4808835629399,"Medicine / Pharmaceutical",BOTTLE,97.53,60,03/15/2028
PRD-01918,"PHOSPHOLIPIDS+ MV 300MG CAP (SAPHLIVE) X100",4807802329512,"Medicine / Pharmaceutical",BOX,6.02,158,03/28/2027
PRD-01919,"PINIPIG CHOCO REG",4808010132587,"Snacks & Confectionery",PCS,18.56,761,04/04/2028
PRD-01920,"PINIPIG STRAWBERRY REG",4804120835617,"Snacks & Confectionery",PCS,16.49,307,06/04/2028
PRD-01921,"PINIPIG UBE KESO REG",4802007267468,"Snacks & Confectionery",PCS,15.43,292,02/04/2028
PRD-01922,"PINOY CLASSICS UBE MONGGO",4800213685357,"Snacks & Confectionery",PCS,16.28,126,07/04/2027
PRD-01923,"PIOGLITASAPH-30 TAB X30",4801931009341,"Medicine / Pharmaceutical",BOX,6.29,3,05/01/2028
PRD-01924,"PIOGLITAZONE 15MG (PIO-SOURCE) TAB X100",4807142082313,"Medicine / Pharmaceutical",BOX,2.81,86,06/28/2028
PRD-01925,"PIOGLITAZONE 30MG TAB (GLITO) X100",4802366512931,"Medicine / Pharmaceutical",BOX,5.9,155,10/02/2027
PRD-01926,"PIOGLITAZONE 30MG TAB (PIOMED) X100",4802306599217,"Medicine / Pharmaceutical",BOX,3.62,165,12/01/2028
PRD-01927,"PIRACETAM 800MG TAB (RETENTO) X30",4802108410196,"Medicine / Pharmaceutical",BOX,7.9,248,09/30/2028
PRD-01928,"PIROXICAM 20MG CAP (DM) X100",4809159467389,"Medicine / Pharmaceutical",BOX,1.81,404,09/01/2028
PRD-01929,"PLASIL 10MG TAB X100",4809390072197,"Medicine / Pharmaceutical",BOX,25.78,24,05/07/2028
PRD-01930,"PLEMEX FORTE CAP 600MG X100",4804005923788,"Medicine / Pharmaceutical",BOX,9.05,1051,12/04/2028
PRD-01931,"PLEMEX FTE 600MG/5ML SYR 120ML",4801293936744,"Medicine / Pharmaceutical",BOTTLE,211.18,24,02/03/2028
PRD-01932,"PLEMEX FTE 600MG/5ML SYR 60ML",4808738709840,"Medicine / Pharmaceutical",BOTTLE,159.48,27,05/25/2028
PRD-01933,"PLEMEX KIDS SYR 120ML",4806601824802,"Medicine / Pharmaceutical",BOTTLE,166.75,48,04/29/2028
PRD-01934,"PLEMEX KIDS SYR 60ML",4802672473772,"Medicine / Pharmaceutical",BOTTLE,124.32,133,11/13/2028
PRD-01935,"PLENDIL ER 5MG",4805349037858,"Medicine / Pharmaceutical",PCS,47.83,141,03/29/2028
PRD-01936,"PLURADEC SYR 120ML",4807890353519,"Medicine / Pharmaceutical",BOTTLE,58.24,3,07/19/2026
PRD-01937,"PLURADEC SYR 60ML",4802988294613,"Medicine / Pharmaceutical",BOTTLE,36.41,60,10/17/2027
PRD-01938,"PNSS EUROMED 50ML X20",4808272891220,"Medicine / Pharmaceutical",BOTTLE,54.42,26,04/26/2027
PRD-01939,"PNSS IRRIGATING SOLN 1L",4808956757621,"Medicine / Pharmaceutical",PCS,82.18,9,02/20/2027
PRD-01940,"POCARI SWEAT 2L",4805737114531,"Water & Beverages",PCS,183.88,47,05/30/2027
PRD-01941,"POCARI SWEAT 500ML",4802370500922,"Water & Beverages",BOTTLE,48.35,903,08/30/2027
PRD-01942,"POCARI SWEAT 900ML",4807088456362,"Water & Beverages",BOTTLE,105.26,461,11/28/2028
PRD-01943,"POLIDENT ADHESIVE CRM 20G",4804814645976,"Personal Care",PACK,142.6,38,03/30/2028
PRD-01944,"POLY+NEO+DEXA OPTH SOLN (ISORE) 5ML",4805974315572,"Medicine / Pharmaceutical",BOTTLE,120.46,6,10/30/2027
PRD-01945,"POND'S AGE MIRACLE DC 10G",4806083144025,"Personal Care",PACK,153.21,0,12/22/2027
PRD-01946,"POND'S AGE MIRACLE NIGHT CREAM 10G",4803296398330,"Personal Care",TUBE,180.39,0,06/22/2028
PRD-01947,"POND'S BB POWDER 50G",4803351613845,"Personal Care",PACK,118.02,13,06/30/2028
PRD-01948,"POND'S TONE UP POWDER 40G",4806593904321,"Personal Care",PACK,105.71,1,12/29/2026
PRD-01949,"PONDS ACNE CLEAR TONER 60ML",4803575818181,"Personal Care",BOTTLE,77.39,2,01/23/2028
PRD-01950,"PONDS FACIAL FOAM ULTIMATE CLARITY  10G X12",4809480572016,"Personal Care",PACK,20.43,14,07/30/2027
PRD-01951,"PONDS FC FOAM ACNE(THYMO-BHA) 10G X12",4807877825837,"Personal Care",PACK,19.4,28,02/22/2028
PRD-01952,"PONDS FC SCRUB ACNE(CLAY BHA) 10G X12",4808936296021,"Personal Care",PACK,20.38,38,09/30/2027
PRD-01953,"PONDS FF CHARCOAL OIL CONTROL 10G X12",4806354344304,"Personal Care",PACK,17.25,5,03/24/2027
PRD-01954,"PONDS FF CHARCOAL OIL CONTROL(DETOX) 10G X12",4800303622921,"Personal Care",PACK,19.07,6,03/07/2027
PRD-01955,"PONDS FF ULTIMATE CLARITY 10G X12",4809401375274,"Personal Care",PACK,19.44,71,07/10/2027
PRD-01956,"PONDS HYDRA MIRACLE  ULTRA LIGHT BIOME GEL 10G",4801471562694,"Personal Care",PACK,96.19,1,02/23/2027
PRD-01957,"PONDS MEN FW ENERGY 12G X12",4801120191249,"Personal Care",PACK,20.08,51,03/15/2028
PRD-01958,"PONDS MIR DAY CREAM SERUM 12G X12",4803221726918,"Personal Care",TUBE,31.77,56,02/16/2028
PRD-01959,"PONDS MIR DAY CREAM SERUM 7G X12",4800884095374,"Personal Care",TUBE,19.69,9,10/22/2028
PRD-01960,"PONDS MIR DAY CREAM SERUM DETOX 12G X12",4809000210408,"Personal Care",TUBE,34.95,35,09/30/2028
PRD-01961,"PONDS MIR DAY CREAM SERUM DETOX 7G X12",4809168535270,"Personal Care",TUBE,18.9,56,03/30/2029
PRD-01962,"PONDS MIR SERUM BURST CRM 7G X6",4809490264755,"Personal Care",PACK,49.54,19,07/10/2027
PRD-01963,"PONDS TONE UP MILK 6G",4807917580971,"Personal Care",PACK,15.14,32,12/07/2026
PRD-01964,"PONDS TONER ACNE CLEAR 100ML",4809139274678,"Personal Care",BOTTLE,121.61,7,04/15/2028
PRD-01965,"PONDS TONER PINK (PORE) 100ML",4807830461508,"Personal Care",BOTTLE,151.95,3,07/18/2028
PRD-01966,"PONDS TONER PINK 100ML",4800690359751,"Personal Care",BOTTLE,146.47,7,02/29/2028
PRD-01967,"PONDS TONER PINK 60ML",4805254233306,"Personal Care",BOTTLE,92.54,6,09/18/2028
PRD-01968,"PONDS UV BRIGHT NIASORCINOL SUNSCREEN 30G SPF50++++",4807033266943,"Personal Care",PACK,239.62,1,08/29/2026
PRD-01969,"PONDS UV MIRACLE BRIGHT SPF 50++++ NIASORCINOL SUNSCREEN",4807934694323,"Personal Care",PCS,147.3,1,05/27/2027
PRD-01970,"PONDS UV MIRACLE HYDRATE SPF 50++++ HYA-CERAMIDE SUNSCREEN",4809530727853,"Personal Care",PCS,144.27,2,03/27/2027
PRD-01971,"PONSTAN FCT 500MG TAB X200",4803134974517,"Medicine / Pharmaceutical",BOX,49.48,23,09/03/2027
PRD-01972,"PONSTAN SF 250MG CAP X100",4801728863739,"Medicine / Pharmaceutical",BOX,26.11,15,05/03/2028
PRD-01973,"PONSTAN SF 500MG CAP X100",4801861454639,"Medicine / Pharmaceutical",BOX,52.65,162,02/04/2028
PRD-01974,"POTASIUM CHLORIDE 2 MEQ/ML SOLUTION FOR INJECTION (IV) 20ML",4808791824662,"Medicine / Pharmaceutical",BOTTLE,54.63,21,04/16/2027
PRD-01975,"POTASSIUM CHLORIDE (EUROMED) VIAL 20ML",4809508154020,"Medicine / Pharmaceutical",BOTTLE,55.85,7,06/04/2027
PRD-01976,"POTASSIUM CHLORIDE 600MG (KALIUSAPHRIDE) TAB X100",4800520601497,"Medicine / Pharmaceutical",BOX,8.43,0,12/25/2026
PRD-01977,"POTASSIUM CHLORIDE 600MG TAB (K-LYTE) X100",4806286614164,"Medicine / Pharmaceutical",BOX,11.23,193,02/04/2028
PRD-01978,"POTASSIUM CITRATE 1080MG (ALKALINASE) TAB X30",4807253451457,"Medicine / Pharmaceutical",BOX,4.88,56,05/29/2026
PRD-01979,"POTASSIUM CITRATE 1080MG (KELCITRA) TAB X100",4804344704318,"Medicine / Pharmaceutical",BOX,5.56,431,06/01/2028
PRD-01980,"POTENCEE + C COLLAGEN CAP X10",4809639384138,"Vitamins & Supplements",BOX,22.87,115,11/13/2027
PRD-01981,"POTENCEE + ZN ADVANCE CAP X100",4803154903644,"Vitamins & Supplements",BOX,7.51,191,06/15/2027
PRD-01982,"POTENCEE FORTE 1G TAB X100",4802292900762,"Vitamins & Supplements",BOX,11.73,137,10/04/2028
PRD-01983,"POTENCEE SC 500MG TAB X100",4809326069791,"Vitamins & Supplements",BOX,6.96,570,01/11/2028
PRD-01984,"PRADOL 325MG/37.5MG TAB X100",4804859797744,"Medicine / Pharmaceutical",BOX,9.57,116,11/18/2027
PRD-01985,"PRED 10 TAB X500",4803968242499,"Medicine / Pharmaceutical",BOX,6.04,277,09/04/2028
PRD-01986,"PRED 20 TAB X500",4801631396553,"Medicine / Pharmaceutical",BOX,9.78,418,10/03/2027
PRD-01987,"PRED 30 TAB X100",4800955856805,"Medicine / Pharmaceutical",BOX,15.22,55,02/04/2028
PRD-01988,"PRED 5 TAB X100",4804860598325,"Medicine / Pharmaceutical",BOX,2.86,827,12/27/2027
PRD-01989,"PREDNISONE 10MG (PREDEX) SUSP 60ML",4808204793587,"Medicine / Pharmaceutical",BOTTLE,73.74,0,01/29/2027
PRD-01990,"PREDNISONE 10MG TAB (VONWELT) X100",4803440355365,"Medicine / Pharmaceutical",BOX,0.99,1037,04/30/2027
PRD-01991,"PREDNISONE 10MG/5ML SUSP (LEFESONE) 60ML",4807798377610,"Medicine / Pharmaceutical",BOTTLE,61.21,6,09/30/2027
PRD-01992,"PREDNISONE 10MG/5ML SUSP (PREND) 60ML",4803455975428,"Medicine / Pharmaceutical",BOTTLE,59.53,0,04/18/2027
PRD-01993,"PREDNISONE 20MG TAB (CORT) X100",4806401082437,"Medicine / Pharmaceutical",BOX,2.82,310,11/01/2027
PRD-01994,"PREDNISONE 20MG TAB (PREND) X100",4802484500564,"Medicine / Pharmaceutical",BOX,3.07,1,05/25/2027
PRD-01995,"PREDNISONE 5MG TAB (SYSTOCOR) X100",4807865441365,"Medicine / Pharmaceutical",BOX,0.63,935,06/28/2028
PRD-01996,"PREGABALIN 75MG (GRABALIN) X28",4801551991961,"Medicine / Pharmaceutical",PCS,4.74,167,02/22/2027
PRD-01997,"PREGABALIN 75MG (NEURORITE) X100",4809276738702,"Medicine / Pharmaceutical",PCS,3.75,208,02/11/2028
PRD-01998,"PREGABALIN 75MG CAP (PREGABASAPH) X30",4803234859325,"Medicine / Pharmaceutical",BOX,4.61,15,02/01/2028
PRD-01999,"PREGNANCY TEST (ADVAN) X50",4808358333776,"Medical Supplies & Devices",PCS,8.81,486,12/29/2027
PRD-02000,"PREGNANCY TEST (SUREGUARD)",4807448526190,"Medical Supplies & Devices",PCS,7.2,44,05/26/2027
PRD-02001,"PROGLIN 50MG TAB X14",4803234354704,"Medicine / Pharmaceutical",BOX,36.09,10,07/12/2026
PRD-02002,"PROPAN SYR 120ML",4802962662837,"Vitamins & Supplements",BOTTLE,757.52,15,01/03/2028
PRD-02003,"PROPAN SYRUP 60ML",4808178699276,"Vitamins & Supplements",BOTTLE,392.9,18,05/20/2028
PRD-02004,"PROPAN TLC DROPS 15ML",4805646445191,"Vitamins & Supplements",BOTTLE,119.28,9,05/25/2027
PRD-02005,"PROPAN TLC DROPS 30ML",4805225370325,"Vitamins & Supplements",BOTTLE,212.32,3,04/19/2026
PRD-02006,"PROPAN TLC SYR 120ML",4802347551072,"Vitamins & Supplements",BOTTLE,236.72,40,05/27/2027
PRD-02007,"PROPAN TLC SYR 60ML",4804122677238,"Vitamins & Supplements",BOTTLE,141.56,26,10/04/2027
PRD-02008,"PROPAN W/ IRON CAP X500",4802521050395,"Vitamins & Supplements",BOX,37.85,241,09/27/2027
PRD-02009,"PROPPRANOLOL 40MG TAB (ORANOL) X100",4802601671881,"Medicine / Pharmaceutical",BOX,0.9,176,12/25/2026
PRD-02010,"PROPRANOLOL 10MG TAB (ORANOL) X100",4807984839904,"Medicine / Pharmaceutical",BOX,0.79,588,06/14/2028
PRD-02011,"PROVERA 10MG TAB X100",4809782984509,"Medicine / Pharmaceutical",BOX,110.93,27,09/09/2027
PRD-02012,"PROZINC 2G X60 SACHETS",4808188549912,"Vitamins & Supplements",SACHET,82.0,74,09/28/2027
PRD-02013,"PROZINC 2GX60 SACHETS",4809594383928,"Vitamins & Supplements",SACHET,80.74,26,10/07/2026
PRD-02014,"PSALMSTRE PLACENTA SOAP 135G",4800683823488,"Personal Care",PACK,95.68,3,03/28/2027
PRD-02015,"R.I.P.E (QUADMAX) TAB X80",4802074372935,"Medicine / Pharmaceutical",BOX,11.58,155,03/10/2027
PRD-02016,"RABAPHEN X10 AMP",4806015838793,"Medicine / Pharmaceutical",PCS,23.33,19,09/28/2027
PRD-02017,"RACECADOTRIL (RACECORE) 30MG X16 SACHETS",4809189848393,"Medicine / Pharmaceutical",SACHET,44.1,24,01/12/2028
PRD-02018,"RAMAVIT TAB",4807474963772,"Medicine / Pharmaceutical",BOX,1.13,3363,05/08/2027
PRD-02019,"RANICLAV 625MG TAB X100",4801183818703,"Medicine / Pharmaceutical",BOX,8.83,300,07/15/2028
PRD-02020,"RANITIDINE 150MG TAB (RANITEIN) X100",4803855829487,"Medicine / Pharmaceutical",BOX,0.9,365,07/03/2026
PRD-02021,"RANITIDINE 300MG TAB (RANITEIN) X100",4806741007790,"Medicine / Pharmaceutical",BOX,2.22,455,03/27/2027
PRD-02022,"RANZOLE 20MG CAP X100",4808972153533,"Medicine / Pharmaceutical",BOX,1.2,365,07/12/2027
PRD-02023,"RANZOLE 40MG CAP X100",4803966074429,"Medicine / Pharmaceutical",BOX,3.63,336,05/09/2028
PRD-02024,"RAPAMOL T 325MG/37.5MG",4801219587114,"Medicine / Pharmaceutical",PCS,5.69,209,12/20/2027
PRD-02025,"RAPIDAX OTIC SOLN 5ML",4807942238576,"Medicine / Pharmaceutical",BOTTLE,134.89,10,02/09/2027
PRD-02026,"RDL BABYFACE #1 30ML",4807017596790,"Personal Care",BOTTLE,42.78,3,02/10/2027
PRD-02027,"RDL BABYFACE #1 60ML",4808746570133,"Personal Care",BOTTLE,68.0,14,02/28/2027
PRD-02028,"RDL BABYFACE #2 30ML",4801218988858,"Personal Care",BOTTLE,38.91,43,10/11/2027
PRD-02029,"RDL BABYFACE #2 60ML",4809380622452,"Personal Care",BOTTLE,79.92,57,11/02/2028
PRD-02030,"RDL BABYFACE #3 30ML",4807205573753,"Personal Care",BOTTLE,49.18,39,12/11/2027
PRD-02031,"RDL BABYFACE #3 60ML",4803980370594,"Personal Care",BOTTLE,79.41,96,08/02/2027
PRD-02032,"RDL BABYFACE FC AVOCADO 150ML",4804591208936,"Personal Care",BOTTLE,44.67,3,10/05/2026
PRD-02033,"RDL BABYFACE FC AVOCADO 250ML",4806212511783,"Personal Care",BOTTLE,61.19,1,11/03/2027
PRD-02034,"RDL BABYFACE FC AVOCADO 75ML",4803951738371,"Personal Care",BOTTLE,31.33,2,02/12/2027
PRD-02035,"RDL BABYFACE FC CUCUMBER 150ML",4805220921714,"Personal Care",BOTTLE,45.45,5,12/26/2027
PRD-02036,"RDL BABYFACE FC CUCUMBER 75ML",4806190923490,"Personal Care",BOTTLE,30.97,2,04/12/2027
PRD-02037,"RDL BABYFACE FC KALAMANSI 150ML",4801598299048,"Personal Care",BOTTLE,44.68,6,06/11/2027
PRD-02038,"RDL BABYFACE FC KALAMANSI 250ML",4801774628423,"Personal Care",BOTTLE,61.46,1,02/12/2028
PRD-02039,"RDL BABYFACE FC KALAMANSI 75ML",4804574389069,"Personal Care",BOTTLE,32.74,6,02/10/2028
PRD-02040,"RDL BABYFACE FC KOJIC+GLUTA 150ML",4805955422229,"Personal Care",BOTTLE,47.01,8,11/16/2028
PRD-02041,"RDL BABYFACE FC KOJIC+GLUTA 75ML",4809758369080,"Personal Care",BOTTLE,32.51,11,08/26/2027
PRD-02042,"RDL BABYFACE FC PAPAYA 150ML",4805282174963,"Personal Care",BOTTLE,43.83,12,06/02/2027
PRD-02043,"RDL BABYFACE FC PAPAYA 250ML",4800523383652,"Personal Care",BOTTLE,61.24,12,11/16/2027
PRD-02044,"RDL BABYFACE FC PAPAYA 75ML",4806687229393,"Personal Care",BOTTLE,32.01,18,03/14/2028
PRD-02045,"RDL BABYFACE SUNBLOCK 6G X12",4804964247971,"Personal Care",PACK,17.1,4,08/24/2026
PRD-02046,"RDL BABYFACE WHITENING CREAM 6G X12",4803130071384,"Personal Care",TUBE,31.68,25,01/05/2029
PRD-02047,"RDL SOAP PAPAYA MILK 135G",4803498756180,"Personal Care",PACK,47.56,11,08/22/2027
PRD-02048,"RDL SOAP PAPAYA SUNSCREEN 135G",4806082479349,"Personal Care",PACK,51.67,12,11/22/2028
PRD-02049,"RDL SUNBLOCK CREAM 12G",4808399791654,"Personal Care",TUBE,33.93,3,08/07/2027
PRD-02050,"RDL SUNBLOCK CREAM 15G",4800372277437,"Personal Care",TUBE,35.64,1,05/22/2028
PRD-02051,"RDL SUNBLOCK CREAM SPF15 25ML",4803455305346,"Personal Care",BOTTLE,59.08,1,12/05/2027
PRD-02052,"RE-LEAF FORTE 500MG",4807577963750,"Medicine / Pharmaceutical",PCS,8.86,201,05/13/2027
PRD-02053,"RED ALINGATONG PLUS X100",4800762069623,"Vitamins & Supplements",PCS,17.81,156,06/14/2027
PRD-02054,"RELESTAL 10MG/5ML SYR 60ML",4806255617638,"Medicine / Pharmaceutical",BOTTLE,239.42,16,05/16/2028
PRD-02055,"RELESTAL 5MG/ML DROPS 15ML",4803254556460,"Medicine / Pharmaceutical",BOTTLE,238.61,1,08/26/2027
PRD-02056,"RENALOG X100 TAB",4802690179068,"Medicine / Pharmaceutical",BOX,33.52,67,10/13/2028
PRD-02057,"RENEW PLACENTA SOAP 135G",4803122828779,"Personal Care",PACK,101.8,5,04/11/2028
PRD-02058,"RENEW PLACENTA SOAP 90G",4809186215015,"Personal Care",PACK,66.89,3,03/22/2028
PRD-02059,"RESTIME 40MG CHEWTAB X10",4803200234692,"Medicine / Pharmaceutical",BOX,11.8,305,06/03/2028
PRD-02060,"RESTIME 40MG/ML DROPS",4800030319566,"Medicine / Pharmaceutical",PCS,149.63,94,04/06/2028
PRD-02061,"REVICON REFORM TAB X100",4801451736145,"Medicine / Pharmaceutical",BOX,10.75,181,05/30/2027
PRD-02062,"REVICON TAB X100",4809293521723,"Medicine / Pharmaceutical",BOX,6.89,1624,06/25/2028
PRD-02063,"REVLOMER 800MG TABX30",4807129127565,"Medicine / Pharmaceutical",PCS,9.72,148,01/19/2028
PRD-02064,"REXIDOL FORTE TAB 565MG X100",4802425401732,"Medicine / Pharmaceutical",BOX,7.49,1905,11/03/2028
PRD-02065,"REXON MEN RO SPORT 25ML",4802562110878,"Medicine / Pharmaceutical",BOTTLE,91.69,5,09/30/2027
PRD-02066,"REXONA DEO POWDER 80G",4809756089183,"Personal Care",PACK,120.86,1,03/23/2028
PRD-02067,"REXONA FRESH ROSE 50ML",4807021068713,"Personal Care",BOTTLE,162.2,1,06/23/2026
PRD-02068,"REXONA FRESH SAKURA 50ML",4806022047125,"Personal Care",BOTTLE,167.0,1,06/23/2026
PRD-02069,"REXONA INVSIBLE ANTIBAC 45ML",4803429677390,"Personal Care",BOTTLE,150.42,1,08/23/2026
PRD-02070,"REXONA MEN DLN ICECOOL 3ML",4808235196652,"Personal Care",BOTTLE,6.65,51,09/22/2027
PRD-02071,"REXONA MEN DLN QUANTUM 3ML",4800068273991,"Personal Care",BOTTLE,8.31,31,07/07/2027
PRD-02072,"REXONA MEN ICE COOL 45ML",4805293627385,"Personal Care",BOTTLE,149.61,19,05/15/2028
PRD-02073,"REXONA MEN INVISIBLE DRY 45ML",4800678766266,"Personal Care",BOTTLE,165.21,3,06/15/2028
PRD-02074,"REXONA MEN NF CHARCOAL DETOX 50ML",4808047336929,"Personal Care",BOTTLE,154.78,1,09/23/2026
PRD-02075,"REXONA MEN NF LIME COOL 45ML",4805168502529,"Personal Care",BOTTLE,158.49,0,08/23/2026
PRD-02076,"REXONA MEN RO ICECOOL 25ML",4801285409084,"Personal Care",BOTTLE,81.34,12,02/15/2028
PRD-02077,"REXONA MEN RO INVISIBLE 25ML",4801238124744,"Personal Care",BOTTLE,96.94,5,08/30/2028
PRD-02078,"REXONA MEN RO QUANTUM 25ML",4803668190456,"Personal Care",BOTTLE,80.85,28,02/29/2028
PRD-02079,"REXONA MEN RO QUANTUM 45ML",4802395325262,"Personal Care",BOTTLE,161.66,24,11/15/2027
PRD-02080,"REXONA MEN SPORTS 45ML",4801325162840,"Personal Care",BOTTLE,159.0,2,07/30/2027
PRD-02081,"REXONA POWDER DRY 45ML",4802607628934,"Personal Care",BOTTLE,162.85,11,09/15/2027
PRD-02082,"REXONA VITAMIN BRIGHT 45ML",4809186046599,"Vitamins & Supplements",BOTTLE,157.84,0,06/23/2026
PRD-02083,"REXONA WMEN DLN PASSION 3ML",4809564186349,"Personal Care",BOTTLE,9.09,68,10/30/2027
PRD-02084,"REXONA WMEN DLN POWDER 3ML",4808053477599,"Personal Care",BOTTLE,8.7,128,12/07/2026
PRD-02085,"REXONA WMEN DLN SHOWER 3ML",4808502985536,"Personal Care",BOTTLE,8.47,27,09/22/2027
PRD-02086,"REXONA WMEN RO ANTISTAIN 45ML",4805755317254,"Personal Care",BOTTLE,158.7,1,10/23/2027
PRD-02087,"REXONA WMEN RO PASSION 25ML",4801359181151,"Personal Care",BOTTLE,78.89,8,12/15/2027
PRD-02088,"REXONA WMEN RO PASSION 45ML",4801800208895,"Personal Care",BOTTLE,148.79,10,06/30/2028
PRD-02089,"REXONA WMEN RO PASSION 50ML",4809035679601,"Personal Care",BOTTLE,148.48,1,05/14/2026
PRD-02090,"REXONA WMEN RO POWDR DRY 25ML",4807614472242,"Personal Care",BOTTLE,87.54,10,09/13/2028
PRD-02091,"REXONA WMEN RO SHOWER 25ML",4807416321872,"Personal Care",BOTTLE,86.99,8,07/13/2027
PRD-02092,"REXONA WMEN RO SHOWER 45ML",4803898880598,"Personal Care",BOTTLE,158.53,6,10/30/2028
PRD-02093,"REXONA WMEN RO SHOWER 50ML",4805752761170,"Personal Care",BOTTLE,155.99,5,06/30/2026
PRD-02094,"RHEA HYDROGEN 10V PEROXIDE 120ML",4801463332834,"Medicine / Pharmaceutical",BOTTLE,32.61,5,04/11/2027
PRD-02095,"RHEA HYDROGEN PEROXIDE 20V 120ML",4801056853355,"Medicine / Pharmaceutical",BOTTLE,40.55,4,10/14/2027
PRD-02096,"RHEA MENTOPAS PLASTER 2S",4802180077175,"Medicine / Pharmaceutical",PCS,16.22,84,08/30/2026
PRD-02097,"RHEA PTU 50MG TAB X100",4805367854491,"Medicine / Pharmaceutical",BOX,12.01,133,06/30/2027
PRD-02098,"RIMECOD FORTE 50MG TABX100",4806079544173,"Medicine / Pharmaceutical",PCS,7.76,98,11/22/2027
PRD-02099,"RISEK 20MG CAP X14",4809065931844,"Medicine / Pharmaceutical",BOX,44.7,16,08/03/2027
PRD-02100,"RISEK 40MG TAB X14",4802968455849,"Medicine / Pharmaceutical",BOX,64.22,86,06/27/2027
PRD-02101,"RM AMBROXOL 30MG TAB X100",4804355980506,"Medicine / Pharmaceutical",BOX,7.97,59,02/28/2027
PRD-02102,"RM AMLODIPINE 10MG TAB X100",4809685046077,"Medicine / Pharmaceutical",BOX,9.61,1171,11/30/2028
PRD-02103,"RM AMLODIPINE 5MG X100",4808408619469,"Medicine / Pharmaceutical",PCS,6.59,822,11/30/2027
PRD-02104,"RM AMOXICILLIN 500MG CAP X100",4806886337533,"Medicine / Pharmaceutical",BOX,7.36,76,05/16/2028
PRD-02105,"RM ATORVASTATIN 20MG  TAB X100",4801590861379,"Medicine / Pharmaceutical",BOX,18.04,104,07/21/2027
PRD-02106,"RM ATORVASTATIN 40MG  TAB X100",4805588874123,"Medicine / Pharmaceutical",BOX,24.42,18,04/21/2027
PRD-02107,"RM B-COMPLEX TAB X100",4806276777761,"Medicine / Pharmaceutical",BOX,3.88,13,07/14/2026
PRD-02108,"RM CEFALEXIN 500MG CAP X100",4805446854277,"Medicine / Pharmaceutical",BOX,19.44,68,08/07/2027
PRD-02109,"RM CETIRIZINE 10MG TABX100",4804519290762,"Medicine / Pharmaceutical",PCS,17.13,13,05/16/2028
PRD-02110,"RM CETIRIZINE DIHYDROCHLORIDE 10MG TABX100",4808775257305,"Medicine / Pharmaceutical",PCS,15.18,110,10/21/2027
PRD-02111,"RM CINNARIZINE 25 MG TABX100",4804860609596,"Medicine / Pharmaceutical",PCS,35.91,27,07/02/2027
PRD-02112,"RM CIPROFLOXACIN 500MG TABX100",4809896345668,"Medicine / Pharmaceutical",PCS,30.92,366,10/06/2028
PRD-02113,"RM CLINDAMYCIN 300MG CAP X100",4800786848512,"Medicine / Pharmaceutical",BOX,39.45,55,09/28/2028
PRD-02114,"RM CLOPIDOGREL 5MG  X50",4802602486829,"Medicine / Pharmaceutical",PCS,20.17,133,10/06/2028
PRD-02115,"RM LOSARITE 50MG/12.5MG TAB X50",4809475063330,"Medicine / Pharmaceutical",BOX,15.02,10,08/16/2028
PRD-02116,"RM LOSARTAN 100MG TAB X30",4804979358571,"Medicine / Pharmaceutical",BOX,17.17,523,11/09/2027
PRD-02117,"RM LOSARTAN 50MG TAB X30",4801774499359,"Medicine / Pharmaceutical",BOX,12.81,1883,09/30/2028
PRD-02118,"RM LOSARTAN+AMLODIPINE 50MG/5MG TABX30",4801438130372,"Medicine / Pharmaceutical",PCS,20.98,9,06/03/2027
PRD-02119,"RM MEFENAMIC 500MG TAB X100",4806943572932,"Medicine / Pharmaceutical",BOX,5.25,1287,09/30/2028
PRD-02120,"RM METFORMIN 1G TABX100",4805260969219,"Medicine / Pharmaceutical",PACK,10.78,32,04/17/2027
PRD-02121,"RM METFORMIN 500MG TAB X100",4801071701052,"Medicine / Pharmaceutical",BOX,4.46,481,09/30/2028
PRD-02122,"RM METOPROLOL 100MG TAB X100",4801527032729,"Medicine / Pharmaceutical",BOX,4.93,19,10/18/2027
PRD-02123,"RM METOPROLOL 50MG TAB X100",4807976262811,"Medicine / Pharmaceutical",BOX,3.0,210,04/16/2028
PRD-02124,"RM PARACETAMOL SUPP 125MG X24",4804110244460,"Medicine / Pharmaceutical",PCS,9.32,73,03/18/2028
PRD-02125,"RM REBAMIPIDE 100MG (MUCOPID) X100",4807920954551,"Medicine / Pharmaceutical",PCS,21.15,165,03/30/2028
PRD-02126,"RM SALBUTAMOL 2MG TAB X100",4805103578149,"Medicine / Pharmaceutical",BOX,4.02,37,05/21/2027
PRD-02127,"RM SILDENAFIL 50MG TAB X4",4808315289973,"Medicine / Pharmaceutical",BOX,156.47,35,08/11/2027
PRD-02128,"RM SIMVASTATIN 20MG X100",4800074956061,"Medicine / Pharmaceutical",PCS,18.82,11,05/18/2027
PRD-02129,"RM TELMISARTAN 40MG X30 TAB",4809422242156,"Medicine / Pharmaceutical",BOX,13.3,152,09/06/2028
PRD-02130,"RM TELMISARTAN+HCTZ 40MG/12.5MG TABX30",4806582810453,"Medicine / Pharmaceutical",PCS,16.08,6,12/10/2026
PRD-02131,"RM TRIMETAZIDINE 35MG TABX60",4804843777732,"Medicine / Pharmaceutical",PCS,14.86,43,05/14/2028
PRD-02132,"RM VITAMIN B-COMPLEX TAB X 240",4800055817848,"Vitamins & Supplements",BOX,3.5,18,05/26/2028
PRD-02133,"ROBIKIDS 250MG/5ML SYR 60ML",4802458675898,"Medicine / Pharmaceutical",BOTTLE,138.38,11,05/08/2027
PRD-02134,"ROBITUSSIN DM SYR 120ML",4809677072879,"Medicine / Pharmaceutical",BOTTLE,241.03,24,10/04/2027
PRD-02135,"ROBITUSSIN DM SYR 60ML",4805074251735,"Medicine / Pharmaceutical",BOTTLE,169.49,48,11/28/2028
PRD-02136,"ROBITUSSIN EXPT SYR 120ML",4801330333317,"Medicine / Pharmaceutical",BOTTLE,210.61,7,10/15/2028
PRD-02137,"ROBITUSSIN EXPT SYR 60ML",4802854045714,"Medicine / Pharmaceutical",BOTTLE,139.2,9,05/19/2028
PRD-02138,"ROBITUSSIN LIQUIGEL 200MG X100",4800452859128,"Medicine / Pharmaceutical",PCS,14.35,281,08/22/2028
PRD-02139,"ROBUST EXTREME CAP 2S X12",4803756257920,"Medicine / Pharmaceutical",BOX,160.52,103,09/21/2027
PRD-02140,"ROBUST TAB 2S X12",4802070923700,"Medicine / Pharmaceutical",BOX,80.36,48,09/16/2027
PRD-02141,"ROGIN-E SOFTGEL CAP X6",4808996859998,"Medicine / Pharmaceutical",BOX,27.35,117,11/15/2027
PRD-02142,"ROSUVASTATIN (ROVISTA) 10MG",4804153840059,"Medicine / Pharmaceutical",PCS,27.84,12,09/09/2027
PRD-02143,"ROSUVASTATIN 10MG (ROSUSAPH) TAB X100",4808749180000,"Medicine / Pharmaceutical",BOX,3.35,12,07/01/2028
PRD-02144,"ROSUVASTATIN 10MG (ROZATIN) TAB X100",4808388375853,"Medicine / Pharmaceutical",BOX,2.4,864,05/05/2027
PRD-02145,"ROSUVASTATIN 20MG TAB (ROSUSAPH) X100",4804868245717,"Medicine / Pharmaceutical",BOX,3.72,547,11/01/2028
PRD-02146,"ROSUVASTATIN 40MG TAB (ROSUSAPH) X100",4808313016347,"Medicine / Pharmaceutical",BOX,8.25,10,02/01/2028
PRD-02147,"ROVISTA 10MG TAB X10",4809002177343,"Medicine / Pharmaceutical",BOX,33.94,21,10/06/2027
PRD-02148,"ROVISTA 20MG TAB X10",4801682585939,"Medicine / Pharmaceutical",BOX,43.57,10,02/07/2028
PRD-02149,"ROVISTA 5MG TAB X10",4803289183034,"Medicine / Pharmaceutical",BOX,22.43,95,07/03/2027
PRD-02150,"ROWATINEX CAP X100",4805928357697,"Medicine / Pharmaceutical",BOX,35.06,127,06/27/2028
PRD-02151,"ROYAL MISMO 290ML X12",4805952544034,"Medicine / Pharmaceutical",BOTTLE,20.07,146,11/19/2027
PRD-02152,"ROYAL STRAWBERRY 250ML",4807043189974,"Medicine / Pharmaceutical",BOTTLE,20.95,4,12/11/2026
PRD-02153,"ROZATIN-10 TAB X100",4809481074711,"Medicine / Pharmaceutical",BOX,2.66,351,03/01/2028
PRD-02154,"ROZATIN-20 TAB X100",4802919770965,"Medicine / Pharmaceutical",BOX,3.37,555,08/12/2027
PRD-02155,"ROZATIN-5 5MG",4805717849936,"Medicine / Pharmaceutical",PCS,2.09,188,09/30/2027
PRD-02156,"S-METPRIME 100MG/1G TABX30",4800258274373,"Medicine / Pharmaceutical",PACK,9.71,22,09/06/2026
PRD-02157,"S-METPRIME 50MG/500 MG TABX30",4805636129135,"Medicine / Pharmaceutical",PCS,7.84,128,06/01/2027
PRD-02158,"S26 GOLD 0-6M 400G",4801175986034,"Milk & Dairy",PACK,1029.77,0,06/04/2027
PRD-02159,"S26 TWO PINK 400G",4809637403615,"Milk & Dairy",PACK,699.7,1,12/06/2026
PRD-02160,"SAFEGUARD ARCTIC FRESH 115G",4805827547981,"Personal Care",PACK,62.18,6,09/30/2027
PRD-02161,"SAFEGUARD ARCTIC FRESH 160G",4800777378811,"Personal Care",PACK,74.68,5,04/22/2027
PRD-02162,"SAFEGUARD ARCTIC FRESH 55G",4803163972714,"Personal Care",PACK,19.3,2,02/05/2027
PRD-02163,"SAFEGUARD FLORAL PINK 115G",4809619474980,"Personal Care",PACK,61.63,10,10/22/2027
PRD-02164,"SAFEGUARD FLORAL PINK 160g",4800820670837,"Personal Care",PACK,81.08,0,08/21/2027
PRD-02165,"SAFEGUARD IVORY WHITE 135G",4807966910580,"Personal Care",PACK,58.56,0,06/22/2027
PRD-02166,"SAFEGUARD IVORY WHITE 60G",4809584238818,"Personal Care",PACK,24.24,2,04/22/2027
PRD-02167,"SAFEGUARD LEMON FRESH 115G",4805188781811,"Personal Care",PACK,59.49,15,06/22/2027
PRD-02168,"SAFEGUARD LEMON FRESH 160G",4809043585322,"Personal Care",PACK,75.95,13,07/30/2027
PRD-02169,"SAFEGUARD PURE WHITE 115G",4800078230898,"Personal Care",PACK,56.29,19,11/25/2027
PRD-02170,"SAFEGUARD PURE WHITE 125G",4806270365586,"Personal Care",PACK,56.95,2,05/12/2026
PRD-02171,"SAFEGUARD SOAP FLORAL PINK 60G",4801537152456,"Personal Care",PACK,21.52,2,10/05/2028
PRD-02172,"SAFEGUARD SOAP LEMON 60G",4806882301046,"Personal Care",PACK,22.98,4,01/22/2029
PRD-02173,"SAFEGUARD WHITE 160G",4806885496769,"Personal Care",PACK,81.17,6,10/11/2027
PRD-02174,"SAFEGUARD WHITE 175G",4802493474199,"Personal Care",PACK,82.64,2,05/04/2027
PRD-02175,"SAFEGUARD WHITE 60G",4806469293591,"Personal Care",PACK,22.6,8,07/14/2027
PRD-02176,"SAFEPLUS FACEMASK 3PLY BLUE",4807361042840,"Medical Supplies & Devices",PCS,0.84,293,08/22/2027
PRD-02177,"SALBU+GUAI SYR (ASMAIR) 60ML",4802785387044,"Medicine / Pharmaceutical",BOTTLE,19.87,68,09/10/2028
PRD-02178,"SALBU+GUIA (VENTREX-G) CAP X100",4801194431685,"Medicine / Pharmaceutical",BOX,1.11,436,04/19/2028
PRD-02179,"SALBU+IPATROPIUM NEB (HIVENT PLUS) 2.5ML",4804705042592,"Medicine / Pharmaceutical",BOTTLE,13.9,426,03/27/2027
PRD-02180,"SALBUTAMOL 1MG/ML NEB (HIVENT) X30",4802088502392,"Medicine / Pharmaceutical",PCS,10.67,670,08/21/2028
PRD-02181,"SALBUTAMOL 2MG TAB (VENTOMAX) X100",4808004938225,"Medicine / Pharmaceutical",BOX,0.33,1024,06/28/2028
PRD-02182,"SALBUTAMOL 2MG/5ML (NOBUTOL)  SYR 60ML",4807158958884,"Medicine / Pharmaceutical",BOTTLE,16.76,46,04/10/2027
PRD-02183,"SALBUTAMOL 2MG/5ML SYR (BUTAMOL) 60ML",4802728072988,"Medicine / Pharmaceutical",BOTTLE,16.94,6,08/25/2026
PRD-02184,"SALBUTAMOL 4MG TAB (VENTOMAX) X100",4804297534745,"Medicine / Pharmaceutical",BOX,0.48,4936,09/26/2027
PRD-02185,"SALBUTAMOL INHALER (SALBUMIN) 200 ACT",4803937514961,"Medicine / Pharmaceutical",PCS,91.54,17,12/06/2027
PRD-02186,"SALBUTAMOL INHALER (SALBUSOL) 200 ACT",4804603614756,"Medicine / Pharmaceutical",PCS,148.37,20,08/07/2027
PRD-02187,"SALBUTAMOL NEB (AEROVENT) X30",4802806209881,"Medicine / Pharmaceutical",PCS,8.22,441,05/09/2028
PRD-02188,"SALBUTAMOL NEB (ASMALIN) 2.5ML X20",4802024066204,"Medicine / Pharmaceutical",BOTTLE,44.63,282,10/06/2027
PRD-02189,"SALBUTAMOL NEB (SALBUSAPH) 2.5ML",4809079214337,"Medicine / Pharmaceutical",BOTTLE,6.87,1314,12/01/2028
PRD-02190,"SALINASE DROPS 30ML",4805724896431,"Medicine / Pharmaceutical",BOTTLE,106.26,20,09/01/2027
PRD-02191,"SALINASE SPRAY 30ML",4807452082579,"Medicine / Pharmaceutical",BOTTLE,125.51,31,08/04/2028
PRD-02192,"SALONPAS PATCH 10S",4806826105737,"Medicine / Pharmaceutical",PCS,68.06,249,10/20/2027
PRD-02193,"SAMBONG 500MG TAB (MIA FTE) X100",4807538911338,"Medicine / Pharmaceutical",BOX,3.22,2833,05/02/2028
PRD-02194,"SANGOBION CAP X100",4808675378415,"Medicine / Pharmaceutical",BOX,27.24,306,08/06/2028
PRD-02195,"SANGOBION DROPS 15ML",4800606180423,"Medicine / Pharmaceutical",BOTTLE,258.45,1,11/16/2027
PRD-02196,"SANGOBION DROPS 30ML",4807122326953,"Medicine / Pharmaceutical",BOTTLE,405.21,1,11/19/2026
PRD-02197,"SANGOBION SYRUP 100ML (TUTTTI FRUTTI)",4804346158726,"Medicine / Pharmaceutical",BOTTLE,442.87,1,06/23/2028
PRD-02198,"SANITARY BALM 10G",4805245684617,"Medicine / Pharmaceutical",PACK,24.74,2,07/03/2027
PRD-02199,"SANITARY BALM 20G X12",4800322493391,"Medicine / Pharmaceutical",PACK,43.03,5,06/18/2027
PRD-02200,"SANTE BARLEY 3G SACHET X30",4807768418007,"Vitamins & Supplements",SACHET,32.24,6,06/26/2027
PRD-02201,"SANTE BARLEY CAP X60",4805815177620,"Vitamins & Supplements",BOX,10.97,12,09/05/2026
PRD-02202,"SAPHCONAZOLE CREAM 15G",4805996173479,"Medicine / Pharmaceutical",TUBE,32.63,8,11/24/2028
PRD-02203,"SAPHLODINE 50MG/5MG TAB X100",4808235424353,"Medicine / Pharmaceutical",BOX,2.74,1937,04/24/2027
PRD-02204,"SAPHMIRATE-T50MG TAB",4802164660460,"Medicine / Pharmaceutical",BOX,5.65,50,12/20/2027
PRD-02205,"SAPHRIVAX CREAM 5G",4805940256611,"Medicine / Pharmaceutical",TUBE,83.5,5,12/28/2027
PRD-02206,"SARIDON TAB X120",4809117209904,"Medicine / Pharmaceutical",BOX,8.15,639,05/03/2028
PRD-02207,"SCHEEPRIN 80MG TAB",4808936391169,"Medicine / Pharmaceutical",BOX,0.71,365,06/30/2028
PRD-02208,"SCOTTS DHA PASTILLES OR 15S",4809800575877,"Vitamins & Supplements",PCS,190.32,5,07/10/2026
PRD-02209,"SCOTTS DHA PASTILLES OR 60S",4807042591432,"Vitamins & Supplements",PCS,406.58,0,12/04/2026
PRD-02210,"SCOTTS VIT C PASTILLES MB 15S",4802395771866,"Vitamins & Supplements",PCS,89.74,18,05/25/2028
PRD-02211,"SCOTTS VIT C PASTILLES OR 15S",4802645550726,"Vitamins & Supplements",PCS,87.06,23,01/01/2028
PRD-02212,"SCOTTS VIT C PASTILLES OR 50S",4800801875991,"Vitamins & Supplements",PCS,230.69,2,10/26/2027
PRD-02213,"SENOKOT FORTE 17.54MG TAB X100",4807160366773,"Medicine / Pharmaceutical",BOX,19.48,37,11/04/2028
PRD-02214,"SENSODYNE FRESHMINT 100G",4801461719208,"Personal Care",PACK,103.78,16,10/27/2027
PRD-02215,"SERC 16MG",4803406365188,"Medicine / Pharmaceutical",PCS,83.99,47,07/19/2028
PRD-02216,"SERC 8MG",4809082850963,"Medicine / Pharmaceutical",PCS,71.53,13,01/27/2028
PRD-02217,"SERETIDE 25/50MCG 120A",4807862504698,"Medicine / Pharmaceutical",PCS,564.81,3,09/02/2028
PRD-02218,"SERETIDE INHALER 25/125MCG 120ACT",4803388704645,"Medicine / Pharmaceutical",PCS,785.53,14,12/08/2027
PRD-02219,"SERETIDE INHALER 25/250MCG 120ACT",4803269128429,"Medicine / Pharmaceutical",PCS,1042.21,12,04/22/2028
PRD-02220,"SEVELAMER CARBONATE (BERSEVEL) 800MG TABX30",4808412142507,"Medicine / Pharmaceutical",PCS,10.8,45,03/04/2027
PRD-02221,"SEVELAMER CARBONATE (SELAMER) 800MG TABX30",4808203754814,"Medicine / Pharmaceutical",PCS,12.1,58,01/01/2028
PRD-02222,"SEVELAMER CARBONATE 800MG (SEVLARSAPH) TAB X30",4806365598878,"Medicine / Pharmaceutical",BOX,11.72,130,04/27/2027
PRD-02223,"SHELOGEL200/100MG TAB",4801773545435,"Medicine / Pharmaceutical",BOX,0.84,181,10/15/2028
PRD-02224,"SI2NORM 100MG TAB X30",4801973380580,"Medicine / Pharmaceutical",BOX,12.12,66,11/25/2026
PRD-02225,"SILDENAFIL 100MG (ERECFIL) TAB X4",4806755217432,"Medicine / Pharmaceutical",BOX,14.87,4,11/27/2027
PRD-02226,"SILDENAFIL 100MG (SILDESAPH) TAB X4",4806852135509,"Medicine / Pharmaceutical",BOX,17.02,7,01/30/2027
PRD-02227,"SILDENAFIL 100MG (SPIAGRA) TAB X10",4801695911875,"Medicine / Pharmaceutical",BOX,17.59,7,09/22/2027
PRD-02228,"SILDENAFIL 100MG (VIVAX) TAB X10",4800070909386,"Medicine / Pharmaceutical",BOX,17.29,9,05/04/2027
PRD-02229,"SILDENAFIL 50MG (ERECTO) TAB X10",4800464261022,"Medicine / Pharmaceutical",BOX,14.32,11,05/01/2028
PRD-02230,"SILKA DEO GREEN PAPAYA  40ML",4806274135004,"Personal Care",BOTTLE,58.42,30,02/22/2028
PRD-02231,"SILKA DEO PAPAYA  40ML",4809845960693,"Personal Care",BOTTLE,58.41,54,09/04/2028
PRD-02232,"SILKA DEO SMOOTH&RADIENT  40ML",4800672609093,"Personal Care",BOTTLE,57.41,42,09/22/2028
PRD-02233,"SILKA DEO WHITENING 40ML",4804659925490,"Personal Care",BOTTLE,55.56,26,04/25/2028
PRD-02234,"SILKA FC AVOCADO 150ML",4802864307279,"Personal Care",BOTTLE,53.45,3,08/07/2028
PRD-02235,"SILKA FC AVOCADO 75ML",4805584835127,"Personal Care",BOTTLE,35.79,2,04/07/2028
PRD-02236,"SILKA FC CLEAR 150ML",4808371705817,"Personal Care",BOTTLE,55.41,1,05/18/2027
PRD-02237,"SILKA FC CLEAR 75ML",4802275388036,"Personal Care",BOTTLE,35.33,2,09/26/2028
PRD-02238,"SILKA FC GREEN PAPAYA 150ML",4807017976079,"Personal Care",BOTTLE,48.35,1,03/30/2027
PRD-02239,"SILKA FC ORANGE PAPAYA 75ML",4807268779398,"Personal Care",BOTTLE,35.35,6,10/02/2027
PRD-02240,"SILKA FC PAPAYA 150ML",4809085161191,"Personal Care",BOTTLE,52.49,15,02/18/2028
PRD-02241,"SILKA LOT GREEN 100ML",4808462122700,"Personal Care",BOTTLE,76.2,11,08/27/2028
PRD-02242,"SILKA LOT GREEN 200ML",4809876014655,"Personal Care",BOTTLE,128.4,1,02/16/2027
PRD-02243,"SILKA LOT GREEN 50ML",4801374960096,"Personal Care",BOTTLE,47.47,10,09/17/2027
PRD-02244,"SILKA LOTION PAPAYA 100ML",4806524698675,"Personal Care",BOTTLE,68.95,34,07/18/2028
PRD-02245,"SILKA LOTION PAPAYA 200ML",4801881840595,"Personal Care",BOTTLE,134.1,35,10/30/2028
PRD-02246,"SILKA LOTION PAPAYA 50ML",4800578665615,"Personal Care",BOTTLE,43.47,20,12/16/2027
PRD-02247,"SILKA LOTION PREM G.PAPAYA 200ML",4803481296334,"Personal Care",BOTTLE,116.78,1,07/22/2027
PRD-02248,"SILKA SOAP GREEN PAPAYA 135G",4808329871034,"Personal Care",PACK,60.02,9,04/22/2029
PRD-02249,"SILKA SOAP GREEN PAPAYA 65G",4808827226296,"Personal Care",PACK,23.56,32,03/11/2028
PRD-02250,"SILKA SOAP GREEN PAPAYA 90G",4809583458557,"Personal Care",PACK,44.33,12,09/10/2028
PRD-02251,"SILKA SOAP PAPAYA 135G",4806193672322,"Personal Care",PACK,52.25,20,08/11/2028
PRD-02252,"SILKA SOAP PAPAYA 65G",4809450996301,"Personal Care",PACK,19.79,63,11/30/2028
PRD-02253,"SILKA SOAP PAPAYA 90G",4801499805645,"Personal Care",PACK,39.08,9,03/11/2028
PRD-02254,"SILVER SULFADIAZINE 10MG/G CRM 20G (MAZINE)",4801432797227,"Medicine / Pharmaceutical",PACK,75.53,20,08/03/2028
PRD-02255,"SIMECO TAB X100",4800926642748,"Medicine / Pharmaceutical",BOX,8.15,77,10/05/2027
PRD-02256,"SIMILAC GAIN 6-12 400G",4806359767714,"Milk & Dairy",PACK,1000.12,4,05/18/2028
PRD-02257,"SIMILAC GAIN PLUS 1-3 400G",4804856914808,"Milk & Dairy",PACK,799.97,3,04/25/2028
PRD-02258,"SIMILAC INFANT 0-6 400G",4806458989480,"Milk & Dairy",PACK,1014.83,6,06/11/2027
PRD-02259,"SIMVASTATIN 10MG TAB (ZIMVAST) X100",4806039012908,"Medicine / Pharmaceutical",BOX,1.26,681,09/01/2027
PRD-02260,"SIMVASTATIN 20MG TAB (ZIMVAST) X100",4807856611101,"Medicine / Pharmaceutical",BOX,2.07,3159,02/15/2028
PRD-02261,"SIMVASTATIN 40MG TAB (ZIMVAST) X100",4805334332757,"Medicine / Pharmaceutical",BOX,2.53,154,08/02/2027
PRD-02262,"SINECOD FORTE SYR 120ML",4804712776170,"Medicine / Pharmaceutical",BOTTLE,306.56,16,11/15/2027
PRD-02263,"SINECOD FTE 50MG TAB X100",4808764424485,"Medicine / Pharmaceutical",BOX,24.56,701,05/03/2028
PRD-02264,"SINUDRIN DROPS 15ML",4804743747498,"Medicine / Pharmaceutical",BOTTLE,19.52,21,08/18/2028
PRD-02265,"SINUDRIN SYR 60ML",4802409264277,"Medicine / Pharmaceutical",BOTTLE,17.85,57,04/11/2027
PRD-02266,"SINUPRET FORTE TAB X20",4801886316960,"Medicine / Pharmaceutical",BOX,20.75,194,04/06/2028
PRD-02267,"SINUPRET TAB X100",4805622452518,"Medicine / Pharmaceutical",BOX,16.65,141,03/27/2027
PRD-02268,"SINUTAB COLD PLUS TAB X200",4801192905963,"Medicine / Pharmaceutical",BOX,16.6,95,04/05/2027
PRD-02269,"SINUTAB COLD TAB X100",4802718165558,"Medicine / Pharmaceutical",BOX,13.47,170,03/05/2028
PRD-02270,"SISTERS ALOE GREEN WITH WINGS 8S",4806468141089,"Personal Care",PCS,27.37,9,11/26/2027
PRD-02271,"SISTERS COTTONY NIGHT BLUE 8S",4807738017855,"Personal Care",PCS,26.37,102,07/21/2027
PRD-02272,"SISTERS COTTONY OVRNIGHT 4S",4800379179658,"Personal Care",PCS,30.33,104,10/16/2027
PRD-02273,"SISTERS COTTONY REG PINK 8S",4802742820625,"Personal Care",PCS,24.36,69,12/30/2027
PRD-02274,"SISTERS DRY NIGHT VIOLET 8S",4809042281553,"Personal Care",PCS,32.63,162,07/28/2027
PRD-02275,"SISTERS OVERNIGHT DRY 10+1",4803693323977,"Personal Care",PCS,78.63,4,02/16/2028
PRD-02276,"SISTERS PL LONGER 20S",4808095264764,"Personal Care",PCS,39.35,5,08/02/2027
PRD-02277,"SISTERS PLINER COTTONY VIOLET 20S",4803337345484,"Personal Care",PCS,20.68,47,08/02/2027
PRD-02278,"SISTERS REGULAR NON-WING 8S",4802199413524,"Personal Care",PCS,22.29,82,10/18/2027
PRD-02279,"SITAGLI-100 100MG TABX30",4808045997206,"Medicine / Pharmaceutical",PCS,8.94,10,05/28/2027
PRD-02280,"SITAGLIPTIN + METFORMIN 50MG/500MG (SITIFORMIN) X30",4807623137712,"Medicine / Pharmaceutical",PCS,9.73,40,06/27/2028
PRD-02281,"SITAGLIPTIN + METFORMIN 50MG/500MG(PHILSITZ-M) TAB X100",4800566194766,"Medicine / Pharmaceutical",BOX,7.76,62,04/01/2028
PRD-02282,"SITAGLIPTIN 50MG (PHILSITZ) TAB X30",4808016332698,"Medicine / Pharmaceutical",BOX,7.38,144,09/14/2028
PRD-02283,"SITAGLIPTIN 50MG (SI2NORM) TAB X30",4801607044362,"Medicine / Pharmaceutical",BOX,7.86,240,04/03/2027
PRD-02284,"SITAGLIPTIN 50MG (SITAG) TAB X100",4809438977326,"Medicine / Pharmaceutical",BOX,8.44,133,12/09/2026
PRD-02285,"SITAGLIPTIN 50MG (SITAGLI-50) TAB X100",4809815788766,"Medicine / Pharmaceutical",BOX,7.38,107,08/01/2028
PRD-02286,"SITAGLIPTIN 50MG (SITAGLIGO) TABX30",4800742688908,"Medicine / Pharmaceutical",PCS,6.45,37,10/28/2027
PRD-02287,"SITAKEM-M 50MG/500MG TABX30",4808956370737,"Medicine / Pharmaceutical",PCS,15.94,1,03/25/2027
PRD-02288,"SKELAN 220MG TAB X100",4805335130794,"Medicine / Pharmaceutical",BOX,11.56,7,05/03/2028
PRD-02289,"SKELAN 550MG TAB X100",4804791334735,"Medicine / Pharmaceutical",BOX,25.26,157,07/18/2027
PRD-02290,"SKINWHITE ADV LIGHT BEIGE 7G",4800209426462,"Personal Care",PACK,29.48,13,10/22/2027
PRD-02291,"SKINWHITE CREAM ROSE WHITE 7G",4807561431302,"Personal Care",TUBE,32.86,4,11/21/2027
PRD-02292,"SKINWHITE DEO CLASSIC 40ML",4807466678610,"Personal Care",BOTTLE,96.72,5,08/30/2027
PRD-02293,"SKINWHITE DEO POWDER SILK 25ML",4801538075050,"Personal Care",BOTTLE,55.5,4,06/29/2027
PRD-02294,"SKINWHITE DEO POWERWHITE 25ML",4807546667091,"Personal Care",BOTTLE,59.38,3,02/28/2027
PRD-02295,"SKINWHITE DEO POWERWHITE 40ML",4804483279420,"Personal Care",BOTTLE,101.8,9,07/18/2028
PRD-02296,"SKINWHITE FC POWER PAPAYA 135ML",4806558086201,"Personal Care",BOTTLE,55.83,0,12/30/2027
PRD-02297,"SKINWHITE FC POWER PAPAYA 75ML",4801129981744,"Personal Care",BOTTLE,39.76,6,08/11/2028
PRD-02298,"SKINWHITE FC POWER PINK 135ML",4808592280570,"Personal Care",BOTTLE,65.19,3,03/30/2028
PRD-02299,"SKINWHITE FC POWER PINK 75ML",4803892771003,"Personal Care",BOTTLE,46.1,5,05/30/2028
PRD-02300,"SKINWHITE LOT POWER WHITE PINK 200ML",4805660341623,"Personal Care",BOTTLE,156.48,1,05/22/2027
PRD-02301,"SKINWHITE SOAP GLUTA 65G",4801249440068,"Personal Care",PACK,62.12,2,12/25/2026
PRD-02302,"SKINWHITE SOAP GLUTATHIONE+VITAMIN C 90G",4804915563742,"Vitamins & Supplements",PACK,90.31,1,09/28/2027
PRD-02303,"SKINWHITE SOAP POWER WHITE PINK 125G",4801493388247,"Personal Care",PACK,87.83,1,06/22/2028
PRD-02304,"SKINWHITE SOAP POWER WHITE PINK 65G",4808015246189,"Personal Care",PACK,42.66,3,12/08/2027
PRD-02305,"SKINWHITE SOAP POWER WHITE PINK 90G",4807047042212,"Personal Care",PACK,72.56,3,02/21/2029
PRD-02306,"SLEEPASIL CAP X60",4802262966709,"Medicine / Pharmaceutical",BOX,17.38,22,11/30/2027
PRD-02307,"SLEEPWELL CAP X100",4805362736510,"Medicine / Pharmaceutical",BOX,16.45,185,08/18/2028
PRD-02308,"SNAKE PRICKLY CLASSIC 50G",4802420252588,"Personal Care",PACK,53.91,2,02/16/2027
PRD-02309,"SNOW CAPS X30",4808729560962,"Vitamins & Supplements",PCS,69.12,197,04/18/2028
PRD-02310,"SODIUM ASCORBATE 568.18 (CEVITA) TAB X100",4804625528389,"Medicine / Pharmaceutical",BOX,1.04,303,03/03/2027
PRD-02311,"SOLMUX 100MG/5ML SYR 60ML",4802626003748,"Medicine / Pharmaceutical",BOTTLE,143.27,52,09/25/2028
PRD-02312,"SOLMUX 200MG/5ML SYR 120ML",4803782808120,"Medicine / Pharmaceutical",BOTTLE,214.5,16,08/06/2027
PRD-02313,"SOLMUX 200MG/5ML SYR 60ML",4807254486655,"Medicine / Pharmaceutical",BOTTLE,138.57,40,02/06/2028
PRD-02314,"SOLMUX 40MG/ML DROPS 15ML",4809919306463,"Medicine / Pharmaceutical",BOTTLE,140.43,63,12/06/2027
PRD-02315,"SOLMUX ADVANCE 500MG/5MG TAB X100",4809173799272,"Medicine / Pharmaceutical",BOX,14.31,258,03/16/2028
PRD-02316,"SOLMUX ADVANCE SYR 60ML",4805077230991,"Medicine / Pharmaceutical",BOTTLE,180.29,34,11/30/2028
PRD-02317,"SOLMUX BRONCHO CAP X100",4800316333823,"Medicine / Pharmaceutical",BOX,18.65,68,04/28/2027
PRD-02318,"SOLMUX CAP 500MG X100",4800444905371,"Medicine / Pharmaceutical",BOX,14.07,2385,06/21/2027
PRD-02319,"SOLMUX FTE 500MG SYR 60ML",4806766811373,"Medicine / Pharmaceutical",BOTTLE,162.16,0,09/18/2026
PRD-02320,"SOLMUX THROAT SPRAY 30ML",4800798020960,"Medicine / Pharmaceutical",BOTTLE,443.72,1,06/16/2027
PRD-02321,"SONAP 500MG",4803453507427,"Medicine / Pharmaceutical",PCS,4.01,183,05/29/2027
PRD-02322,"SORBIFER DURULES 310MG SR TAB X100",4805867979168,"Medicine / Pharmaceutical",BOX,15.78,650,08/03/2028
PRD-02323,"SOS PIMPLE REMOVER",4808707760853,"Personal Care",PCS,160.26,3,12/23/2026
PRD-02324,"SPECIMEN CUP(GREEN)",4801520876763,"Medical Supplies & Devices",PCS,5.5,7,09/05/2026
PRD-02325,"SPIRONOLACTONE (URINASAPH-S) 25MG X100TAB",4801724812629,"Medicine / Pharmaceutical",BOX,3.07,36,11/23/2026
PRD-02326,"SPIRONOLACTONE 25MG (SPIROPHIL) TAB X100",4805112355155,"Medicine / Pharmaceutical",BOX,2.55,441,12/28/2027
PRD-02327,"SPRITE MISMO 290ML",4803848961403,"Medicine / Pharmaceutical",BOTTLE,21.92,427,05/05/2028
PRD-02328,"STAGMET 50MG/500MG TAB X30",4804928179792,"Medicine / Pharmaceutical",BOX,10.07,21,04/21/2027
PRD-02329,"STERILE GLOVES 7.0 SURGITECH",4803127842434,"Medical Supplies & Devices",PCS,19.61,3,11/03/2027
PRD-02330,"STERILE WATER (EUROMED) 50ML",4805424774596,"Medicine / Pharmaceutical",BOTTLE,54.36,14,02/20/2028
PRD-02331,"STOOL CONTAINER",4808251566467,"Medical Supplies & Devices",PCS,10.37,3,05/31/2027
PRD-02332,"STREPSILS CHESTY LOZENGE 6S",4804213224075,"Medicine / Pharmaceutical",PCS,89.14,7,04/03/2028
PRD-02333,"STREPSILS CHILDREN 6+ 6S",4809918493489,"Medicine / Pharmaceutical",PCS,85.18,19,03/22/2028
PRD-02334,"STREPSILS COOL 2S",4806187844557,"Medicine / Pharmaceutical",PCS,22.83,19,06/05/2027
PRD-02335,"STREPSILS COOL 8S X36",4803171743603,"Medicine / Pharmaceutical",PCS,87.86,271,11/28/2027
PRD-02336,"STREPSILS DRY COUGH LOZENGE 6S",4804762472237,"Medicine / Pharmaceutical",PCS,89.49,8,03/25/2028
PRD-02337,"STREPSILS EXTRA STRONG 8S",4803499130077,"Medicine / Pharmaceutical",PCS,75.46,46,12/04/2027
PRD-02338,"STREPSILS HONEYLEMON 8S X36",4805509826245,"Medicine / Pharmaceutical",PCS,86.87,66,01/13/2028
PRD-02339,"STREPSILS LOZ ORANGE 2S",4807218535338,"Medicine / Pharmaceutical",PCS,23.11,9,01/05/2028
PRD-02340,"STREPSILS MAX BLACKCURRANT X6",4807132006104,"Medicine / Pharmaceutical",PCS,97.39,2,03/16/2028
PRD-02341,"STREPSILS MAX PRO 8S",4806345130956,"Medicine / Pharmaceutical",PCS,101.69,1,01/02/2027
PRD-02342,"STREPSILS MAXPRO DIRECT THROATSPRAY",4806212098679,"Medicine / Pharmaceutical",PCS,503.27,1,09/02/2027
PRD-02343,"STREPSILS MAXPRO THROATSPRAY",4800904497739,"Medicine / Pharmaceutical",PCS,505.64,1,05/02/2027
PRD-02344,"STREPSILS ORANGE 8S X36",4806080255159,"Medicine / Pharmaceutical",PCS,88.34,219,05/13/2027
PRD-02345,"STREPSILS SUGAR FREE 8S X36",4802994503183,"Medicine / Pharmaceutical",PCS,86.47,34,02/13/2028
PRD-02346,"STREPSILS WARM (GINGER) 8S X36",4805827998427,"Medicine / Pharmaceutical",PCS,83.98,13,09/14/2027
PRD-02347,"STRESSTABS 30S",4807240566719,"Medicine / Pharmaceutical",PCS,386.12,12,08/29/2028
PRD-02348,"STRESSTABS TAB X100",4809266782874,"Medicine / Pharmaceutical",BOX,12.77,608,07/03/2028
PRD-02349,"STUGERON 25MG TAB X200",4801226088190,"Medicine / Pharmaceutical",BOX,53.52,16,09/29/2026
PRD-02350,"STYLEX HAIR POLISH 100ML",4809826570108,"Personal Care",BOTTLE,69.1,3,03/06/2028
PRD-02351,"STYLEX HAIR POLISH 50ML",4804561162555,"Personal Care",BOTTLE,42.34,3,01/15/2027
PRD-02352,"STYLEX STYLING GEL CLEAR 125G",4800995137068,"Personal Care",PACK,35.78,10,04/07/2027
PRD-02353,"STYLEX STYLING GEL CLEAR 50G",4809339596675,"Personal Care",PACK,21.41,10,07/02/2027
PRD-02354,"STYLEX STYLING GEL YEL 125G",4800623136205,"Personal Care",PACK,34.03,3,12/04/2027
PRD-02355,"SULTAMICILLIN 750MG (TOSYLAM) X50",4808579050545,"Medicine / Pharmaceutical",PCS,36.31,63,04/23/2028
PRD-02356,"SUMAPEN 250MG CAP X100",4806221487493,"Medicine / Pharmaceutical",BOX,15.77,143,03/17/2027
PRD-02357,"SUMAPEN 500MG CAP X100",4807016634745,"Medicine / Pharmaceutical",BOX,22.2,88,02/22/2028
PRD-02358,"SUMAPEN CAP 500MG X100",4806168431920,"Medicine / Pharmaceutical",BOX,25.63,78,08/16/2028
PRD-02359,"SUNDAE CUPS CARAMEL",4805930913645,"Snacks & Confectionery",PCS,18.37,200,02/04/2028
PRD-02360,"SUNDAE CUPS CHOCO",4807750155871,"Snacks & Confectionery",PCS,16.48,185,02/04/2028
PRD-02361,"SUNDAE CUPS STRAWBERRY",4808860947836,"Snacks & Confectionery",PCS,16.78,215,09/04/2027
PRD-02362,"SUNSILK SHAMP COCONUT HYDRATION 170ML",4806275691548,"Personal Care",BOTTLE,190.92,0,06/30/2027
PRD-02363,"SUNSILK SHAMP DAMAGE SACH 11ML",4800190220066,"Personal Care",BOTTLE,6.98,4,06/04/2027
PRD-02364,"SUNSILK SHAMP SAKURA & RASBERRY 170ML",4804221203462,"Personal Care",BOTTLE,188.2,1,10/30/2027
PRD-02365,"SUNSILK SHAMP SAKURA SACH 11ML",4802022761184,"Personal Care",BOTTLE,7.58,4,10/29/2027
PRD-02366,"SUNSILK SHAMP SMOOTH&MNGBLE 180ML",4806988504387,"Personal Care",BOTTLE,159.86,4,08/30/2027
PRD-02367,"SUNSILK SHAMP STRONG&LONG 180ML",4805722128879,"Personal Care",BOTTLE,160.78,4,01/04/2028
PRD-02368,"SUNSILK SMOOTH AND MANAGEABLE 15ML",4807559492339,"Personal Care",BOTTLE,6.83,20,07/07/2027
PRD-02369,"SUNSILK STRONG AND LONG 15ML",4806732457043,"Personal Care",BOTTLE,7.15,10,09/07/2027
PRD-02370,"SUPRANEURON TAB",4808519263686,"Medicine / Pharmaceutical",BOX,22.77,98,01/13/2028
PRD-02371,"SURE-GUARD 7 1/2 GLOVES POWDERFREE",4803788102534,"Medical Supplies & Devices",PCS,17.77,16,07/20/2028
PRD-02372,"SURE-GUARD 7.0 GLOVES POWDERFREE",4802314872644,"Medical Supplies & Devices",PCS,18.1,15,06/22/2027
PRD-02373,"SURGICAL TAPE (SURGITECH)1/2INX10YD X24",4802934194696,"Medical Supplies & Devices",PCS,10.02,3,11/20/2027
PRD-02374,"SURGICAL TAPE 1 INCH X 10 YDS (SURGITECH) X12",4801075551393,"Medical Supplies & Devices",PCS,20.39,17,05/29/2027
PRD-02375,"SURGICAL TAPE 1 INCH X 10 YDS X12",4809349613642,"Medical Supplies & Devices",PCS,19.05,4,03/22/2027
PRD-02376,"SURGICAL TAPE 1/2INX10YD X24",4808473907299,"Medical Supplies & Devices",PCS,9.38,13,03/18/2026
PRD-02377,"SURGITECH HOT WATER BAG 1L",4800125656239,"Medical Supplies & Devices",PCS,65.46,2,02/10/2027
PRD-02378,"SURGITECH HOT WATER BAG 500ML",4807945271094,"Medical Supplies & Devices",BOTTLE,54.28,1,09/29/2027
PRD-02379,"SURRMED GLOVES LARGE X100",4803235300307,"Medical Supplies & Devices",PCS,2.38,89,03/02/2027
PRD-02380,"SURRMED GLOVES MEDIUM X100",4802096702858,"Medical Supplies & Devices",PCS,2.47,50,04/07/2027
PRD-02381,"SWANSON MELATONIN 3MG CAP X120",4803519212768,"Vitamins & Supplements",BOX,1.53,1,11/03/2028
PRD-02382,"SYMBICORT 160/4.5MCG  RAPIHALER",4804133055818,"Medicine / Pharmaceutical",PCS,1387.17,0,10/13/2028
PRD-02383,"SYMBICORT 160/4.5MCG 60D TURBOHALER",4804458825883,"Medicine / Pharmaceutical",PCS,1774.62,0,04/08/2027
PRD-02384,"SYMDEX DROPS 15ML",4804838230186,"Medicine / Pharmaceutical",BOTTLE,46.64,44,09/30/2028
PRD-02385,"SYMDEX SYR 60ML",4808379046000,"Medicine / Pharmaceutical",BOTTLE,43.81,74,04/06/2028
PRD-02386,"SYMDEX-D FORTE TAB X100",4805774473420,"Medicine / Pharmaceutical",BOX,2.37,3345,06/02/2027
PRD-02387,"SYMDEX-D TAB X100",4807622161974,"Medicine / Pharmaceutical",BOX,2.07,4586,04/09/2028
PRD-02388,"SYNACTIV TAB X100",4806410725744,"Medicine / Pharmaceutical",BOX,29.66,173,07/03/2027
PRD-02389,"SYRINGE 10CC X100",4805434114540,"Medical Supplies & Devices",PCS,4.19,187,09/20/2027
PRD-02390,"SYRINGE 1CC X100",4804933680247,"Medical Supplies & Devices",PCS,2.92,167,06/20/2027
PRD-02391,"SYRINGE 3CC X100",4801277668472,"Medical Supplies & Devices",PCS,2.95,67,04/28/2028
PRD-02392,"SYRINGE 5CC X100",4805555738698,"Medical Supplies & Devices",PCS,3.08,164,11/28/2027
PRD-02393,"SYSTANE ULTRA HIGH PERFORMANCE 5ML",4803491536128,"Medicine / Pharmaceutical",BOTTLE,332.45,0,09/21/2028
PRD-02394,"TAI CHI INHALER EUCALYPTUS 5ML",4805925054827,"Medicine / Pharmaceutical",BOTTLE,81.0,2,07/29/2027
PRD-02395,"TAI CHI INHALER LAVENDER 5ML",4802085341159,"Medicine / Pharmaceutical",BOTTLE,81.15,2,11/03/2028
PRD-02396,"TAI CHI MEDICATED PLASTER  X4",4809016320044,"Medicine / Pharmaceutical",PCS,22.42,1,12/13/2027
PRD-02397,"TAMSULOSIN 400MCG (TAMSUFAR) X30",4801663042309,"Medicine / Pharmaceutical",PCS,7.95,240,03/25/2027
PRD-02398,"TAMSULOSIN 400MCG TAB (TAMSUSAPH) X100",4803333935114,"Medicine / Pharmaceutical",BOX,5.61,64,07/25/2027
PRD-02399,"TAPAZOLE 5MG TAB X100",4805405124068,"Medicine / Pharmaceutical",BOX,8.75,238,08/03/2028
PRD-02400,"TAPDIN TAB 20MG X100",4800785111366,"Medicine / Pharmaceutical",BOX,30.65,150,05/29/2028
PRD-02401,"TAPDIN TAB 5MG X100",4802387066851,"Medicine / Pharmaceutical",BOX,8.12,109,07/30/2027
PRD-02402,"TASCIT 1080MG TAB X100",4805669499130,"Medicine / Pharmaceutical",BOX,24.78,27,03/03/2027
PRD-02403,"TAUREX SYRUP 120ML",4807398541309,"Medicine / Pharmaceutical",BOTTLE,187.36,1,08/25/2027
PRD-02404,"TELMIGEN 40MG",4809767793934,"Medicine / Pharmaceutical",PCS,3.41,19,12/01/2026
PRD-02405,"TELMIGEN 40MG TAB",4807963026122,"Medicine / Pharmaceutical",BOX,3.3,2410,03/19/2028
PRD-02406,"TELMIGEN 80",4800100806839,"General Merchandise",PCS,4.86,51,07/01/2026
PRD-02407,"TELMIGEN 80 TAB",4801676226926,"Medicine / Pharmaceutical",BOX,4.71,237,01/10/2027
PRD-02408,"TELMIGEN 80MG TAB",4801340700942,"Medicine / Pharmaceutical",BOX,4.9,607,06/22/2027
PRD-02409,"TELMISARTAN +HCTZ 40MG/12.5MG (TELSITAN-H) X100",4803556044868,"Medicine / Pharmaceutical",PCS,5.18,248,07/25/2027
PRD-02410,"TELMISARTAN+HCTZ 40MG/12.5 (TELMIBET PLUS) X30",4801067806772,"Medicine / Pharmaceutical",PCS,6.21,11,09/25/2027
PRD-02411,"TEMISARTAN 40MG (TELSITAN) TAB X100",4804855605194,"Medicine / Pharmaceutical",BOX,2.59,934,08/14/2028
PRD-02412,"TEMISARTAN 80MG (TELSITAN) TAB X100",4807513975844,"Medicine / Pharmaceutical",BOX,4.03,859,08/17/2028
PRD-02413,"TEMPRA 0-12 DROPS 15ML",4808563941194,"Medicine / Pharmaceutical",BOTTLE,107.89,6,01/25/2028
PRD-02414,"TEMPRA 0-12 DROPS 30ML",4807944712627,"Medicine / Pharmaceutical",BOTTLE,181.03,4,06/14/2028
PRD-02415,"TEMPRA 1-5 ORANGE SYR 120ML",4809948980277,"Medicine / Pharmaceutical",BOTTLE,212.52,1,09/29/2027
PRD-02416,"TEMPRA 1-5 ORANGE SYR 60ML",4808338349552,"Medicine / Pharmaceutical",BOTTLE,121.92,19,05/25/2027
PRD-02417,"TEMPRA 1-5 STRAW SYR 60ML",4806551113988,"Medicine / Pharmaceutical",BOTTLE,125.16,1,08/04/2028
PRD-02418,"TEMPRA 100MG/ML DROPS 15ML",4809496556117,"Medicine / Pharmaceutical",BOTTLE,107.48,63,06/23/2027
PRD-02419,"TEMPRA 100MG/ML DROPS 30ML",4802447781366,"Medicine / Pharmaceutical",BOTTLE,184.91,65,12/03/2027
PRD-02420,"TEMPRA 120MG/5ML OR SYR 120ML",4800306827591,"Medicine / Pharmaceutical",BOTTLE,218.38,49,02/29/2028
PRD-02421,"TEMPRA 120MG/5ML OR SYR 60ML",4803309628080,"Medicine / Pharmaceutical",BOTTLE,132.15,411,12/03/2027
PRD-02422,"TEMPRA 120MG/5ML STRW SYR 60ML",4809990723406,"Medicine / Pharmaceutical",BOTTLE,131.0,116,06/30/2028
PRD-02423,"TEMPRA 325MG TAB X100",4807594220487,"Medicine / Pharmaceutical",BOX,4.2,17,04/03/2028
PRD-02424,"TEMPRA 500MG TAB X100",4804853938069,"Medicine / Pharmaceutical",BOX,5.04,143,03/17/2027
PRD-02425,"TEMPRA FORTE 250MG/5ML OR SYR 60ML",4807467706552,"Medicine / Pharmaceutical",BOTTLE,204.16,194,08/03/2028
PRD-02426,"TEMPRA FORTE 250MG/5ML STRW SYR 60ML",4806524823104,"Medicine / Pharmaceutical",BOTTLE,184.31,36,12/03/2027
PRD-02427,"TEMPRA FORTE OR SYR 60ML",4808237486058,"Medicine / Pharmaceutical",BOTTLE,208.5,18,12/03/2028
PRD-02428,"TEMPRA FTE 250MG/5ML OR SYR 120ML",4800978050591,"Medicine / Pharmaceutical",BOTTLE,326.09,30,09/25/2027
PRD-02429,"TEMPRA FTE OR SYR 120ML",4805031682492,"Medicine / Pharmaceutical",BOTTLE,330.52,4,02/11/2028
PRD-02430,"TEMPRACOF 30MG/5ML SYR 60ML",4807668985516,"Medicine / Pharmaceutical",BOTTLE,139.21,7,10/20/2026
PRD-02431,"TEMPRAZIN 5MG/5ML SYR 60ML",4800804474636,"Medicine / Pharmaceutical",BOTTLE,246.64,4,08/27/2028
PRD-02432,"TENDER CARE POWDER CLASSIC BLUE 100G",4809418069653,"Personal Care",PACK,64.88,32,03/03/2028
PRD-02433,"TENDER CARE POWDER CLASSIC BLUE 50G",4802873899049,"Personal Care",PACK,34.05,64,02/16/2029
PRD-02434,"TENDER CARE POWDER LAVENDER & OAT MILK 50G",4802894405493,"Personal Care",PACK,30.92,2,08/03/2026
PRD-02435,"TENDER CARE POWDER PINK 100G",4805898214876,"Personal Care",PACK,64.4,30,12/03/2028
PRD-02436,"TENDER CARE POWDER PINK 50G",4805091120687,"Personal Care",PACK,33.76,74,09/05/2028
PRD-02437,"TENDER CARE POWDER SAKURA 100G",4806341979854,"Personal Care",PACK,72.9,3,08/10/2028
PRD-02438,"TENDER CARE POWDER SAKURA 50G",4803017881196,"Personal Care",PACK,34.09,53,12/14/2027
PRD-02439,"TENDER CARE SOAP 115G(CLASSIC)",4809298241130,"Personal Care",PACK,51.66,2,11/13/2027
PRD-02440,"TENDER CARE SOAP CLASSIC 115G",4801709737140,"Personal Care",PACK,52.12,0,12/22/2028
PRD-02441,"TENDER CARE SOAP CLASSIC 80G",4800870726354,"Personal Care",PACK,37.3,7,05/02/2029
PRD-02442,"TENDER CARE SOAP PINK 80G",4808668957195,"Personal Care",PACK,38.26,11,02/28/2029
PRD-02443,"TENDER CARE SOAP PINK BLOSSOM 115G",4805055033879,"Personal Care",PACK,51.85,2,12/22/2027
PRD-02444,"TENDER LOVE WIPES ALOE 80S",4804042045188,"Baby Care",PCS,35.5,144,05/16/2028
PRD-02445,"TENDER LOVE WIPES POWDER 80S",4803492228998,"Baby Care",PCS,39.16,92,09/16/2028
PRD-02446,"TENDER LOVE WIPES UNSCENTED 80S",4800956538803,"Baby Care",PCS,34.73,54,09/21/2027
PRD-02447,"TERBUTALINE 2.5MG TAB (LUNGEX) X100",4801124076364,"Medicine / Pharmaceutical",BOX,0.78,199,08/10/2028
PRD-02448,"TERRAMYCIN PLUS OINT 3.5G",4800233419410,"Medicine / Pharmaceutical",PACK,266.21,4,08/06/2027
PRD-02449,"TERUMO INSULIN SYRINGE 0.5CC X100",4806911982700,"Medical Supplies & Devices",PCS,9.58,42,04/08/2028
PRD-02450,"TETANUS TOXOID 40IU/0.5ML VIAL (ABHAY-TOX) X10",4809974195989,"Medicine / Pharmaceutical",BOTTLE,69.0,45,12/14/2027
PRD-02451,"THERABLOC 50MG TAB X100",4807242429731,"Medicine / Pharmaceutical",BOX,13.17,180,07/16/2028
PRD-02452,"THERABLOC TAB 25MG X100",4801733086065,"Medicine / Pharmaceutical",BOX,10.25,180,09/16/2027
PRD-02453,"THOSE DAYS ALL NIGHT 8S",4807479234283,"Personal Care",PCS,25.95,5,12/26/2027
PRD-02454,"THOSE DAYS NON WING 8S (WHITE)",4804183579937,"Personal Care",PCS,16.49,29,09/28/2027
PRD-02455,"THOSE DAYS THINS 8S (Y)",4803081073892,"Personal Care",PCS,15.07,31,02/28/2028
PRD-02456,"THOSE DAYS W/ WINGS BUDGET PACK 8S (PINK)",4801605398007,"Personal Care",PCS,20.03,6,04/26/2028
PRD-02457,"TIGER BALM RED OINT 19G",4809361739155,"Medicine / Pharmaceutical",PACK,96.36,2,01/16/2027
PRD-02458,"TIGER BALM WHITE OINT 19G",4804878580061,"Medicine / Pharmaceutical",PACK,104.17,2,09/16/2026
PRD-02459,"TIKI-TIKI PLUS DROPS 15ML",4808050536565,"Medicine / Pharmaceutical",BOTTLE,72.78,21,08/06/2028
PRD-02460,"TIKI-TIKI PLUS DROPS 30ML",4802254916743,"Medicine / Pharmaceutical",BOTTLE,120.25,25,03/23/2028
PRD-02461,"TIKI-TIKI STAR SYR 60ML",4807849654068,"Medicine / Pharmaceutical",BOTTLE,93.92,16,03/25/2028
PRD-02462,"TIKI-TIKI STAR SYRUP 120ML",4809691122795,"Medicine / Pharmaceutical",BOTTLE,156.42,14,07/28/2027
PRD-02463,"TOBRA DEXA (TOBRASON) OPTH DROPS 5L",4809459313676,"Medicine / Pharmaceutical",PCS,126.9,7,01/31/2028
PRD-02464,"TOBRAMYCIN 3MG/ML (CONSAC) OPTH SOLN 5ML",4803430676547,"Medicine / Pharmaceutical",BOTTLE,120.75,2,11/29/2026
PRD-02465,"TOBRAMYCIN 3MG/ML (TOBRASAPH) OPTH SOLN 5ML",4800314899218,"Medicine / Pharmaceutical",BOTTLE,56.25,5,09/15/2027
PRD-02466,"TOBRAZIN 5ML",4804310538867,"Medicine / Pharmaceutical",BOTTLE,136.67,5,09/29/2026
PRD-02467,"TOCEF 20MG DROPS 10ML",4802095833245,"Medicine / Pharmaceutical",BOTTLE,80.69,20,09/25/2027
PRD-02468,"TOCEF 20MG ORAL DROPS 10ML",4807735373009,"Medicine / Pharmaceutical",BOTTLE,85.0,3,03/10/2027
PRD-02469,"TOLAK ANGIN 15ML",4807502765023,"Medicine / Pharmaceutical",BOTTLE,13.24,30,03/23/2027
PRD-02470,TORICARD-5,4804604919596,"General Merchandise",PCS,6.38,663,09/21/2027
PRD-02471,"TORVASTATIN 40MG TABX100",4801124046759,"Medicine / Pharmaceutical",PCS,1.92,37,11/16/2026
PRD-02472,"TRAJENTA 5MG TAB X30",4801390942629,"Medicine / Pharmaceutical",BOX,54.51,449,10/20/2027
PRD-02473,"TRAMADOL 50MG (AGORAM) X100",4800020981733,"Medicine / Pharmaceutical",PCS,1.39,412,12/16/2027
PRD-02474,"TRANEXAMIC ACID 500MG (HAEMOREX)CAP X100",4804325893810,"Medicine / Pharmaceutical",BOX,5.99,465,10/14/2027
PRD-02475,"TRANEXAMIC ACID 500MG (TRANEXASAPH) X100",4804030231330,"Medicine / Pharmaceutical",PCS,5.1,6,07/25/2026
PRD-02476,"TRIMETAZIDINE 35MG TAB (TERAZIDINE) X100",4804938480945,"Medicine / Pharmaceutical",BOX,1.88,1683,05/18/2028
PRD-02477,"TRIMETAZIDINE 35MG TAB (TRIMENOVA) X100",4808386716159,"Medicine / Pharmaceutical",BOX,2.08,1127,12/03/2027
PRD-02478,"TRIODONE 200MG TAB",4809625744153,"Medicine / Pharmaceutical",BOX,10.01,110,03/17/2028
PRD-02479,"TRISOXS 10MG X100 TAB",4809825056906,"Medicine / Pharmaceutical",BOX,3.88,79,10/26/2026
PRD-02480,"TROSYD CREAM 3.5G",4802550501495,"Medicine / Pharmaceutical",TUBE,228.08,3,02/27/2028
PRD-02481,"TROSYD CREAM 5G",4802842738362,"Medicine / Pharmaceutical",TUBE,298.51,4,12/27/2028
PRD-02482,"TROVIPRI 20MG TABX100",4802088091978,"Medicine / Pharmaceutical",PCS,1.33,818,01/06/2028
PRD-02483,"TROVIPRI 40MG TAB X100",4808313367206,"Medicine / Pharmaceutical",BOX,2.05,365,11/06/2027
PRD-02484,"TRUST BLOOM OVULATION TEST",4805798600685,"Medical Supplies & Devices",PCS,61.43,1,08/06/2027
PRD-02485,"TRUST CLEAR CHECK CASETTE PREG TEST",4808833401333,"Medical Supplies & Devices",PCS,48.71,74,09/05/2027
PRD-02486,"TRUST CLEAR CHECK MID-STREAM WAND PREG TEST",4809458178738,"Medical Supplies & Devices",PCS,72.45,45,12/24/2027
PRD-02487,"TRUST CONDOM BUBBLE GUM",4808494619252,"Personal Care",PCS,23.54,0,12/12/2026
PRD-02488,"TRUST CONDOM CHOCOLATE 3S X24",4802332937776,"Personal Care",PCS,23.01,0,05/26/2026
PRD-02489,"TRUST CONDOM PLAIN 3S",4807802218762,"Personal Care",PCS,24.04,10,02/03/2028
PRD-02490,"TRUST CONDOM POWDER FRESH",4805824758077,"Personal Care",PCS,33.37,0,06/26/2028
PRD-02491,"TRUST CONDOM SHOWER FRESH",4800605398229,"Personal Care",PCS,37.59,11,11/06/2027
PRD-02492,"TRUST CONDOM STRAW 3S X24",4807992373428,"Personal Care",PCS,29.48,229,03/27/2027
PRD-02493,"TRUST PILLS 28",4803740869833,"Medicine / Pharmaceutical",PCS,57.64,528,12/29/2027
PRD-02494,"TUB 1.3L BERRY VANILLA MALLOWS",4804270789179,"Snacks & Confectionery",PCS,207.2,6,01/28/2028
PRD-02495,"TUB 1.3L BUKO SALAD",4809940546269,"Snacks & Confectionery",PCS,217.98,5,04/28/2028
PRD-02496,"TUB 1.3L COOKIES N CREAM",4804244684770,"Snacks & Confectionery",TUBE,235.89,21,01/28/2028
PRD-02497,"TUB 1.3L DOUBLE DUTCH",4802350677102,"Snacks & Confectionery",PCS,218.5,14,12/28/2027
PRD-02498,"TUB 1.3L MAIS CON QUEZO",4801986407259,"Snacks & Confectionery",PCS,224.36,16,07/04/2027
PRD-02499,"TUB 1.3L PEACH MANGO TWIST",4805527408992,"Snacks & Confectionery",PCS,208.3,12,12/28/2027
PRD-02500,"TUB 1.3L ROCKY ROAD",4805606302086,"Snacks & Confectionery",PCS,227.92,7,10/28/2027
PRD-02501,"TUB 1.3L UBE QUEZO PASTILLAS",4801153346447,"Snacks & Confectionery",PCS,230.46,14,04/28/2028
PRD-02502,"TUB 3L PREMIUM BUKO SALAD",4808884265200,"Snacks & Confectionery",PCS,456.78,0,02/17/2027
PRD-02503,"TUB 3L PREMIUM COOKIES N CREAM",4801964996905,"Snacks & Confectionery",TUBE,446.16,3,05/28/2029
PRD-02504,"TUB 3L PREMIUM DOUBLE DUTCH",4801457552462,"Snacks & Confectionery",PCS,414.37,2,06/28/2027
PRD-02505,"TUB 3L PREMIUM ROCKY ROAD",4800411284109,"Snacks & Confectionery",PCS,443.97,1,05/21/2028
PRD-02506,"TUB 3L REGULAR VANILLA",4800751216955,"Snacks & Confectionery",PCS,384.94,1,04/17/2027
PRD-02507,"TUB DUO BUKO SALAD+UBE 1L",4802027554916,"Snacks & Confectionery",PCS,146.59,50,06/04/2027
PRD-02508,"TUB DUO CC+CHOCO SWIRL 1L",4806614450624,"Snacks & Confectionery",PCS,140.49,20,08/04/2027
PRD-02509,"TUB DUO RR+VANILLA 1L",4800638424264,"Snacks & Confectionery",PCS,143.77,20,07/04/2027
PRD-02510,"TUMMY PRO BACILLUS CLAUSII 5ML X10",4805964862687,"Medicine / Pharmaceutical",BOTTLE,14.62,13,05/27/2027
PRD-02511,"TUSERAN CAP X100",4803710735335,"Medicine / Pharmaceutical",BOX,11.58,2295,09/18/2028
PRD-02512,"TUSERAN NIGHT SYR 60ML",4803440845768,"Medicine / Pharmaceutical",BOTTLE,152.14,8,06/25/2028
PRD-02513,"TWYNSTA 40/10MG TAB X30",4807613279578,"Medicine / Pharmaceutical",BOX,25.59,214,06/27/2028
PRD-02514,"TWYNSTA 40/5MG TAB X30",4805245995335,"Medicine / Pharmaceutical",BOX,23.77,414,09/03/2028
PRD-02515,"TWYNSTA 80/10MG TAB X30",4806183943913,"Medicine / Pharmaceutical",BOX,34.07,368,12/03/2028
PRD-02516,"TWYNSTA 80/5MG TAB X30",4809333213901,"Medicine / Pharmaceutical",BOX,34.03,167,11/20/2028
PRD-02517,"TYLENOL ER 650MG TAB X50",4804427894592,"Medicine / Pharmaceutical",BOX,10.28,105,12/27/2027
PRD-02518,"UDCA 250MG (DEOXYSAPH) X100",4804211844236,"Medicine / Pharmaceutical",PCS,17.59,15,10/25/2027
PRD-02519,"UH WHITFIELD'S OINTMENT 15G",4806028132359,"Medicine / Pharmaceutical",TUBE,128.83,3,06/19/2027
PRD-02520,"UHP BURN OINTMENT 15G",4808113922494,"Medicine / Pharmaceutical",TUBE,166.99,3,08/02/2028
PRD-02521,"UHP CEETAB 500MG TAB 100S BOT",4808877004251,"Medicine / Pharmaceutical",BOX,354.52,6,08/06/2027
PRD-02522,"UHP FERSULFATE 65MG TAB 100S BOT",4806234359235,"Medicine / Pharmaceutical",BOX,231.81,16,03/11/2028
PRD-02523,"UHP SUPRACID 325MG TAB X100",4806014053655,"Medicine / Pharmaceutical",BOX,175.19,2,06/24/2028
PRD-02524,"UHP SUPRACID 650MG TAB X100",4807486701494,"Medicine / Pharmaceutical",BOX,250.03,16,10/11/2028
PRD-02525,"ULTIMA CAP X100",4800701477759,"Medicine / Pharmaceutical",BOX,14.29,78,12/08/2027
PRD-02526,"ULTRAXIME 100MG/ML 5ML 60ML",4801071771824,"Medicine / Pharmaceutical",BOTTLE,1143.69,2,07/17/2027
PRD-02527,"ULTRAXIME 20MG/ML 10ML",4809456345495,"Medicine / Pharmaceutical",BOTTLE,340.08,13,07/07/2027
PRD-02528,"ULTRAXIME SYR 60ML",4809723686161,"Medicine / Pharmaceutical",BOTTLE,1199.39,1,09/11/2027
PRD-02529,"UNICARE BABY WIPES 80S",4806532243279,"Baby Care",PCS,22.32,8,09/24/2026
PRD-02530,"URINE BAG 2L",4806971692140,"Medical Supplies & Devices",PCS,20.14,7,12/30/2026
PRD-02531,"URINE COLLECTOR PEDIA",4802788420020,"Medical Supplies & Devices",PCS,6.0,11,07/22/2027
PRD-02532,"URINE CONTAINER",4805644214627,"Medical Supplies & Devices",PCS,7.51,6,01/03/2027
PRD-02533,"URINORM TAB 40MG X30",4805679274066,"Medicine / Pharmaceutical",BOX,39.55,17,06/18/2028
PRD-02534,"URISOL 100MG TAB",4806560647811,"Medicine / Pharmaceutical",BOX,0.69,851,01/03/2028
PRD-02535,"URSODEOXYCHOLIC ACID 300MG TAB (BILESAPH-GE300) X100",4808706868875,"Medicine / Pharmaceutical",BOX,12.36,325,05/22/2028
PRD-02536,"URSODYNOVA 250 TAB X30",4800443177726,"Medicine / Pharmaceutical",BOX,13.72,97,08/01/2028
PRD-02537,"URSODYNOVA 300MG TAB X100",4804375623915,"Medicine / Pharmaceutical",BOX,15.66,1201,04/16/2028
PRD-02538,"VANEULAR TAB X100",4801290494246,"Medicine / Pharmaceutical",BOX,28.05,5,11/09/2026
PRD-02539,"VASELINE HB LOT SPF 24 100ML",4801037272398,"Personal Care",BOTTLE,164.76,4,11/16/2027
PRD-02540,"VASELINE HB LOT SPF 24 200ML",4801563364925,"Personal Care",BOTTLE,274.25,1,10/16/2027
PRD-02541,"VASELINE HB LOT UV EXTRA BRIGHT 100ML",4809687864877,"Personal Care",BOTTLE,163.25,1,03/30/2028
PRD-02542,"VASELINE HB LOT UV EXTRA BRIGHT 200ML",4802898527754,"Personal Care",BOTTLE,295.26,3,09/15/2028
PRD-02543,"VASELINE LIP THERAPY ORIG 4.8G",4801845875398,"Personal Care",PACK,158.04,0,03/16/2027
PRD-02544,"VASELINE LIP THERAPY ROSY 7G",4804481229050,"Personal Care",PACK,186.61,2,05/16/2026
PRD-02545,"VASELINE PETROLEUM JELLY 50ML",4808689078038,"Personal Care",BOTTLE,76.35,18,06/15/2028
PRD-02546,"VELMETIA 50mg/1g X28",4805369828508,"Medicine / Pharmaceutical",PACK,26.27,96,09/27/2027
PRD-02547,"VELMETIA 50mg/500mg X28",4802132494266,"Medicine / Pharmaceutical",PCS,25.62,329,03/27/2028
PRD-02548,"VENTOLIN 2.5MG/2.5ML NEB X20",4807221371617,"Medicine / Pharmaceutical",BOTTLE,54.51,40,04/04/2028
PRD-02549,"VENTOLIN EXPECTORANT SYR 100ML",4809633388420,"Medicine / Pharmaceutical",BOTTLE,366.83,10,02/28/2028
PRD-02550,"VENTOLIN INHALER 200A",4803673795439,"Medicine / Pharmaceutical",PCS,632.42,10,12/06/2027
PRD-02551,"VENTOLIN ORANGE SYR 100ML",4806539645786,"Medicine / Pharmaceutical",BOTTLE,336.04,14,04/03/2027
PRD-02552,"VENTOLIN ORANGE SYR 60ML",4806474982778,"Medicine / Pharmaceutical",BOTTLE,332.28,1,03/02/2027
PRD-02553,"VERSANT-XR TAB 10MG X100",4803913620061,"Medicine / Pharmaceutical",BOX,40.6,46,02/28/2028
PRD-02554,"VERSANT-XR TAB 5MG X100",4808645901034,"Medicine / Pharmaceutical",BOX,22.22,884,08/14/2027
PRD-02555,"VERTISAPH 8MG TAB",4802787255976,"Medicine / Pharmaceutical",BOX,4.55,19,08/30/2027
PRD-02556,"VESSEL DUE F 250LSU CAP X50",4803037609914,"Medicine / Pharmaceutical",BOX,83.88,156,07/15/2027
PRD-02557,"VICKS BABY BALM 20G",4806409344957,"Baby Care",PACK,116.69,8,02/07/2027
PRD-02558,"VICKS BABY BALM 45G",4807471031581,"Baby Care",PACK,227.57,1,02/07/2027
PRD-02559,"VICKS BABYRUB 20G",4802333816262,"Baby Care",PACK,112.05,5,05/08/2027
PRD-02560,"VICKS FORMULA 44 100ML",4806999914203,"Medicine / Pharmaceutical",BOTTLE,207.12,5,02/27/2028
PRD-02561,"VICKS FORMULA 44 SYR 54ML",4804196891582,"Medicine / Pharmaceutical",BOTTLE,122.98,5,05/21/2027
PRD-02562,"VICKS INHALER KEYCHAIN",4800919152852,"Medicine / Pharmaceutical",PCS,102.58,244,05/21/2028
PRD-02563,"VICKS VAPODROPS HONEYLEMON 8S",4803055529735,"Medicine / Pharmaceutical",PCS,83.63,2,10/17/2027
PRD-02564,"VICKS VAPODROPS ORANGE 8S",4808511964909,"Medicine / Pharmaceutical",PCS,87.16,2,11/17/2027
PRD-02565,"VICKS VAPORUB 10G",4802983456023,"Medicine / Pharmaceutical",PACK,63.4,161,02/19/2027
PRD-02566,"VICKS VAPORUB 25G",4800453990754,"Medicine / Pharmaceutical",PACK,130.07,17,04/19/2027
PRD-02567,"VICKS VAPORUB 50G",4807064269678,"Medicine / Pharmaceutical",PACK,219.25,6,08/11/2027
PRD-02568,"VICKS VAPORUB 5G",4807278837449,"Medicine / Pharmaceutical",PACK,36.04,165,05/22/2027
PRD-02569,"VICKS VAPORUB XS 10G",4806936521189,"Medicine / Pharmaceutical",PACK,75.84,4,02/28/2027
PRD-02570,"VICKS VAPORUB XS 25G",4806833339945,"Medicine / Pharmaceutical",PACK,161.59,4,09/06/2027
PRD-02571,"VICKS VAPORUB XS 50G",4803325662175,"Medicine / Pharmaceutical",PACK,299.76,1,01/01/2027
PRD-02572,"VINO DE QUINA 330ML",4805154110334,"Medicine / Pharmaceutical",BOTTLE,88.43,3,09/26/2027
PRD-02573,"VISINE RED 15ML",4801119221231,"Medicine / Pharmaceutical",BOTTLE,219.73,1,04/13/2027
PRD-02574,"VIT B COMPLEX (REVITAPLEX) X100",4809886306270,"Vitamins & Supplements",PCS,1.35,1714,01/08/2028
PRD-02575,"VIT. B-COMPLEX (NEUROBE) 3ML",4800958829766,"Vitamins & Supplements",BOTTLE,14.37,3,10/10/2026
PRD-02576,"VIT. B-COMPLEX (NEUROBE) 3ML AMP",4805378629202,"Vitamins & Supplements",BOTTLE,17.38,4,03/13/2028
PRD-02577,"VIT. B-COMPLEX CAP (MYREVIT B FORTE) X100",4804604850340,"Vitamins & Supplements",BOX,3.02,413,09/21/2027
PRD-02578,"VIT. B-COMPLEX CAP (NEUROBEXOL) X100",4804481974695,"Vitamins & Supplements",BOX,3.01,1431,02/13/2028
PRD-02579,"VITA KERATIN BRAZILLIAN STRAIGHT 24ML",4809347826733,"Medicine / Pharmaceutical",BOTTLE,6.69,2,06/23/2027
PRD-02580,"VITA KERATIN COLOR SHINE(RED) SACH 24ML",4807858597694,"Medicine / Pharmaceutical",BOTTLE,6.59,7,02/07/2027
PRD-02581,"VITA KERATIN DEEP REPAIR SASH 24ML",4802801499105,"Medicine / Pharmaceutical",BOTTLE,6.69,1,12/23/2027
PRD-02582,"VITAMILK CHOCO SHAKE 300ML",4801452125499,"Milk & Dairy",BOTTLE,35.09,173,06/02/2027
PRD-02583,"VITAMIN K 10MG (AMBIVIT K) X10",4803150893343,"Vitamins & Supplements",PCS,16.71,0,02/04/2026
PRD-02584,"VITRESS CUTICLE COAT 50ML",4809959968099,"Medicine / Pharmaceutical",BOTTLE,128.35,8,07/21/2027
PRD-02585,"VITRESS HAIR COAT CLASSIC 15ML",4802196693512,"Medicine / Pharmaceutical",BOTTLE,57.64,26,12/22/2027
PRD-02586,"VITRESS HAIR COAT CLASSIC 30ML",4804288799631,"Medicine / Pharmaceutical",BOTTLE,90.54,17,04/28/2027
PRD-02587,"VITRESS HAIR POLISH LONG LASTING 50ML",4802410792785,"Medicine / Pharmaceutical",BOTTLE,67.88,3,06/28/2027
PRD-02588,"VITRESS HAIR POLISH STRENGTHENING 50ML",4801676939047,"Medicine / Pharmaceutical",BOTTLE,67.19,1,07/28/2028
PRD-02589,"VITRESS HAIR POLISH SUN PROTECT 50ML",4805244436451,"Medicine / Pharmaceutical",BOTTLE,61.15,1,08/28/2027
PRD-02590,"VIVALYTE APPLE 250ML X6",4803255573323,"Medicine / Pharmaceutical",BOTTLE,54.4,24,01/17/2028
PRD-02591,"VIVALYTE ORANGE 250ML X6",4807949166603,"Medicine / Pharmaceutical",BOTTLE,58.48,34,06/26/2027
PRD-02592,"VIVALYTE ORANGE SACH 4.6G X20",4803731252850,"Medicine / Pharmaceutical",PACK,17.85,52,02/26/2028
PRD-02593,"VIVALYTE STRAW SACH 4.6G X20",4806432735201,"Medicine / Pharmaceutical",PACK,20.98,27,05/19/2027
PRD-02594,"VOCEMONT 10MG/5MG TABX100",4805448316778,"Medicine / Pharmaceutical",PCS,8.12,183,11/04/2026
PRD-02595,"VOLTAREN 50MG TAB X100",4800159646943,"Medicine / Pharmaceutical",BOX,47.16,32,09/27/2027
PRD-02596,"VOLTAREN EMULGEL 1% 5G",4803854903508,"Medicine / Pharmaceutical",PACK,136.03,3,04/22/2027
PRD-02597,"VOMETA 5MG/ML 10ML",4802896188979,"Medicine / Pharmaceutical",BOTTLE,405.5,11,04/02/2028
PRD-02598,"VOMETA 5MG/ML 60ML",4806715917039,"Medicine / Pharmaceutical",BOTTLE,380.61,1,07/27/2028
PRD-02599,"WEBBER VIT. D3 1000IU X180",4806480775495,"Vitamins & Supplements",PCS,1.49,5,05/04/2026
PRD-02600,"WELLSPRING APPLE CIDER VINEGAR GUMMIES X10",4800220211022,"Vitamins & Supplements",PCS,148.07,9,03/18/2027
PRD-02601,"WELLSPRING COLLAGEN GUMMIES X10",4804320964709,"Vitamins & Supplements",PCS,150.92,5,08/25/2027
PRD-02602,"WELLSPRING MELATONIN WITH VIT B6",4809439580222,"Vitamins & Supplements",PCS,146.41,16,07/18/2027
PRD-02603,"WELLSPRING MELATONIN WITH VIT B6 PASSIFLORA FLAVOR X10",4800374184099,"Vitamins & Supplements",PCS,156.4,2,07/30/2027
PRD-02604,"WHISPER CS REG NO-WING 8S",4808567473258,"Personal Care",PCS,53.06,3,04/22/2027
PRD-02605,"WHISPER SUPER DRY REG NO WING 8S",4803166717302,"Personal Care",PCS,52.2,0,02/22/2027
PRD-02606,"WHITE FLOWER #3 5ML",4808745758581,"Medicine / Pharmaceutical",BOTTLE,110.42,16,03/02/2028
PRD-02607,"WHITE FLOWER #4 2.5ML",4806962877595,"Medicine / Pharmaceutical",BOTTLE,63.27,26,08/03/2028
PRD-02608,"WHITE FLOWER #5 1.5ML",4805333358917,"Medicine / Pharmaceutical",BOTTLE,47.15,53,02/16/2028
PRD-02609,"WHITE FLOWER NO. 2 10ML",4802147235330,"Medicine / Pharmaceutical",BOTTLE,186.76,5,05/21/2028
PRD-02610,"WILKINS DISTILLED 1L",4804109523980,"Water & Beverages",PCS,31.7,10,11/19/2027
PRD-02611,"WILKINS DISTILLED 7L X3",4800893610716,"Water & Beverages",PCS,102.22,703,02/04/2027
PRD-02612,"WILKINS PURE 1L",4809745211570,"Water & Beverages",PCS,20.4,0,04/18/2027
PRD-02613,"XANTHONE PLUS COFFEE X10",4803226228116,"Vitamins & Supplements",PCS,18.37,18,08/22/2027
PRD-02614,"XANTHONE PLUS GOLD X 100",4804128315522,"Vitamins & Supplements",PCS,16.05,148,12/13/2027
PRD-02615,"XANTHONE PLUS X100",4802854557115,"Vitamins & Supplements",PCS,14.6,187,11/11/2027
PRD-02616,"XYCLOVIRAX 400MG TAB",4800181862229,"Medicine / Pharmaceutical",BOX,6.65,518,04/20/2028
PRD-02617,"XYLOGEL ORAL GEL 25G",4801590300323,"Medicine / Pharmaceutical",PACK,166.59,19,09/22/2027
PRD-02618,"YAKULT 5S",4800571529256,"Water & Beverages",PCS,60.58,891,02/07/2027
PRD-02619,"YOUNG'S BABY OIL 75ML",4803641032195,"Baby Care",BOTTLE,29.67,11,10/08/2026
PRD-02620,"YOUNGS BABY OIL 75ML",4804813001836,"Baby Care",BOTTLE,35.3,49,09/16/2027
PRD-02621,"YOUNGS COLOGNE BOUQUET 50ML",4800818970504,"Personal Care",BOTTLE,34.6,35,10/21/2027
PRD-02622,"YOUNGS COLOGNE BOUQUET 75ML",4809090616935,"Personal Care",BOTTLE,53.35,2,07/04/2028
PRD-02623,"YOUNGS COLOGNE COOL FANTASY 50ML",4801558648330,"Personal Care",BOTTLE,34.28,8,02/04/2028
PRD-02624,"YOUNGS COLOGNE SWEET FANTASY 50ML",4808459422017,"Personal Care",BOTTLE,34.72,4,08/21/2027
PRD-02625,"YOUNGS COLOGNE WET 50ML",4803183621479,"Personal Care",BOTTLE,32.79,18,11/21/2027
PRD-02626,"YOUNGS COLOGNE WILD GRAY 50ML",4801397717808,"Personal Care",BOTTLE,32.85,19,11/11/2027
PRD-02627,"YOUNGS NAIL POLISH REMOVER 30ML",4801285459428,"Personal Care",BOTTLE,6.37,9,08/26/2027
PRD-02628,"YOUNGS STYLING GEL 50ML",4807061413097,"Personal Care",BOTTLE,14.61,10,01/13/2028
PRD-02629,"ZANTRICID 25MG/2ML AMP X10",4802680653992,"Medicine / Pharmaceutical",BOTTLE,13.12,76,03/14/2027
PRD-02630,"ZARNAT 50MG TAB X100",4800554525371,"Medicine / Pharmaceutical",BOX,14.24,464,12/01/2027
PRD-02631,"ZENITH 200MG/5ML POWDER FOR ORAL SUSP 20ML",4801503588603,"Medicine / Pharmaceutical",BOTTLE,690.39,0,12/13/2026
PRD-02632,"ZENITH OD 200MG/5ML POWDER FOR ORAL SUSPENSION 15ML",4808592836957,"Medicine / Pharmaceutical",BOTTLE,424.87,2,07/07/2027
PRD-02633,"ZENOBLOC 100MG TAB",4807128416088,"Medicine / Pharmaceutical",BOX,2.54,9,09/30/2028
PRD-02634,"ZENOBLOC 50MG TAB",4803263011082,"Medicine / Pharmaceutical",BOX,1.4,163,09/30/2027
PRD-02635,"ZITHROMAX 500MG TABX3",4803574981873,"Medicine / Pharmaceutical",PCS,184.44,29,04/15/2028
PRD-02636,"ZYKAST TAB 10MG/5MG X30",4804072464172,"Medicine / Pharmaceutical",BOX,31.13,333,11/04/2027
PRD-02637,"ZYNERVA 1G TABX30",4803732768149,"Medicine / Pharmaceutical",PACK,51.62,26,12/02/2026
