ItemCode,ItemName,ItemDescription,ItemReOrder,ItemReplenish,ItemQtyOnHand,Price,Cost,Category,Supplier,Price Level 1,Price Level 2,Price Level 3
2.75835E+14, BETAHISTINE 24MG (VERTISAPH) X100, BETAHISTINE 24MG (VERTISAPH) X100,0,0,0,23,11.35,GENERICS-RX,N/A,0,0,0
8.9013E+12, METFORMIN+PIO+GLIMEPIRIDE 500MG/15MG/2MG (TRIPRIDE-2) TAB X30, METFORMIN+PIO+GLIMEPIRIDE 500MG/15MG/2MG (TRIPRIDE-2) TAB X30,0,0,58,27,13.5,GENERICS-RX,N/A,0,0,0
4.80089E+12, PONDS TONER PINK (PORE) 100ML,PONDS TONER PINK (PORE) 100ML,0,0,2,127,115.08,PERSONAL CARE,N/A,0,0,0
1799701424,3D MASK DISPOSABLE X10,3D MASK DISPOSABLE X10,0,0,20,5,0.9,MEDICAL SUPPLIES,N/A,0,0,0
4.80653E+12,4COUGH 250MG SYR 60ML,CARBOCISTEINE 250MG/5ML SYR (4COUGH) 60ML,0,0,0,35,15.5,GENERICS-OTC,N/A,0,0,0
2653698393,ABDOMINAL BINDER (999SETH),ABDOMINAL BINDER (999SETH),0,0,5,115,105,MEDICAL SUPPLIES,N/A,0,0,0
4.80001E+12,ABSOLUTE 6L,ABSOLUTE 6L,0,0,27,80,63.61,FOOD & BEVERAGES,N/A,0,0,0
7.4365E+14,ABSOLUTE 8L,ABSOLUTE 8L,0,0,10,95,79.64,FOOD & BEVERAGES,N/A,0,0,0
4.80001E+12,ABSOLUTE DISTILLED 1L,ABSOLUTE DISTILLED 1L,0,0,0,30,20.53,FOOD & BEVERAGES,N/A,0,0,0
48033077,ACEITE ALCAMFORADO IPI 25ML,ACEITE ALCAMFORADO IPI 25ML,0,0,-9,15,13.03,DRHR,N/A,0,0,0
4.80001E+12,ACEITE ALCAMFORADO IPI 50ML,ACEITE ALCAMFORADO IPI 50ML,0,0,16,25,21.47,DRHR,N/A,0,0,0
48033053,ACEITE DE MANZANILLA IPI 25ML,ACEITE DE MANZANILLA IPI 25ML,0,0,1,15,13.52,DRHR,N/A,0,0,0
4.80001E+12,ACEITE DE MANZANILLA IPI 50ML,ACEITE DE MANZANILLA IPI 50ML,0,0,2,25,20.63,DRHR,N/A,0,0,0
4.80652E+12,ACETAM IV 150MG 2ML,PARACETAMOL IV (ACETAM) 150MG,0,0,20,15,6.5,INTRAVENOUS SOLN,NTPK,0,0,0
8.90601E+12,ACETYLCISTEINE 600MG (FLECHEM) X10,ACETYLCISTEINE 600MG (FLECHEM) X10,0,0,0,20,10,GENERICS-RX,N/A,0,0,0
4.80604E+12,ACETYLCYSTEINE (ACETYPHIL) 600MG SACH X10,ACETYLCYSTEINE (ACETYPHIL) 600MG SACH X10,0,0,0,25,9.039705388,GENERICS-RX,N/A,0,0,0
8.90589E+12,ACETYLCYSTEINE (AMCETYL) 600MG,ACETYLCYSTEINE (AMCETYL) 600MG,0,0,75,25,9.5,GENERIC-OTC,MEDCARE,0,0,0
4.71614E+12,ACETYLCYSTEINE (FLUZETRIN) 600MG X10,ACETYLCYSTEINE (FLUZETRIN) 600MG X10,0,0,19,30,15,GENERICS-RX,N/A,0,0,0
7.05917E+14,ACETYLCYSTEINE 200MG (ACTEINSAPH) SACH X10,ACETYLCYSTEINE 200MG (ACTEINSAPH) SACH X10,0,0,43,13,6.2,GENERICS-RX,N/A,0,0,0
8.90601E+12,ACETYLCYSTEINE 200MG (GOCETYL) X10,ACETYLCYSTEINE 200MG (GOCETYL) X10,0,0,0,12,9.77,GENERICS-RX,N/A,0,0,0
8.9023E+12,ACETYLCYSTEINE 200MG SACH (PULMOCARE-200) X10,ACETYLCYSTEINE 200MG SACH (PULMOCARE-200) X10,0,0,0,15,7.5,GENERICS-RX,N/A,0,0,0
8.90601E+12,ACETYLCYSTEINE 200MG SACH X10 ,ACETYLCYSTEINE 200MG SACH X10,0,0,0,16,8,GENERICS-RX,N/A,0,0,0
8.90611E+12,ACETYLCYSTEINE 600MG (ACTEINSAPH)  EFF TAB X20,ACETYLCYSTEINE 600MG (ACTEINSAPH)  EFF TAB X20,0,0,52,20,7.75,GENERICS-RX,N/A,0,0,0
8.90601E+12,ACETYLCYSTEINE 600MG (GOCETYL) X10,ACETYLCYSTEINE 600MG (GOCETYL) X10,0,0,0,27,13.5,GENERICS-RX,N/A,0,0,0
8.90601E+12,ACETYLCYSTEINE 600MG SACH (DIACYSTEINE)) X10,ACETYLCYSTEINE 600MG SACH (DIACYSTEINE)) X10,0,0,0,25,10.5,GENERICS-RX,N/A,0,0,0
4.80653E+12,ACICLOVIR 200MG(ZYCLOVIR) SUSP. 60ML,ACICLOVIR 200MG(ZYCLOVIR) SUSP. 60ML,0,0,4,510,255,GENERICS-RX,N/A,0,0,0
4.80034E+12,ACICLOVIR 800MG (XYCLOVIRAX) X20,ACICLOVIR 800MG (XYCLOVIRAX) X20,0,0,16,30,14.63,GENERICS-RX,N/A,0,0,0
9186050170,ADVIL 200MG LIQUIGEL X100,ADVIL 200MG LIQUIGEL X100,0,0,113,9,7.89,BRANDED-OTC,N/A,0,0,0
4.80652E+12,AEROX 500MG TAB X10,CEFUROXIME 500MG TAB (AEROX) X10,0,0,1,20,8,GENERICS-RX,N/A,0,0,0
4.8065E+12,ALANERV CAP X20,ALANERV CAP X20,0,0,0,85,79.21,BRANDED-OTC,N/A,0,0,0
4.80058E+12,ALASKA FORTIFIED 1.4KG ,ALASKA FORTIFIED 1.4KG ,0,0,0,466,443.19,MILK,N/A,0,0,0
4.80058E+12,ALASKA FORTIFIED 450G X24,ALASKA FORTIFIED 450G X24,0,0,0,150,139.44,MILK,N/A,0,0,0
4.80058E+12,ALASKA POWDER MILK 300G,ALASKA POWDER MILK 300G,0,0,38,105,83.95325581,MILK,N/A,0,0,0
4.80058E+12,ALASKA POWDER MILK 840G,ALASKA POWDER MILK 840G,0,0,0,280,254.462,MILK,N/A,0,0,0
4.80058E+12,ALASKA POWDERED MILK 680G,ALASKA POWDERED MILK 680G,0,0,3,225,211.27,MILK,N/A,0,0,0
4.80779E+12,ALAXAN FR CAP X100,ALAXAN FR CAP X100,0,0,77,9,7.85,BRANDED-OTC,N/A,0,0,0
4836665236,ALAXAN TAB X500,ALAXAN TAB X500,0,0,0,9,8.05,BRANDED-OTC,N/A,0,0,0
4.80779E+12,ALAXAN XTRA 325MG/200MG X100 TAB,ALAXAN XTRA 325MG/200MG X100 TAB,0,0,72,11,10.3782659,BRANDED-OTC,N/A,0,0,0
4.80652E+12,ALCO PLUS ETHYL SPRAY 50ML,ALCO PLUS ETHYL SPRAY 50ML,0,0,-103,30,26.28125,DRHR,N/A,0,0,0
4.80652E+12,ALCO PLUS ISOPROPYL SPRAY 50ML,ALCO PLUS ISOPROPYL SPRAY 50ML,0,0,-75,30,26.75,DRHR,N/A,0,0,0
4.80652E+12,ALCO SAFE 250ML,ALCO SAFE 250ML,0,0,1,55,49.4,OTHERS,OHANA TRADING CORPORATION,0,0,0
4.80652E+12,ALCO SAFE ISOPROPYL 250ML,ALCO SAFE ISOPROPYL 250ML ,0,0,0,55,42.75,OTHERS,N/A,0,0,0
4.80652E+12,ALCOPLUS ETHYL SOLN 60ML,ALCOPLUS ETHYL SOLN 60ML,0,0,80,30,26,PERSONAL CARE,N/A,0,0,0
4.80652E+12,ALCOPLUS ETHYL SPRAY 330ML,ALCOPLUS ETHYL SPRAY 330ML,0,0,2,85,75.25,DRHR,N/A,0,0,0
4.80652E+12,ALCOPLUS ISOP SPRAY 330ML,ALCOPLUS ISOP SPRAY 330ML,0,0,6,85,75.25,DRHR,N/A,0,0,0
4.80652E+12,ALCOPLUS ISOPROPYL SOLN 60ML,ALCOPLUS ISOPROPYL SOLN 60ML,0,0,68,30,26.75,PERSONAL CARE,N/A,0,0,0
7.4511E+11,ALCOSHIELD ETHYL SPRAY 300ML,ALCOSHIELD ETHYL SPRAY 300ML,0,0,-1,90,80,BRANDED-OTC,N/A,0,0,0
7.4511E+11,ALCOSHIELD ISO SPRAY 300ML,ALCOSHIELD ISO SPRAY 300ML,0,0,0,90,80,BRANDED-OTC,N/A,0,0,0
4.80779E+12,ALGESIA 37.5/325MG TAB X20,ALGESIA 37.5/325MG TAB X20,0,0,45,57,52.97272727,BRANDED-RX,N/A,0,0,0
4.80779E+12,ALGINA SUSP 10ML X100,ALGINA SUSP 10ML X100,0,0,39,35,32.24,BRANDED-OTC,N/A,0,0,0
4.80651E+12,ALKALINSE 1080MG TAB X30,POTASSIUM CITRATE 1080MG (ALKALINSE) TAB X30,0,0,5,8,3.824972376,GENERICS-RX,N/A,0,0,0
4.80604E+12,ALLECUR PLUS 5MG/5ML 60ML,CETIRIZINE PHENYLEPRINE HCL (ALLECUR PLUS) 5MG/5ML 60ML,0,0,0,95,46,GENERIC-OTC,MEDCARE,0,0,0
4.80779E+12,ALLERKID 2.5MG/ML DROPS 10ML,ALLERKID 2.5MG/ML DROPS 10ML,0,0,2,195,184.99,BRANDED-OTC,N/A,0,0,0
4.80779E+12,ALLERKID 5MG/5ML SYR 30ML,ALLERKID 5MG/5ML SYR 30ML,0,0,3,178,169.2,BRANDED-OTC,N/A,0,0,0
4.80779E+12,ALLERKID 5MG/5ML SYR 60ML,ALLERKID 5MG/5ML SYR 60ML,0,0,5,281,267.56,BRANDED-OTC,N/A,0,0,0
4.80779E+12,ALLERTA 10MG TAB X50,ALLERTA 10MG TAB X50,0,0,34,25,14.91,BRANDED-OTC,N/A,0,0,0
4.80779E+12,ALLERZET 2.5MG/5ML SYRUP 30ML,ALLERZET 2.5MG/5ML SYRUP 30ML,0,0,4,161,152.97,BRANDED-RX,N/A,0,0,0
4.80779E+12,ALLERZET 2.5MG/5ML SYRUP 60ML,ALLERZET 2.5MG/5ML SYRUP 60ML,0,0,2,266,252.64,BRANDED-RX,N/A,0,0,0
1730574,ALLERZET 5MG TAB X100,LEVOCETTIRIZINE +DIHYDROCHLORIDE (ALLERZET) 5MG TABX100,0,0,10,29,26.91,BRANDED-RX,UNITED LINK PHARMACEUTICAL DISTRIBUTION,0,0,0
4.80652E+12,ALLOPURINOL 300MG (DM) TAB,ALLOPURINOL 300MG TAB (DM) X100,0,0,8,5,2.22,GENERICS-RX,N/A,0,0,0
4.80652E+12,ALLUPREX 100MG TAB,ALLOPURINOL 100MG TAB (ALLUPREX) X 100,0,0,0,2,0.65,GENERICS-RX,N/A,0,0,0
4.80652E+12,ALLUPREX 300MG TAB,ALLOPURINOL 300MG TAB (ALLUPREX) X100,0,0,735,3,1.35,GENERICS-RX,N/A,0,0,0
4.8065E+12,ALMGOH TAB (GEL-MALICID) X100,ALMGOH TAB (GEL-MALICID) X100,0,0,663,5,2,GENERICS-OTC,N/A,0,0,0
4.80779E+12,ALNIX  2.5MG/5ML DROPS 10ML,ALNIX  2.5MG/5ML DROPS 10ML,0,0,5,206,192.665,BRANDED-OTC,N/A,0,0,0
7933006578,ALNIX 10MG TAB X100,ALNIX 10MG TAB X100,0,0,86,32,30.18318726,BRANDED-OTC,N/A,0,0,0
4.80779E+12,ALNIX 5MG/5ML SYR 30ML,ALNIX 5MG/5ML SYR 30ML,0,0,4,180,170.23,BRANDED-OTC,N/A,0,0,0
4.80779E+12,ALNIX 5MG/5ML SYR 60ML,ALNIX 5MG/5ML SYR 60ML,0,0,3,295,280.756,BRANDED-OTC,N/A,0,0,0
4.80779E+12,ALNIX PLUS 5MG/5MG SYR 60ML,ALNIX PLUS 5MG/5MG SYR 60ML,0,0,3,325,307.83,BRANDED-OTC,N/A,0,0,0
8574087873,ALNIX PLUS TAB X100,ALNIX PLUS TAB X100,0,0,39,26,24.02,BRANDED-OTC,N/A,0,0,0
4.80006E+12,ALTHEA PILLS 21,ALTHEA PILLS 21,0,0,10,465,430.3222222,BRANDED-OTC,N/A,0,0,0
4.8003E+12,ALUMINUM MAGNESIUM (MEDALEM) 60ML,ALUMINUM MAGNESIUM (MEDALEM) 60ML,0,0,0,34,16.8,GENERICS-OTC,N/A,0,0,0
4.8065E+12,AMARA 2MG TAB X30,AMARA 2MG TAB X30,0,0,72,11,9.516666667,BRANDED-RX,N/A,0,0,0
4.80651E+12,AMBESYL 5MG TAB X30,AMBESYL 5MG TAB X30,0,0,0,12,10,BRANDED-RX,N/A,0,0,0
4.80652E+12,AMBICAL 500MG TAB X100,CALCIUM CARBONATE 500MG (AMBICAL) TAB X100,0,0,580,2,0.65,GENERICS-OTC,N/A,0,0,0
4.80652E+12,AMBICAL PLUS TAB X100,CALCIUM + VIT. D3 (AMBICAL PLUS) TAB X100,0,0,915,5,1.56,GENERICS-OTC,N/A,0,0,0
4.80652E+12,AMBIDAZOLE SYR 60ML,METRONIDAZOLE 125MG/5ML (AMBIDAZOLE) 60ML,0,0,39,35,15.525,GENERICS-RX,N/A,0,0,0
4.80652E+12,AMBIDOL 50MG AMP X10,TRAMADOL 50MG (AMBIDOL) AMP X10,0,0,0,15,6,INTRAVENOUS SOLN,N/A,0,0,0
4.80652E+12,AMBIMOX 500MG TAB,AMOXICILLIN 500MG CAP (AMBIMOX) X100,0,0,3241,3,1.3,GENERICS-RX,N/A,0,0,0
4.80604E+12,AMBIRETIC 500MG,PARACETAMOL (AMBIRETIC 500MG) X 100 TAB,0,0,100,2,0.5,GENERICS-OTC,,0,0,0
4.80652E+12,AMBIVIT K 10MG AMP X10,VITAMIN K 10MG (AMBIVIT K) X10,0,0,0,30,13,INTRAVENOUS SOLN,N/A,0,0,0
8.90604E+12,AMBROXED 30MG TAB,AMBROXOL 30MG TAB (AMBROXED) X100,0,0,0,1,0.44,GENERICS-RX,N/A,0,0,0
4.80653E+12,AMBROXOL 15MG/5ML SYR (BROMUX) 60ML,AMBROXOL 15MG/5ML SYR (BROMUX) 60ML,0,0,0,0,0,GENERICS-RX,N/A,0,0,0
8.90604E+12,AMBROXOL 75MG (SAPHROXOL) CAP X100,AMBROXOL 75MG (SAPHROXOL) CAP X100,0,0,195,10,4.496847385,GENERICS-RX,N/A,0,0,0
8.90604E+12,AMBROXOL 75MG CAP (AMBROXED) X100,AMBROXOL 75MG CAP (AMBROXED) X100,0,0,0,8,3.7,GENERICS-RX,N/A,0,0,0
8043267989,AMLIFE 100MG/10MG TAB X30,AMLIFE 100MG/10MG TAB X30,0,0,24,37,34.15,BRANDED-RX,N/A,0,0,0
4.80779E+12,AMLIFE TAB 100MG/5MG X30,AMLIFE TAB 100MG/5MG X30,0,0,58,32,29.55,BRANDED-RX,N/A,0,0,0
4.80779E+12,AMLIFE TAB 50MG/5MG X30,AMLIFE TAB 50MG/5MG X30,0,0,28,26,23.93,GENERICS-OTC,N/A,0,0,0
72632896870,AMLODIPINE + LOSARTAN 50/5MG TAB (DUODEN) X30,AMLODIPINE + LOSARTAN 50/5MG TAB (DUODEN) X30,0,0,0,15,7,PERSONAL CARE,N/A,0,0,0
4.80029E+12,AMLOTITAN 5MG/50MG TAB X30,AMLOTITAN 5MG/50MG TAB X30,0,0,0,18,16.3,BRANDED-RX,N/A,0,0,0
4.80034E+12,AMLYTROL 10MG TAB,AMLODIPINE 10MG TAB (AMLYTROL) X100,0,0,490,3,0.85,GENERICS-RX,N/A,0,0,0
4.80034E+12,AMLYTROL 5MG TAB,AMLODIPINE 5MG TAB (AMLYTROL) X100,0,0,660,2,0.75,GENERICS-RX,N/A,0,0,0
4.80779E+12,AMOCLAV 228MG/5ML SYR 70ML,AMOCLAV 228MG/5ML SYR 70ML,0,0,4,305,290.15,BRANDED-RX,N/A,0,0,0
4.80779E+12,AMOCLAV 457MG/5ML SUSP 70ML,AMOCLAV 457MG/5ML SUSP 70ML,0,0,4,470,439.8825,BRANDED-RX,N/A,0,0,0
4.8003E+12,AMOXICILLIN 250MG (MOXYLOR) X100,AMOXICILLIN 250MG (MOXYLOR) X100,0,0,0,0,0,GENERICS-RX,N/A,0,0,0
6722117534,AMPALAYA PLUS CAP X90,AMPALAYA PLUS CAP X90,0,0,50,8,6.72,BRANDED-OTC,N/A,0,0,0
1.23044E+14,AMPICILLIN 250MG (CORPILYN) IV ,AMPICILLIN 250MG (CORPILYN) IV ,0,0,0,50,16,INTRAVENOUS SOLN,N/A,0,0,0
8.90604E+12,AMPICILLIN NA 250MG IV (AMPISAPH-250) X10,AMPICILLIN NA 250MG IV (AMPISAPH-250) X10,0,0,8,50,9,INTRAVENOUS SOLN,N/A,0,0,0
4.80651E+12,AMPICILLIN NA 250MG IV (LIFERZIN) X10,AMPICILLIN NA 250MG IV (LIFERZIN) X10,0,0,0,35,15.5,INTRAVENOUS SOLN,N/A,0,0,0
4.80779E+12,AMVASC 10MG TAB X50,AMVASC 10MG TAB X50,0,0,59,36,33.92,BRANDED-RX,N/A,0,0,0
4.80779E+12,AMVASC BE TAB 5MG X50,AMVASC BE TAB 5MG X50,0,0,18,21,19.8,BRANDED-RX,N/A,0,0,0
79977924,ANGIMAX 20MG TAB,ANGIMAX 20MG TAB,0,0,10,15,17.13,BRANDED-RX,N/A,0,0,0
6193158170,ANGIMAX MR 35MG TAB X60,ANGIMAX MR 35MG TAB X60,0,0,55,20,18.09,BRANDED-RX,N/A,0,0,0
4.8065E+12,ANLENE BONEMAX 300G,ANLENE BONEMAX 300G,0,0,5,175,164.84,MILK,N/A,0,0,0
4.8065E+12,ANLENE GOLD MOVEMAX 300G,ANLENE GOLD MOVEMAX 300G,0,0,4,270,216.73,MILK,DYNA DRUG CORP.,0,0,0
9.41501E+12,ANMUM CHOCO 180G,ANMUM CHOCO 180G,0,0,-1,205,192.81,MILK,N/A,0,0,0
4.8065E+12,ANMUM CHOCO 375G,ANMUM CHOCO 375G,0,0,5,410,390.24,MILK,N/A,0,0,0
9.41501E+12,ANMUM PLAIN 180G,ANMUM PLAIN 180G,0,0,3,205,192.81,MILK,N/A,0,0,0
4.8065E+12,ANMUM PLAIN 375G,ANMUM PLAIN 375G,0,0,2,410,390.24,MILK,N/A,0,0,0
93916492,ANTICOF 7.5MG SYR 120ML,BUTAMIRATE (ANTICOF) 7.5MG SYR 120ML,0,0,0,200,130,GENERICS-OTC,PRIMECARE,0,0,0
5859206758,ANTICOF SR 50MG TAB,BUTAMIRATE 50MG TAB (ANTICOF SR) X100,0,0,15,18,39.025,GENERICS-OTC,N/A,0,0,0
4.80035E+12,ANTIOX 20MG/ML SUSP 30ML,ANTIOX 20MG/ML SUSP 30ML,0,0,1,390,369.67,BRANDED-OTC,N/A,0,0,0
3027651459,ANTIOX 500MG TAB X36,ANTIOX 500MG TAB X36,0,0,4,101,95.39,BRANDED-OTC,N/A,0,0,0
4.80035E+12,ANTIOX 50MG/ML SUSP 10ML,ANTIOX 50MG/ML SUSP 10ML,0,0,1,401,381.1,BRANDED-OTC,N/A,0,0,0
4.80007E+12,APOLLO LIP BALM 7G,APOLLO LIP BALM 7G,0,0,11,80,72,PERSONAL CARE,OHANA TRADING CORPORATION,0,0,0
79825572,APPEBON KID CHEWABLES,APPEBON KID CHEWABLES,0,0,30,11,9.43,BRANDED-RX,UNITED LINK PHARMACEUTICAL DISTRIBUTION,0,0,0
4.80779E+12,APPEBON KID SYR 120ML,APPEBON KID SYR 120ML,0,0,2,195,181.07,BRANDED-OTC,N/A,0,0,0
4.80779E+12,APPEBON KID SYR 60ML,APPEBON KID SYR 60ML,0,0,4,125,114.964375,BRANDED-OTC,N/A,0,0,0
4.80779E+12,APPEBON KID SYRUP 250ML,APPEBON KID SYRUP 250ML,0,0,1,378,355.46,BRANDED-OTC,N/A,0,0,0
4.80779E+12,APPEBON W/ IRON CAP X 100,APPEBON W/ IRON CAP X 100,0,0,40,26,23.86,BRANDED-RX,N/A,0,0,0
4.80779E+12,APPEBON WITH IRON 60ML,APPEBON WITH IRON SYR 60ML,0,0,2,301,289.34,BRANDED-RX,UNITED LINK PHARMACEUTICAL DISTRIBUTION,0,0,0
4.80653E+12,APPEMIN CAPSULE X100,APPEMIN CAPSULE X100,0,0,0,15,7.99,BRANDED-OTC,N/A,0,0,0
9384452817,APPESAPH CAP,BUCLIZINE+MV+IRON (APPESAPH) X100,0,0,18,7,3.15,GENERICS-OTC,N/A,0,0,0
4.80652E+12,APPETAMINE OB,MULTIVITAMINS+IRON+CALCIUM (APPETAMINE OB) X 100 CAP,0,0,25,15,11.28070501,BRANDED-OTC,,0,0,0
4.80652E+12,APPETAMINE SYRUP 60ML,APPETAMINE SYRUP 60ML,0,0,0,225,211.75,BRANDED-RX,,0,0,0
4.80652E+12,APPETAMINE WITH IRON X 100 CAP,MULTIVITAMINS+ L-LYSINE HCl+BUCLIZINE HCl (APPETAMINE WITH IRON) X 100 CAP,0,0,0,20,15.75,BRANDED-RX,0,0,0,0
4.80652E+12,APPETAMINE WITHY IRON SYRUP 60ML,APPETAMINE WITHY IRON SYRUP 60ML,0,0,0,235,220,BRANDED-OTC,,0,0,0
4.80652E+12,APPETAMINE X 100 CAP,MULTIVITAMINS+ L-LYSINE HCl+BUCLIZINE HCl (APPETAMINE) X 100 CAP,0,0,0,18,14.67,FOOD & BEVERAGES,0,0,0,0
9686404521,APPETASON CAP X100,APPETASON CAP X100,0,0,102,14,12.00536066,BRANDED-OTC,N/A,0,0,0
4.80651E+12,APPETASON SYR 120ML,APPETASON SYR 120ML,0,0,0,185,173.6,BRANDED-OTC,COPHARM TRADING CORPORATION,0,0,0
4.80651E+12,APPETASON SYR 60ML,APPETASON SYR 60ML,0,0,2,135,128,BRANDED-OTC,COPHARM TRADING CORPORATION,0,0,0
1321495518,APPETITE OB CAP X100,APPETITE OB CAP X100,0,0,45,11,9.07,BRANDED-OTC,N/A,0,0,0
4.80652E+12,APPETITE PLUS CAP X100,APPETITE PLUS CAP X100,0,0,0,17,15.74,BRANDED-OTC,N/A,0,0,0
4.80652E+12,APPETITE PLUS SYR 60ML,APPETITE PLUS SYR 60ML,0,0,0,206,195.7,BRANDED-RX,N/A,0,0,0
6.97068E+12,APPLEBEAR SILICONE PACIFIER,APPLEBEAR SILICONE PACIFIER,0,0,0,45,37,PERSONAL CARE,N/A,0,0,0
6.97068E+12,APPLEBEAR SILICONE TEETHER,APPLEBEAR SILICONE TEETHER,0,0,2,50,45,BABY PRODUCTS,N/A,0,0,0
4.80014E+12,APROVASC 150/5MG TAB X28,APROVASC 150/5MG TAB X28,0,0,11,30,29.79,BRANDED-RX,N/A,0,0,0
4.80014E+12,APROVEL 150MG TAB X28,APROVEL 150MG TAB X28,0,0,6,28,26.58,BRANDED-RX,N/A,0,0,0
4.8002E+12,APSOLYN- OTIC SOLUTION 5ML,APSOLYN- OTIC SOLUTION,0,0,1,396,359.1,BRANDED-RX,,0,0,0
4.80031E+12,ARBLOC 50MG TAB X30,ARBLOC 50MG TAB X30,0,0,41,15,13.11,BRANDED-RX,N/A,0,0,0
4.80031E+12,ARBLOC PLUS 50/12.5 TAB X50,ARBLOC PLUS 50/12.5 TAB X50,0,0,30,18,17.1,BRANDED-RX,N/A,0,0,0
4.80031E+12,ARBLOC TAB 100MG X30,ARBLOC TAB 100MG X30,0,0,0,20,17.68,BRANDED-RX,N/A,0,0,0
8.40165E+11,ARCOXIA  30MG TAB X 30,ETORICOXIB (ARCOXIA) 30MG TAB X 30,0,0,36,60,56.48,BRANDED-RX,DYNA DRUG CORP.,0,0,0
9014542977,ARCOXIA 120MG TAB X30,ARCOXIA 120MG TAB X30,0,0,5,85,78.9012357,BRANDED-RX,N/A,0,0,0
8.40165E+11,ARCOXIA 60MG TAB X30,ARCOXIA 60MG TAB X30,0,0,34,60,56.48,BRANDED-RX,COPHARM TRADING CORPORATION,0,0,0
4049415444,ARCOXIA 90MG TAB X30,ARCOXIA 90MG TAB X30,0,0,47,67,63.28787234,BRANDED-RX,N/A,0,0,0
1699967411,ARM SLING LARGE,ARM SLING LARGE,0,0,3,95,45,MEDICAL SUPPLIES,N/A,0,0,0
4101004235,ARM SLING MEDIUM,ARM SLING MEDIUM,0,0,3,75,38.25,MEDICAL SUPPLIES,N/A,0,0,0
9213657933,ARM SLING SMALL,ARM SLING SMALL,0,0,0,75,38.25,MEDICAL SUPPLIES,N/A,0,0,0
4.8002E+12,ASCOF 300MG/5ML SYR  PONK 60ML,ASCOF 300MG/5ML SYR  PONK 60ML,0,0,4,95,90.16,BRANDED-OTC,N/A,0,0,0
4.8002E+12,ASCOF FORTE TAB X60,LAGUNDI (ASCOF FORTE TAB),0,0,-5,8,6.75,BRANDED-OTC,,0,0,0
1053762983,ASCOF FTE 600MG CAP,ASCOF FTE 600MG CAP,0,0,99,8,5.02,BRANDED-OTC,N/A,0,0,0
4.8002E+12,ASCOF FTE 600MG/6ML SYR MENTHOL 60ML,ASCOF FTE 600MG/6ML SYR MENTHOL 60ML,0,0,6,128,121.2,BRANDED-OTC,N/A,0,0,0
4.8002E+12,ASCOF STRAW SYR 120ML,ASCOF STRAW SYR 120ML,0,0,-3,130,122.41,BRANDED-OTC,N/A,0,0,0
4.8002E+12,ASCOF STRAW SYR 60ML,VITEX NEGUNDO L.LAGUNDI LEAF (ASCOF) 300MG/5ML STRAW SYR 60ML,0,0,0,95,90.16,BRANDED-OTC,COPHARM TRADING CORPORATION,0,0,0
4.80651E+12,ASCORBIC ACID 500MG (CEVIT) TAB X100,ASCORBIC ACID 500MG (CEVIT) TAB X100,0,0,-18,2,0.78,GENERICS-OTC,N/A,0,0,0
5610044431,ASCORSAPH-PLUS CAP,AA+VIT D3+ZINC (ASCORSAPH-PLUS) X100,0,0,100,5,1.724,GENERICS-OTC,N/A,0,0,0
7113696050,ASCORSAPH-ZEE 500MG CAP,AA+ ZINC CAP 500MG (ASCORSAPH-ZEE)X100,0,0,0,5,1.45,GENERICS-OTC,N/A,0,0,0
4.80652E+12,ASICLAV 625 MG TAB X14 ,CO-AMOX (ASICLAV) 625MG TAB,0,0,28,15,7,GENERICS-RX,PRIMECARE,0,0,0
4.80779E+12,ASMALIN2MG/5ML SYR 60ML,ASMALIN2MG/5ML SYR 60ML,0,0,5,156,148.33,BRANDED-RX,N/A,0,0,0
4.80036E+12,ASPEC EC 100MG TAB X100,ASPEC EC 100MG TAB X100,0,0,60,3,2.13,BRANDED-RX,N/A,0,0,0
2473922488,ASPILET 80MG TAB X500,ASPILET 80MG TAB X500,0,0,369,4,3.63,BRANDED-RX,N/A,0,0,0
4.80779E+12,ASPILET EC 80MG TAB X150,ASPILET EC 80MG TAB X150,0,0,0,4,3.49,BRANDED-RX,N/A,0,0,0
4844310390,ASPIRIN 80MG TAB (SAPHRIN) X100,ASPIRIN 80MG TAB (SAPHRIN) X100,0,0,225,2,0.62,GENERICS-RX,N/A,0,0,0
4.80652E+12,ATC FISHOIL X30,ATC FISHOIL X30,0,0,0,7,5.8,BRANDED-OTC,N/A,0,0,0
4.80652E+12,ATENURIX 20MG TAB X30,ATENURIX 20MG TAB X30,0,0,40,15,13.05,BRANDED-RX,N/A,0,0,0
4.80652E+12,ATENURIX 40MG TAB X30,ATENURIX 40MG TAB X30,0,0,52,23,20.31,BRANDED-RX,N/A,0,0,0
4.80652E+12,ATHRODIM 200MG SUSP 15ML,AZITHROMYCIN 200MG/5ML SUSP (ATHRODIM) X100,0,0,7,180,90,GENERICS-RX,N/A,0,0,0
8.90604E+12,ATORSAPH 10MG TAB,ATORVASTATIN 10MG TAB (ATORSAPH) X100,0,0,0,2,0.848920607,GENERICS-RX,N/A,0,0,0
8.90418E+12,ATORVASTATIN 10MG (ATORBET) TAB X100,ATORVASTATIN 10MG (ATORBET) TAB X100,0,0,873,2,0.75,GENERICS-RX,N/A,0,0,0
4.80652E+12,ATORVASTATIN 10MG (FREDTOR) TAB X100,ATORVASTATIN 10MG (FREDTOR) TAB X100,0,0,0,2,0.82,GENERICS-RX,N/A,0,0,0
8.90418E+12,ATORVASTATIN 20MG (ATORBET) TAB X100,ATORVASTATIN 20MG (ATORBET) TAB X100,0,0,-5,5,1.6,GENERICS-RX,N/A,0,0,0
8.90612E+12,ATORVASTATIN 20MG (ATORMED) TAB X100,ATORVASTATIN 20MG (ATORMED) TAB X100,0,0,0,5,1.5,GENERICS-RX,N/A,0,0,0
4.80652E+12,ATORVASTATIN 20MG (FREDTOR) TAB X100,ATORVASTATIN 20MG (FREDTOR) TAB X100,0,0,-16,5,1.13,GENERICS-RX,N/A,0,0,0
4.80604E+12,ATORVASTATIN 20MG (LESTOR) TAB X100,ATORVASTATIN 20MG (LESTOR) TAB X100,0,0,52,5,1.153970702,GENERICS-RX,N/A,0,0,0
4.80651E+12,ATORVASTATIN 20MG (RANVAST) TAB X100,ATORVASTATIN 20MG (RANVAST) TAB X100,0,0,0,5,2.3,GENERICS-RX,N/A,0,0,0
3877561924,ATORVASTATIN 20MG TAB (ATORSAPH) X100,ATORVASTATIN 20MG TAB (ATORSAPH) X100,0,0,-6,5,1.3,GENERICS-RX,N/A,0,0,0
8.90604E+12,ATORVASTATIN 20MG TAB (TORED-20) X100,ATORVASTATIN 20MG TAB (TORED-20) X100,0,0,0,5,1.2,GENERICS-RX,N/A,0,0,0
4.80652E+12,ATORVASTATIN 40MG (FREDTOR) TAB X100,ATORVASTATIN 40MG (FREDTOR) TAB X100,0,0,1984,6,1.58,GENERICS-RX,N/A,0,0,0
4.80651E+12,ATORVASTATIN 40MG (RANVAST) TAB X100,ATORVASTATIN 40MG (RANVAST) TAB X100,0,0,10,8,3.6,GENERICS-RX,N/A,0,0,0
4.80604E+12,ATORVASTATIN 40MG TAB X100,ATORVASTATIN 40MG TAB X100,0,0,166,5,2.1,GENERICS-RX,N/A,0,0,0
8.90604E+12,ATORVASTATIN 4OMG (ATORSAPH) TAB X100,ATORVASTATIN 4OMG (ATORSAPH) TAB X100,0,0,100,7,2.9,GENERICS-RX,N/A,0,0,0
6.14783E+14,ATORVASTATIN 80MG (ATORSAPH 80) X100,ATORVASTATIN 80MG (ATORSAPH 80) X100,0,0,0,7,2.95,GENERICS-RX,N/A,0,0,0
4.80654E+12,ATORVSTATIN 40MG (ATORIMAX) TAB X100,ATORVSTATIN 40MG (ATORIMAX) TAB X100,0,0,284,6,1.65,GENERICS-RX,MEDCARE,0,0,0
4.80604E+12,ATOVASTATIN 20MG (TORVASTATIN) TAB X100,ATOVASTATIN 20MG (TORVASTATIN) TAB X100,0,0,-10,3,1.02,BRANDED-RX,N/A,0,0,0
4.80652E+12,ATS SHARJVAX 150IU AMP 0.7ML ,ATS TETANUS ANTITOXIN 1500IU/0.7ML (SHARJVAX) X10,0,0,1,200,98,INTRAVENOUS SOLN,N/A,0,0,0
7540580533,ATS TETANUS ANTITOXIN 1500IU (ANTITET) 0.7ML,ATS TETANUS ANTITOXIN 1500IU (ANTITET) 0.7ML,0,0,74,200,104,INTRAVENOUS SOLN,N/A,0,0,0
4.80033E+12,AUGMENTIN 375MG TAB X30,CO-AMOXICLAV (AUGMENTIN) 375MG TAB X30,0,0,9,55,51.59,BRANDED-RX,DYNA DRUG CORP.,0,0,0
4.80033E+12,AUGMENTIN ES 642.9/5MG POWDER FOR SUSP.100ML,C0-AMOXXICLAV (AUGMENTIN ES) 642.9MG/5ML POWDER FOR SUSP.100ML,0,0,0,575,547.47,BRANDED-RX,DYNA DRUG CORP.,0,0,0
4.80779E+12,AVAMAX 10MG TAB X100,AVAMAX 10MG TAB X100,0,0,36,28,26.37,BRANDED-RX,N/A,0,0,0
1135005049,AVAMAX 20MG TAB X100,AVAMAX 20MG TAB X100,0,0,30,33,30.74,BRANDED-RX,N/A,0,0,0
3.30638E+14,AVAMAX 40MG TAB X100,AVAMAX 40MG TAB X100,0,0,66,40,37.6,BRANDED-OTC,N/A,0,0,0
4.80654E+12,AVARIX 20 20MG TAB X 100,ATORVASTATIN (AVARIX 20) TAB X 100,0,0,106,5,1.09,GENERICS-RX,MEDTRIO CONSUMER GOODS TRADING,0,0,0
4.80033E+12,AVODART 500MCG CAP X30,AVODART 500MCG CAP X30,0,0,0,0,0,BRANDED-RX,N/A,0,0,0
4.80089E+12,AXE BLACK 40ML,AXE BLACK 40ML,0,0,5,150,134.6861538,PERSONAL CARE,N/A,0,0,0
8.85193E+12,AXE BS GOLD TEMPTATION 50ML,AXE BS GOLD TEMPTATION 50ML,0,0,3,110,101.95,PERSONAL CARE,N/A,0,0,0
8.85193E+12,AXE DEO BS BLACK 50ML,AXE DEO BS BLACK 50ML,0,0,3,115,101.95,PERSONAL CARE,N/A,0,0,0
8.85193E+12,AXE DEO BS ICE CHILL 50ML,AXE DEO BS ICE CHILL 50ML,0,0,2,120,107.56,PERSONAL CARE,N/A,0,0,0
4.80089E+12,AXE DEO RO APOLLO 25ML,AXE DEO RO APOLLO 25ML,0,0,1,95,82.5,PERSONAL CARE,N/A,0,0,0
4.80089E+12,AXE DEO RO APOLLO 40ML,AXE DEO RO APOLLO 40ML,0,0,11,150,135.19,PERSONAL CARE,N/A,0,0,0
4.80089E+12,AXE DEO RO DARKTEMP 25ML,AXE DEO RO DARKTEMP 25ML,0,0,7,95,82.5,PERSONAL CARE,N/A,0,0,0
4.80089E+12,AXE DEO RO DARKTEMP 40ML,AXE DEO RO DARKTEMP 40ML,0,0,7,150,135.19,PERSONAL CARE,N/A,0,0,0
9.30083E+12,AXE DEO SPRAY BLACK 135ML,AXE DEO SPRAY BLACK 135ML,0,0,1,275,198.4733333,PERSONAL CARE,N/A,0,0,0
4.80089E+12,AXE DEO SPRAY DARK TEMP 135ML,AXE DEO SPRAY DARK TEMP 135ML,0,0,1,265,221.01,PERSONAL CARE,N/A,0,0,0
4.80089E+13,AXE DEO SPRAY DARK TEMP 50ML,AXE DEO SPRAY DARK TEMP 50ML,0,0,0,115,101.95,PERSONAL CARE,N/A,0,0,0
9.30083E+12,AXE DEO SPRAY GOLD TEMP 135ML,AXE DEO SPRAY GOLD TEMP 135ML,0,0,0,208,274.27,PERSONAL CARE,N/A,0,0,0
9.30083E+12,AXE DEO SPRAY ICE CHILL 135ML,AXE DEO SPRAY ICE CHILL 135ML,0,0,0,238,215.5,PERSONAL CARE,N/A,0,0,0
4.80089E+12,AXE RO ICE CHILL 40ML,AXE RO ICE CHILL 40ML,0,0,6,150,134.5357143,PERSONAL CARE,N/A,0,0,0
4.80652E+12,AXMEL 125 SUSP 60ML,AMOXICILLIN 125MG/5ML SUSP (AXMEL) 60ML,0,0,19,40,18.14130435,GENERICS-RX,N/A,0,0,0
4.80652E+12,AXMEL 250MG CAP X100 ,AMOXICILLIN 250MG CAP (AXMEL) X100,0,0,102,3,1.5,GENERICS-RX,N/A,0,0,0
4.80652E+12,AXMEL 250MG SUSP 60ML,AMOXICILLIN 250MG/5ML SUSP (AXMEL) 60ML,0,0,25,45,21,GENERICS-RX,N/A,0,0,0
4.80652E+12,AXMEL 500MG CAP X100,AMOXICILLIN 500MG CAP (AXMEL) X100,0,0,0,3,1.39,GENERICS-RX,N/A,0,0,0
4.80652E+12,AXMEL DROPS 10ML,AMOXICILLIN 100MG/ML DROPS (AXMEL) 10ML,0,0,27,30,13.11180124,GENERICS-RX,N/A,0,0,0
8.90605E+12,AZCORE 500MG TAB,AZITHROMYCIN 500MG TAB (AZCORE) X30,0,0,63,35,10,GENERICS-RX,N/A,0,0,0
8232689304,AZISAPH 500MG TAB,AZITHROMYCIN 500MG TAB (AZISAPH) X3,0,0,0,35,15,GENERICS-RX,N/A,0,0,0
8.90604E+12,AZITHROMYCIN (AZITAS) 200MG SUSP 15ML,AZITHROMYCIN (AZITAS) 200MG SUSP 15ML,0,0,0,140,55,GENERICS-RX,N/A,0,0,0
8.90418E+12,AZITHROMYCIN (AZITHRONOVA) 500MG TABX3,AZITHROMYCIN (AZITHRONOVA) 500MG TABX3,0,0,51,35,11.67,GENERICS-RX,PRIMECARE,0,0,0
4.80652E+12,AZITHROMYCIN (ROZITAN) 200MG/5ML,AZITHROMYCIN (ROZITAN) 200MG/5ML,0,0,21,80,52.33333333,GENERICS-RX,CASTELLANO DRUG,0,0,0
4.80653E+12,AZITHROMYCIN (ZIKANT) 200MG/5ML,AZITHROMYCIN (ZIKANT) 200MG/5ML,0,0,0,150,75,GENERICS-RX,CASTELLANO DRUG,0,0,0
4.80653E+12,AZITHROMYCIN 500MG (AZIBIAL) TAB X3,AZITHROMYCIN 500MG (AZIBIAL) TAB X3,0,0,7,35,11.67,GENERICS-RX,N/A,0,0,0
7.99515E+14,AZITHROMYCIN 500MG (AZITHROM) TABX3,AZITHROMYCIN 500MG (AZITHROM) TABX3,0,0,30,35,9.440011107,GENERICS-RX,N/A,0,0,0
4.80652E+12,AZITHROMYCIN 500MG CAP (AMBIMAX) X3,AZITHROMYCIN 500MG CAP (AMBIMAX) X3,0,0,0,40,20,GENERICS-RX,N/A,0,0,0
4.80653E+12,AZITOBACT 500MG X3 TAB,AZITHROMYCIN (AZITOBACT 500) X3 TAB,0,0,147,35,11.67,GENERICS-RX,NTPK,0,0,0
4.80652E+12,BABAPRESS 16MG TAB,CANDESARTAN 16MG TAB (BABAPRESS) X30,0,0,0,16,7.66,GENERICS-RX,N/A,0,0,0
4.80652E+12,BABAPRESS 8MG TAB,CANDESARTAN 8MG TAB (BABAPRESS) X30,0,0,145,9,3.5,GENERICS-RX,N/A,0,0,0
8.85085E+12,BABIES FIRST FB 4OZ ,BABIES FIRST FB 4OZ ,0,0,6,65,58.21,BABY PRODUCTS,N/A,0,0,0
4.80042E+12,BABY BENCH COL BGUM 100ML,BABY BENCH COL BGUM 100ML,0,0,13,67,58.77689474,PERSONAL CARE,N/A,0,0,0
4.80042E+12,BABY BENCH COL BGUM 50ML,BABY BENCH COL BGUM 50ML,0,0,0,40,34.56,PERSONAL CARE,N/A,0,0,0
4.80042E+12,BABY BENCH GUMMYBEAR 100ML,BABY BENCH GUMMYBEAR 100ML,0,0,0,61,54.72,PERSONAL CARE,N/A,0,0,0
4.80042E+12,BABY BENCH ICE MINT 100ML,BABY BENCH ICE MINT 100ML,0,0,0,65,54.72,PERSONAL CARE,N/A,0,0,0
4.80042E+12,BABY BENCH JELLYBEAN 100ML,BABY BENCH JELLYBEAN 100ML,0,0,0,61,54.72,PERSONAL CARE,N/A,0,0,0
4.80042E+12,BABY BENCH POPSICLE 100ML,BABY BENCH POPSICLE 100ML,0,0,0,61,54.72,PERSONAL CARE,N/A,0,0,0
4.80007E+12,BABY BUDS 300 TIPS,BABYFLO (BABY BUDS) 300 TIPS,0,0,0,40,35.1,BABY PRODUCTS,RHODESIAN SALES CORP.,0,0,0
8.71091E+12,BABY DOVE BAR 90G,BABY DOVE BAR 90G,0,0,4,58,52.27,PERSONAL CARE,N/A,0,0,0
4.80007E+12,BABY FLO NASAL ASPIRATOR,BABY FLO NASAL ASPIRATOR,0,0,6,86,76.01666667,BABY PRODUCTS,N/A,0,0,0
4.80007E+12,BABYFLO BABY BUDS 200 TIPS,BABYFLO BABY BUDS 200 TIPS,0,0,19,30,25.5,BABY PRODUCTS,N/A,0,0,0
36515167,BABYFLO BABY OIL NOURISHING 25ML,BABYFLO BABY OIL NOURISHING 25ML,0,0,-1,25,22.5,BABY PRODUCTS,RHODESIAN SALES CORP.,0,0,0
98627702,BABYFLO BABY OIL SOOTHING 25ML,BABYFLO BABY OIL SOOTHING 25ML,0,0,7,25,22.5,BABY PRODUCTS,RHODESIAN SALES CORP.,0,0,0
4.80007E+12,BABYFLO BABY OIL WARMING 50ML,BABYFLO BABY OIL WARMING 50ML,0,0,1,45,39.02,PERSONAL CARE,N/A,0,0,0
4.80007E+12,BABYFLO BABY POWDER SWEETIE PURPLE 50G,BABYFLO BABY POWDER SWEETIE PURPLE 50G,0,0,5,30,25.2,BABY PRODUCTS,RHODESIAN SALES CORP.,0,0,0
4.80007E+12,BABYFLO BREAST PUMP GLASS,BABYFLO BREAST PUMP GLASS,0,0,0,210,188.08,BABY PRODUCTS,N/A,0,0,0
4.80007E+12,BABYFLO BREAST PUMP PLASTIC,BABYFLO BREAST PUMP PLASTIC,0,0,4,110,98.55,BABY PRODUCTS,N/A,0,0,0
4.80007E+12,BABYFLO F/B NURSER 2OZ,BABYFLO F/B NURSER 2OZ,0,0,1,80,73.8,BABY PRODUCTS,N/A,0,0,0
4.80007E+12,BABYFLO FEEDING BOTTLE LP 4OZ,BABYFLO FEEDING BOTTLE LP 4OZ,0,0,1,65,58.21,BABY PRODUCTS,N/A,0,0,0
4.80007E+12,BABYFLO FEEDING BOTTLE LP 8OZ,BABYFLO FEEDING BOTTLE LP 8OZ,0,0,6,70,61.18875,BABY PRODUCTS,N/A,0,0,0
4.80007E+12,BABYFLO FEEDING BOTTLE LP PLAIN 9OZ,BABYFLO FEEDING BOTTLE LP PLAIN 9OZ,0,0,-1,90,68.13,BABY PRODUCTS,N/A,0,0,0
19807595,BABYFLO FEEDING BOTTLE PLAIN 4OZ,BABYFLO FEEDING BOTTLE PLAIN 4OZ,0,0,0,65,59.76,BABY PRODUCTS,N/A,0,0,0
4.80007E+12,BABYFLO FEEDING BOTTLE SUPER WIDE NECK 9OZ,BABYFLO FEEDING BOTTLE SUPER WIDE NECK 9OZ,0,0,4,210,190,PERSONAL CARE,N/A,0,0,0
4.46047E+14,BABYFLO NIPPLE LARGE ,BABYFLO NIPPLE LARGE ,0,0,17,35,28,BABY PRODUCTS,N/A,0,0,0
6.75661E+14,BABYFLO NIPPLE MEDIUM,BABYFLO NIPPLE MEDIUM,0,0,13,35,28,BABY PRODUCTS,N/A,0,0,0
2.48054E+14,BABYFLO NIPPLE SMALL,BABYFLO NIPPLE SMALL,0,0,12,35,28,BABY PRODUCTS,N/A,0,0,0
4.80007E+12,BABYFLO PACIFIER REGULAR,BABYFLO PACIFIER REGULAR,0,0,18,35,29.84536585,BABY PRODUCTS,N/A,0,0,0
4.80007E+12,BABYFLO PETROLEUM - SOOTHING_RELAXING 50G,BABYFLO PETROLEUM - SOOTHING_RELAXING 50G,0,0,11,70,60.3,DRHR,N/A,0,0,0
4.80007E+12,BABYFLO PETROLEUM - UNSCENTED 50G,BABYFLO PETROLEUM - UNSCENTED 50G,0,0,8,65,58.5,DRHR,N/A,0,0,0
4.80007E+12,BABYFLO PETROLEUM-POWDER FRESH 25G,BABYFLO PETROLEUM JELLY-POWDER FRESH 25G,0,0,0,50,43.66,PERSONAL CARE,N/A,0,0,0
4.80007E+12,BABYFLO PETROLEUM-SOOTHING & RELAXING 25G,BABYFLO PETROLEUM JELLY-SOOTHING & RELAXING 25G,0,0,-3,50,43.65,PERSONAL CARE,N/A,0,0,0
4.80007E+12,BABYFLO PETROLEUM-UNSCENTED 25g,BABYFLO PETROLEUM-UNSCENTED,0,0,0,50,41.6,BABY PRODUCTS,MEDTRIO,0,0,0
4.80007E+12,BABYFLO POWDER BLUSHY PINK 50G,BABYFLO POWDER BLUSHY PINK 50G,0,0,3,30,25.2,BABY PRODUCTS,RHODESIAN SALES CORP.,0,0,0
4.80007E+12,BABYFLO PREM BOTTLE BRUSH,BABYFLO PREM BOTTLE BRUSH,0,0,2,45,35.94,BABY PRODUCTS,N/A,0,0,0
4.80007E+12,BABYFLO SILICONE PACIFIER,BABYFLO SILICONE PACIFIER,0,0,0,90,79.38,BABY PRODUCTS,N/A,0,0,0
4.80007E+12,BABYFLO TEETHER GEL ,BABYFLO TEETHER GEL ,0,0,2,90,80.32,BABY PRODUCTS,N/A,0,0,0
4.80007E+12,BABYFLO TEETHER SILICONE,BABYFLO TEETHER SILICONE,0,0,1,0,0,PERSONAL CARE,N/A,0,0,0
4.80653E+12,BACILLUS 2B/5ML LIQ (NOVAFLORA) X6,BACILLUS 2B/5ML LIQ (NOVAFLORA) X6,0,0,70,25,11,GENERICS-OTC,N/A,0,0,0
4.80652E+12,BACILLUS CLAUSI 2B (ENCAZYM) X20,BACILLUS CLAUSI 2B (ENCAZYM) X20,0,0,45,35,16.5,GENERICS-OTC,N/A,0,0,0
4.80654E+12,BACILLUS CLAUSSI 2B (AEROFLORA) 5ML,BACILLUS CLAUSSI 2B (AEROFLORA) 5ML,0,0,0,30,14,GENERICS-OTC,N/A,0,0,0
4.80101E+12,BACTIDOL 120ML,BACTIDOL 120ML,0,0,6,236,209.4025,BRANDED-RX,N/A,0,0,0
4.80101E+12,BACTIDOL ES HONEY LEMON 8S,BACTIDOL ES HONEY LEMON 8S,0,0,0,70,62.75,BRANDED-OTC,N/A,0,0,0
4.80101E+12,BACTIDOL ES ORANGE 8S,BACTIDOL ES ORANGE 8S,0,0,5,70,62.75,BRANDED-OTC,N/A,0,0,0
4.80101E+12,BACTIDOL HEAVY PHLEGM SYR 100ML,BACTIDOL HEAVY PHLEGM SYR 100ML,0,0,2,175,164.05,BRANDED-OTC,N/A,0,0,0
4.80101E+12,BACTIDOL HEAVY PHLEGM SYR 50ML ,BACTIDOL HEAVY PHLEGM SYR 50ML ,0,0,3,125,110.31,BRANDED-OTC,N/A,0,0,0
4.80101E+12,BACTIDOL ITCHY COUGH 50ML,BACTIDOL ITCHY COUGH 50ML,0,0,2,130,123.36,BRANDED-OTC,N/A,0,0,0
4.80101E+12,BACTIDOL ITCHY COUGH SYR 100ML,BACTIDOL ITCHY COUGH SYR 100ML,0,0,2,210,195.17,BRANDED-OTC,N/A,0,0,0
4.80101E+12,BACTIDOL ORAL SOLN 60ML,BACTIDOL ORAL SOLN 60ML,0,0,5,136,119.8913333,BRANDED-OTC,N/A,0,0,0
4.80779E+12,BACTIFREE 5G OINTMENT,MUPIROCIN (BACTIFREE) 5G OINTMENT,0,0,4,335,318.95,BRANDED-OTC,COPHARM TRADING CORPORATION,0,0,0
4.80033E+12,BACTROBAN OINT 20MG 5G,BACTROBAN OINT 20MG 5G,0,0,1,406,386.23925,BRANDED-OTC,N/A,0,0,0
100554323,BALSAMO CARMINATIVO 30ML,SODIUM BICARBONATE (BALSAMO CARMINATIVO) 30ML,0,0,0,10,9,DRHR,COPHARM TRADING CORPORATION,0,0,0
4.8065E+12,BALSAMO CARMINATIVO 30ML,BALSAMO CARMINATIVO 30ML,0,0,5,15,9,DRHR,N/A,0,0,0
4.80101E+12,BAND-AID ISOP ALCOHOL 150ML,BAND-AID ISOP ALCOHOL 150ML,0,0,0,45,39.9,PERSONAL CARE,N/A,0,0,0
4.80101E+12,BAND-AID ISOP ALCOHOL 250ML,BAND-AID ISOP ALCOHOL 250ML,0,0,0,65,55.8,PERSONAL CARE,N/A,0,0,0
4.80101E+12,BAND-AID ISOP ALCOHOL 500ML,BAND-AID ISOP ALCOHOL 500ML,0,0,0,110,97,PERSONAL CARE,N/A,0,0,0
4.80101E+12,BAND-AID X50,BAND-AID X50,0,0,-24,2,1.37,MEDICAL SUPPLIES,N/A,0,0,0
2.01021E+12,BARNEY NASAL ASPIRATOR,BARNEY NASAL ASPIRATOR,0,0,4,55,50,BABY PRODUCTS,N/A,0,0,0
4.80036E+12,BBRAND ADULT PLUS 1.2KG,BBRAND ADULT PLUS 1.2KG,0,0,1,506,481.31,MILK,N/A,0,0,0
4.80036E+12,BBRAND ADULT PLUS 300G,BBRAND ADULT PLUS 300G,0,0,7,125,114.95,MILK,N/A,0,0,0
4.80036E+12,BBRAND ADULT PLUS 600G,BBRAND ADULT PLUS 600G,0,0,3,225,210.28,MILK,N/A,0,0,0
4.80036E+12,BBRAND ADULT PLUS MILK & COFFEE 300G,BBRAND ADULT PLUS MILK & COFFEE 300G,0,0,1,125,114.95,MILK,N/A,0,0,0
4.80036E+12,BBRAND POWDERED MILK 1.9KG ,BBRAND POWDERED MILK 1.9KG ,0,0,0,696,661.91,MILK,N/A,0,0,0
4.80036E+12,BBRAND POWDERED MILK 1120G,BBRAND POWDERED MILK 1120G,0,0,4,431,409.52,MILK,N/A,0,0,0
4.80036E+12,BBRAND POWDERED MILK 300G,BBRAND POWDERED MILK 300G,0,0,47,111,99.03636275,MILK,N/A,0,0,0
4.80036E+12,BBRAND POWDERED MILK 680G,BBRAND POWDERED MILK 680G,0,0,8,250,234.2093333,MILK,N/A,0,0,0
4.80036E+12,BBRAND POWDERED MILK 840G,BBRAND POWDERED MILK 840G,0,0,6,300,275.75,MILK,N/A,0,0,0
4.80036E+12,BBRAND STERILIZED 200ML,BBRAND STERILIZED 200ML,0,0,50,35,24.804,MILK,N/A,0,0,0
5.9188E+13,BC-FLORA 2B 5ML X10,BC-FLORA 2B 5ML X10,0,0,41,30,13,GENERICS-OTC,N/A,0,0,0
3.82907E+11,BD INSULIN PER PC,BD INSULIN PER PC,0,0,3,15,11,MEDICAL SUPPLIES,,0,0,0
3.82909E+11,BD INSULIN SYRINGE 0.5ML X10,BD INSULIN SYRINGE 0.5ML X10,0,0,19,120,109,MEDICAL SUPPLIES,N/A,0,0,0
8.98732E+14,BEAR BRAND JR. 2.4KG,BEAR BRAND JR. 2.4KG,0,0,3,1130,1085.846667,MILK,N/A,0,0,0
4.80036E+12,BEARBRAND JR. 1+ 1.2KG,BEARBRAND JR. 1+ 1.2KG,0,0,4,630,607.57,MILK,N/A,0,0,0
4.80036E+12,BEARBRAND JR. 1+ 115G,BEARBRAND JR. 1+ 115G,0,0,0,55,50.2,MILK,N/A,0,0,0
4.80036E+12,BEARBRAND JR. 1+ 400G,BEARBRAND JR. 1+ 400G,0,0,28,195,185.0795945,MILK,N/A,0,0,0
4.80036E+12,BEARBRAND JR. 1+ 700G,BEARBRAND JR. 1+ 700G,0,0,0,370,362,MILK,N/A,0,0,0
4.80036E+12,BEARBRAND JR. 2KG,BEARBRAND JR. 2KG,0,0,2,980,939.6,MILK,N/A,0,0,0
4.8002E+12,BEATADINE FEMWASH 25ML,BEATADINE FEMWASH 25ML,0,0,0,65,58.26,DRHR,N/A,0,0,0
4.80652E+12,BELO DEO BEAUTY 40ML,BELO DEO BEAUTY 40ML,0,0,0,150,82.5,PERSONAL CARE,N/A,0,0,0
4.80652E+12,BELO DEO INTENSE WHITE 40ML,BELO DEO INTENSE WHITE 40ML,0,0,11,165,103.7903226,PERSONAL CARE,N/A,0,0,0
4.80652E+12,BELO LOTION KOJIC 100ML,BELO LOTION KOJIC 100ML,0,0,0,150,0,PERSONAL CARE,N/A,0,0,0
4.80652E+12,BELO LOTION KOJIC SPF30 200ML,BELO LOTION KOJIC SPF30 200ML,0,0,0,275,274.75,PERSONAL CARE,N/A,0,0,0
4.80652E+12,BELO LOTION WHITENING PINK 100ML,BELO LOTION WHITENING PINK 100ML,0,0,0,130,0,PERSONAL CARE,N/A,0,0,0
4.80652E+12,BELO LOTION WHITENING PINK 200ML,BELO LOTION WHITENING PINK 200ML,0,0,2,265,264.75,PERSONAL CARE,N/A,0,0,0
4.80652E+12,BELO SOAP ACNEPRO 65G,BELO SOAP ACNEPRO 65G,0,0,1,110,54.88,PERSONAL CARE,N/A,0,0,0
4.80652E+12,BELO SUN EXPERT SPF 60 50ML,BELO SUN EXPERT SPF 60 50ML,0,0,0,270,225,PERSONAL CARE,N/A,0,0,0
4.80652E+12,BELO TINTED SUNSCREEN SPF50 10ML,BELO TINTED SUNSCREEN SPF50 10ML,0,0,0,170,99.5,PERSONAL CARE,N/A,0,0,0
4.80652E+12,BELO UNDERARM CREAM 10g ,BELO UNDERARM WHITENING CREAM 10g,0,0,0,99,0,PERSONAL CARE,MEDTRIO CONSUMER GOODS TRADING,0,0,0
4.80101E+12,BENADRYL CAP X4,BENADRYL CAP X4,0,0,26,22,20.18,BRANDED-OTC,,0,0,0
4.80014E+12,BENADRYL SYR 60ML,BENADRYL SYR 60ML,0,0,3,171,162.43,BRANDED-OTC,N/A,0,0,0
4.80042E+12,BENCH ATLANTIS BODY SPRAY 100ML,BENCH ATLANTIS BODY SPRAY 100ML,0,0,2,135,116.375,PERSONAL CARE,N/A,0,0,0
4.80042E+12,BENCH EIGHT BODY SPRAY 100ML,BENCH EIGHT BODY SPRAY 100ML,0,0,10,135,116.0357143,PERSONAL CARE,N/A,0,0,0
4.80196E+12,BEROCCA MANGO ORANGE X15,BEROCCA MANGO ORANGE X15,0,0,0,278,147.75,BRANDED-OTC,N/A,0,0,0
4.80196E+12,BEROCCA MIXED BERRIES X15,BEROCCA MIXED BERRIES X15,0,0,0,278,147.75,BRANDED-OTC,N/A,0,0,0
4.80196E+12,BEROCCA ORANGE EFF TAB 10S,BEROCCA ORANGE EFF TAB 10S,0,0,4,222,210.8614286,BRANDED-OTC,N/A,0,0,0
4.80196E+12,BEROCCA ORANGE EFF TAB 15S,BEROCCA ORANGE EFF TAB 15S,0,0,0,305,289.86,BRANDED-OTC,N/A,0,0,0
4.80029E+12,BETACARD 6.25MG TAB X30,BETACARD 6.25MG TAB X30,0,0,0,11,9.72,BRANDED-RX,N/A,0,0,0
4.80652E+12,BETADINE DRY POWDER SPRAY 55G,BETADINE DRY POWDER SPRAY 55G,0,0,0,250,225.22,DRHR,N/A,0,0,0
4.8002E+12,BETADINE FEM WASH 50ML,BETADINE FEM WASH 50ML,0,0,10,125,112.3078571,PERSONAL CARE,N/A,0,0,0
4.80652E+12,BETADINE FRESH BLISS LAV 60ML,BETADINE FRESH BLISS LAV 60ML,0,0,-2,60,51.65,PERSONAL CARE,N/A,0,0,0
4.80652E+12,BETADINE FRESH BLISS LEMON VERBENA 60ML,BETADINE FRESH BLISS LEMON VERBENA 60ML,0,0,0,63,57.28,PERSONAL CARE,OHANA TRADING CORPORATION,0,0,0
4.80652E+12,BETADINE FRESH BLISS PINK 60ML,BETADINE FRESH BLISS PINK 60ML,0,0,6,60,51.84875,PERSONAL CARE,,0,0,0
4.80652E+12,BETADINE FRESH BLISS WITCH HAZEL 60ML,BETADINE FRESH BLISS WITCH HAZEL 60ML,0,0,0,65,57.27,PERSONAL CARE,,0,0,0
4.8002E+12,BETADINE GARGLE 60ML,BETADINE GARGLE 60ML,0,0,1,118,119.74,DRHR,N/A,0,0,0
4.80652E+12,BETADINE NASAL SPRAY 20ML,BETADINE NASAL SPRAY 20ML,0,0,0,372,353.41,BRANDED-OTC,N/A,0,0,0
4.8002E+12,BETADINE SKIN CLEANSER 60ML,BETADINE SKIN CLEANSER 60ML,0,0,5,225,195.04,PERSONAL CARE,N/A,0,0,0
4.80652E+12,BETADINE THROAT SPRAY 50ML,BETADINE THROAT SPRAY 50ML,0,0,0,575,545.85,BRANDED-OTC,N/A,0,0,0
4.8002E+12,BETADINE WOUND SOLN 15ML,BETADINE WOUND SOLN 15ML,0,0,19,70,64.21,DRHR,N/A,0,0,0
4.80652E+12,BETADINE WOUND SOLN 25ML,BETADINE WOUND SOLN 25ML X12,0,0,29,85,78.95,DRHR,N/A,0,0,0
4.8002E+12,BETADINE WOUND SOLN 60ML,BETADINE WOUND SOLN 60ML,0,0,5,160,119.74,DRHR,N/A,0,0,0
48035880,BETADINE WOUND SOLN 7.5ML,BETADINE WOUND SOLN 7.5ML X6,0,0,16,40,35.27,DRHR,N/A,0,0,0
8.90605E+12,BETAHISTINE 16MG (BETZINE) TAB X100,BETAHISTINE 16MG (BETZINE) TAB X100,0,0,0,6,2.9,GENERICS-RX,N/A,0,0,0
8178604431,BETAHISTINE 16MG TAB (VERTISAPH-16) X100,BETAHISTINE 16MG TAB (VERTISAPH-16) X100,0,0,0,8,2.35,GENERICS-RX,N/A,0,0,0
4.80652E+12,BETAHISTINE 16MG TAB (VERTSET) X30,BETAHISTINE 16MG TAB (VERTSET) X30,0,0,-21,6,1.89,GENERICS-RX,N/A,0,0,0
8.90605E+12,BETAHISTINE 24MG (BETZINE) TAB X100,BETAHISTINE 24MG (BETZINE) TAB X100,0,0,100,15,5.987265416,GENERICS-RX,N/A,0,0,0
4.80652E+12,BETAHISTINE 24MG (VERTSET) TAB X30,BETAHISTINE 24MG (VERTSET) TAB X30,0,0,0,12,5.5,GENERICS-RX,N/A,0,0,0
8.90525E+12,BETAHISTINE 24MG TAB (GOHISTINE) X100,BETAHISTINE 24MG TAB (GOHISTINE) X100,0,0,0,17,8.5,GENERICS-RX,N/A,0,0,0
8.99357E+12,BETET BALM 17.5G,BETET BALM 17.5G,0,0,29,45,38.04,DRHR,N/A,0,0,0
7483439979,BETNOCHEM 5G,BETAMETHASONE 1MG/G CREAM (BETNOCHEM),0,0,16,60,35,GENERICS-RX,N/A,0,0,0
1.89042E+13,BETNODERM CREAM 5G ,BETAMETHASONE CREAM 5G (BETNODERM),0,0,6,60,28,GENERICS-RX,N/A,0,0,0
4.80033E+12,BETNOVATE OINTMENT 5G,BETNOVATE OINTMENT 5G,0,0,3,368,350.7,BRANDED-RX,N/A,0,0,0
8.90607E+12,BETTAM 400MCG CAPX30,TAMSULOSIN 400MCG TAB (BETTAM) CAPX30,0,0,155,12,5.502846154,GENERICS-RX,N/A,0,0,0
4.80652E+12,BEWELL C 500MG CAP X200,BEWELL C 500MG CAP X200,0,0,128,6,5.09125,BRANDED-OTC,N/A,0,0,0
4.80652E+12,BEWELL- C ZINC 120ML,BEWELL- C ZINC 120ML,0,0,6,125,117.3,BRANDED-OTC,N/A,0,0,0
4.80652E+12,BEWELL- C ZINC 250ML,BEWELL- C ZINC 250ML,0,0,5,225,212.5,BRANDED-OTC,N/A,0,0,0
4.80652E+12,BEWELL- C ZINC DROPS 30ML,BEWELL- C ZINC DROPS 30ML,0,0,5,135,125.8,BRANDED-OTC,N/A,0,0,0
4.80652E+12,BEWELL-C PLUS CALCIUM CAP X100,BEWELL-C PLUS CALCIUM CAP X100,0,0,143,11,9.53716185,BRANDED-OTC,N/A,0,0,0
3435752510,BEWELL-C ZINC PROTECT CAP X30,BEWELL-C ZINC PROTECT CAP X30,0,0,41,7,6.379997854,BRANDED-OTC,N/A,0,0,0
4.80033E+12,BIGEN A BLACK 6G,BIGEN A BLACK 6G,0,0,5,72,62.45684211,PERSONAL CARE,N/A,0,0,0
4.80033E+12,BIGEN BROWNBLACK 6G,BIGEN BROWNBLACK 6G,0,0,6,75,64.68,PERSONAL CARE,N/A,0,0,0
4.80033E+12,BIGEN CHESTNUTBROWN 6G,BIGEN CHESTNUTBROWN 6G,0,0,3,65,60.45166667,PERSONAL CARE,N/A,0,0,0
4.80033E+12,BIGEN DARKBROWN 6G,BIGEN DARKBROWN 6G,0,0,1,68,61.16,PERSONAL CARE,N/A,0,0,0
4.80043E+12,BIGUERLAI SLIM TEABAGS X25,BIGUERLAI SLIM TEABAGS X25,0,0,0,6,5.16,BRANDED-OTC,N/A,0,0,0
4.80652E+12,BILAXTEN 10MG OROTAB X50,BILAXTEN 10MG OROTAB X50,0,0,0,40,36.27,BRANDED-RX,N/A,0,0,0
4.80652E+12,BILAXTEN 20MG TAB X50,BILAXTEN 20MG TAB X50,0,0,42,32,29.78,BRANDED-RX,N/A,0,0,0
4.80654E+12,BIOCLOCEL 125MG 60ML,CEFACLOR (BIOCLOGEL) 125MG 60ML,0,0,3,305,287.75,CONSIGNMENT ITEM,ZEUTICA INC.,0,0,0
4.80654E+12,BIOCLOCEL 50MG/ML SUSP 10ML,BIOCLOCEL 50MG/ML SUSP 10ML,0,0,1,165,148.5,CONSIGNMENT ITEM,N/A,0,0,0
4.80001E+12,BIODERM OINT 15G,BIODERM OINT 15G,0,0,0,35,30.11,DRHR,N/A,0,0,0
4.80001E+12,BIODERM OINT 5G,BIODERM OINT 5G,0,0,0,21,18.34,DRHR,N/A,0,0,0
4.80001E+12,BIODERM SOAP BLUE 135G,BIODERM SOAP BLUE 135G,0,0,10,46,41.26,PERSONAL CARE,N/A,0,0,0
4.80001E+12,BIODERM SOAP BLUE 60G,BIODERM SOAP BLUE 60G,0,0,17,18,16.81,PERSONAL CARE,N/A,0,0,0
4.80001E+12,BIODERM SOAP BLUE 90G,BIODERM SOAP BLUE 90G,0,0,-2,35,10,PERSONAL CARE,N/A,0,0,0
4.80001E+12,BIODERM SOAP GREEN 135G,BIODERM SOAP GREEN 135G,0,0,2,45,40.02923077,PERSONAL CARE,N/A,0,0,0
4.80001E+12,BIODERM SOAP GREEN 60G,BIODERM SOAP GREEN 60G,0,0,26,20,16.37,PERSONAL CARE,N/A,0,0,0
4.80001E+12,BIODERM SOAP GREEN 90G,BIODERM SOAP GREEN 90G,0,0,0,26,23.3,PERSONAL CARE,N/A,0,0,0
4.80001E+12,BIODERM SOAP PINK 135G,BIODERM SOAP PINK 135G,0,0,3,45,40.02923077,PERSONAL CARE,N/A,0,0,0
4.80001E+12,BIODERM SOAP PINK 60G,BIODERM SOAP PINK 60G,0,0,21,18,16.28046865,PERSONAL CARE,N/A,0,0,0
4.80001E+12,BIODERM SOAP PINK 90G,BIODERM SOAP PINK 90G,0,0,-1,26,23.3,PERSONAL CARE,N/A,0,0,0
4.80001E+12,BIODERM SOAP YELLOW 135G,BIODERM SOAP YELLOW 135G,0,0,1,40,35,PERSONAL CARE,N/A,0,0,0
4.8003E+12,BIOFIT SLIM TEABAGS X30,BIOFIT SLIM TEABAGS X30,0,0,124,6,4.94,BRANDED-OTC,N/A,0,0,0
4.80779E+12,BIOFLU SUSP 60ML,BIOFLU SUSP 60ML,0,0,0,131,124.53,BRANDED-OTC,N/A,0,0,0
4.80779E+12,BIOFLU TAB X100,BIOFLU TAB X100,0,0,320,9,7.242380483,BRANDED-OTC,N/A,0,0,0
4.80779E+12,BIOGESIC 0-12 DROPS 15ML,BIOGESIC 100MG/ML DROPS 15ML,0,0,5,85,79.09,BRANDED-OTC,N/A,0,0,0
4.80779E+12,BIOGESIC 2-6 MELON SUSP 60ML,BIOGESIC 120MG/5ML MELON SUSP 60ML,0,0,0,100,93.89,BRANDED-OTC,N/A,0,0,0
4.80779E+12,BIOGESIC 2-6 OR SUSP 60ML,BIOGESIC 120MG/5ML OR SUSP 60ML,0,0,12,100,93.8745,BRANDED-OTC,N/A,0,0,0
4.80779E+12,BIOGESIC 7-12 MELON SUSP 60ML ,BIOGESIC 250MG/5ML MELON SUSP 60ML,0,0,0,155,147.6,BRANDED-OTC,N/A,0,0,0
4.80779E+12,BIOGESIC 7-12 OR SUSP 60ML,BIOGESIC 250MG/5ML OR SUSP 60ML,0,0,10,155,144.1938462,BRANDED-OTC,N/A,0,0,0
4.80779E+12,BIOGESIC TAB 500MG X500,BIOGESIC TAB 500MG X500,0,0,1275,5,4.187090946,BRANDED-OTC,N/A,0,0,0
7.48485E+11,BIRCH TREE FORTIFIED 300G,BIRCH TREE FORTIFIED 300G,0,0,3,98,93.5,MILK,,0,0,0
4.80651E+12,BISACODYL 5MG (DYLAX) TAB X100,BISACODYL 5MG (DYLAX) TAB X100,0,0,170,2,0.65,GENERICS-RX,N/A,0,0,0
4.8065E+12,BLUE CROSS PREG TEST,BLUE CROSS PREG TEST,0,0,0,70,60,MEDICAL SUPPLIES,N/A,0,0,0
4.80057E+12,BOBBIE NAIL POLISH 30ML,BOBBIE NAIL POLISH 30ML,0,0,9,30,26.26,PERSONAL CARE,N/A,0,0,0
4.80057E+12,BOBBIE NAIL POLISH 60ML,BOBBIE NAIL POLISH 60ML,0,0,2,40,35.26,PERSONAL CARE,N/A,0,0,0
4.80015E+12,BONAKID 1+ 1.2KG,BONAKID 1+ 1.2KG,0,0,5,795,783,MILK,N/A,0,0,0
4.80015E+12,BONAKID 1+ 2.4KG,BONAKID 1+ 2.4KG,0,0,1,1375,1338.571889,MILK,N/A,0,0,0
4.80015E+12,BONAKID 1+ 2KG,BONAKID 1+ 2KG,0,0,5,1220,1168,MILK,N/A,0,0,0
4.80015E+12,BONAKID 1+ 350G,BONAKID 1+ 350G,0,0,19,250,238.7285322,MILK,N/A,0,0,0
8.96101E+12,BONAKID LOW LACTOSE 1-3 400G,BONAKID LOW LACTOSE 1-3 400G,0,0,3,505,480.8,MILK,,0,0,0
4.80015E+12,BONAKID PRESCHOOL 3+ 1.2KG,BONAKID PRESCHOOL 3+ 1.2KG,0,0,5,780,750.0405833,MILK,N/A,0,0,0
4.80015E+12,BONAKID PRESCHOOL 3+ 2.4KG,BONAKID PRESCHOOL 3+ 2.4KG,0,0,1,1350,1337.59,MILK,N/A,0,0,0
4.80015E+12,BONAKID PRE-SCHOOL 3+ 350G,BONAKID PRE-SCHOOL 3+ 350G,0,0,8,240,230.745,MILK,N/A,0,0,0
4.80015E+12,BONAMIL 6-12 2.4KG,BONAMIL 6-12 2.4KG,0,0,0,1528,1454.59,MILK,,0,0,0
4.80015E+12,BONAMIL 6-12MO 1.2KG,BONAMIL 6-12MO 1.2KG,0,0,4,820,786.001,MILK,N/A,0,0,0
4.80015E+12,BONAMIL 6-12MO 150G,BONAMIL 6-12MO 150G,0,0,30,125,118.1300541,MILK,N/A,0,0,0
4.80015E+12,BONAMIL 6-12MO 350G,BONAMIL 6-12MO 350G,0,0,1,270,263.6840368,MILK,N/A,0,0,0
8837912198,BONAMINE 25MG CHEWTAB X240,BONAMINE 25MG CHEWTAB X240,0,0,33,15,14.1,BRANDED-OTC,N/A,0,0,0
1467338797,BONAMINE FOR KIDS 12.5MG TAB X120,BONAMINE FOR KIDS 12.5MG TAB X120,0,0,71,13,10.22,BRANDED-OTC,N/A,0,0,0
4.80042E+12,BONIL SOLUTION 30ML,BONIL SOLUTION 30ML,0,0,12,45,36.65603499,DRHR,N/A,0,0,0
4.80015E+12,BONINA 350G,BONINA 350G,0,0,0,285,270.1,MILK,N/A,0,0,0
4.80901E+12,BONITA KITCHEN TOWEL,BONITA KITCHEN TOWEL,0,0,-5,45,35.63,SANPRO,N/A,0,0,0
4.80901E+12,BONITA TISSUE X12,BONITA TISSUE X12,0,0,279,11,10.46,SANPRO,N/A,0,0,0
8.96101E+12,BONNA 0-12 LOW LACTOSE,BONNA 0-12  LOW LACTOSE,0,0,0,225,210.28,BABY PRODUCTS,,0,0,0
8.96101E+12,BONNA 0-12 LOW LACTOSE 400G,BONNA 0-12 LOW LACTOSE 400G,0,0,10,530,501.0461538,MILK,N/A,0,0,0
4.80015E+12,BONNA 0-6 2KG,BONNA 0-6 2KG,0,0,0,1317,1253.59,MILK,,0,0,0
4.80015E+12,BONNA 0-6MO 150G,BONNA 0-6MO 150G,0,0,27,125,118.48,MILK,N/A,0,0,0
4.80015E+12,BONNA 1.2KG,BONNA 1.2KG,0,0,2,861,819.9025,MILK,N/A,0,0,0
4.80015E+12,BONNA 350G,BONNA 350G,0,0,-6,270,261,MILK,N/A,0,0,0
4.80651E+12,BOREN 50MG TAB X100,DICLOFENAC 50MG TAB (BOREN) X100,0,0,4385,1,0.39,GENERICS-RX,N/A,0,0,0
4.80652E+12,BRAVO CAPSULE X2,BRAVO CAPSULE X2,0,0,3,145,127.5,BRANDED-OTC,N/A,0,0,0
4.80035E+12,BREZU 5MCG/ML SYR 60ML,BREZU 5MCG/ML SYR 60ML,0,0,9,215,202.4,BRANDED-RX,N/A,0,0,0
2338755470,BROMITAPP DROPS 15ML,PHENYLEPH+BROMPHEN (BROMITAPP) DROPS 15ML,0,0,6,55,25.85,GENERICS-OTC,N/A,0,0,0
8292690106,BROMITAPP SYRUP 60ML,PHENYLEPH+BROMPHEN (BROMITAPP) SYRUP 60ML,0,0,9,76,38,GENERICS-OTC,N/A,0,0,0
4.8065E+12,BROXAN 30MG TABX100,BROXAN 30MG TABX100,0,0,206,11,9.82,BRANDED-RX,"PHARMA DYNAMIC, INCORPORATED",0,0,0
4.8065E+12,BROXAN PSF 15MG/5ML SYR 60ML,BROXAN PSF 15MG/5ML SYR 60ML,0,0,10,165,147.32,BRANDED-OTC,"PHARMA DYNAMIC, INCORPORATED",0,0,0
4.80653E+12,BUCLIZINE+BCOMPLEX+IRON (APPETANYX) X100,BUCLIZINE+BCOMPLEX+IRON (APPETANYX) X100,0,0,0,8,3.36,GENERICS-OTC,N/A,0,0,0
4.33248E+14,BUDESONIDE 250MCG (RESPISAPH) 2ML X35,BUDESONIDE 250MCG (RESPISAPH) 2ML X35,0,0,170,30,13.13333333,GENERICS-RX,N/A,0,0,0
8.90604E+12,BUDESONIDE 250MCG/ML NEB (BUDEXA) 2ML,BUDESONIDE 250MCG/ML NEB (BUDEXA) 2ML,0,0,0,45,20.75,GENERICS-RX,N/A,0,0,0
4.80014E+12,BUSCOPAN 10MG TAB X 120,BUSCOPAN 10MG TAB X 120,0,0,38,35,31.6577793,BRANDED-OTC,N/A,0,0,0
5.23205E+14,BUSCOPAN PLUS TAB X 100,BUSCOPAN PLUS TAB X 100,0,0,69,40,37.24965517,BRANDED-OTC,N/A,0,0,0
4.80014E+12,BUSCOPAN VENUS TAB X100,BUSCOPAN VENUS TAB X100,0,0,57,40,37.16826772,BRANDED-OTC,N/A,0,0,0
4.8065E+12,BUTACOD FORTE 7.5 MG SYR 60ML,BUTAMIRATE CITRATE (BUTACOD FORTE) 7.5MG SYR 60ML,0,0,4,130,63,GENERICS-OTC,MEDTRIO CONSUMER GOODS TRADING,0,0,0
9555547863,BUTAMIRATE 7.5MG/5ML SYR (ZINCAP) 120ML,BUTAMIRATE 7.5MG/5ML SYR (ZINCAP) 120ML,0,0,0,270,135,GENERICS-OTC,N/A,0,0,0
3.26567E+13,BUTTERFLY G25,BUTTERFLY G25,0,0,56,25,8.63,MEDICAL SUPPLIES,N/A,0,0,0
6.85333E+14,C2 RED APPLE 355ML,C2 RED APPLE 355ML,0,0,0,35,24.04,FOOD & BEVERAGES,N/A,0,0,0
4.80002E+12,C2 RED APPLE 500ML ,C2 RED APPLE 500ML ,0,0,0,35,29.13,FOOD & BEVERAGES,N/A,0,0,0
4.80779E+12,CALACTATE 325MG TAB X100,CALACTATE 325MG TAB X100,0,0,0,105,94.15,BRANDED-OTC,N/A,0,0,0
4.80779E+12,CALACTATE 650MG TAB X100,CALACTATE 650MG TAB X100,0,0,0,175,164.42,BRANDED-OTC,N/A,0,0,0
8.90604E+12,CALCIFESAPH TAB,CALCIUM + VIT D 600/10MG TAB (CALCIFESAPH) X100,0,0,0,3,1.44,GENERICS-OTC,N/A,0,0,0
9.10093E+14,CALCIUM LACTATE TAB 325 MG(CALCISAPH-L325)X100PH),CALCIUM LACTATE TAB 325 MG(CALCISAPH-L325)X100PH),0,0,5,2,0.52,GENERICS-OTC,N/A,0,0,0
4.80779E+12,CALCIUMADE TAB X100,CALCIUMADE TAB X100,0,0,57,11,7.773598329,MEDICAL SUPPLIES,N/A,0,0,0
8.9611E+12,CALIPTROL 40MG TAB,ATORVASTATIN 40MG TAB (CALIPTROL) X100,0,0,0,6,2.5,GENERICS-RX,N/A,0,0,0
7.46876E+11,CALMOSEPTINE OINT  3.5G X20,CALMOSEPTINE OINT  3.5G X20,0,0,41,40,37.56435593,DRHR,N/A,0,0,0
4.80032E+12,CALPOL 2-6 STRW SUSP 60ML,CALPOL 120MG/5ML STRW SUSP 60ML,0,0,8,95,88.64,BRANDED-OTC,N/A,0,0,0
4.80032E+12,CALPOL 6+ SUSP 60ML,CALPOL 6+ 250MG/50ML SUSP 60ML,0,0,8,145,137.4936923,BRANDED-OTC,N/A,0,0,0
4.80032E+12,CALPOL DROPS 10ML,CALPOL 100MG/ML DROPS 10ML,0,0,8,95,88.57,BRANDED-OTC,N/A,0,0,0
4.80032E+12,CALTRATE ADVANCE TAB 30S,CALTRATE ADVANCE TAB 30S,0,0,3,256,240.59,BRANDED-OTC,N/A,0,0,0
4.80032E+12,CALTRATE PLUS TAB X100,CALTRATE PLUS TAB X100,0,0,28,9,8.46,BRANDED-OTC,N/A,0,0,0
4.80032E+12,CALTRATE SILVER ADVANCE X100 TAB,CALTRATE SILVER ADVANCE X100 TAB,0,0,114,11,10.25,BRANDED-OTC,,0,0,0
1574058796,CALVIT GOLD TAB X100,CALVIT GOLD TAB X100,0,0,35,9,8.31,BRANDED-OTC,N/A,0,0,0
4.80651E+12,CALVIT TAB X100,CALVIT TAB X100,0,0,0,9,7.9,BRANDED-OTC,N/A,0,0,0
8.90604E+12,CANDESAPH 16MG X30 TAB ,CANDESAPH 16MG X30 TAB ,0,0,17,10,4.67,GENERICS-OTC,PRIMECARE,0,0,0
8.90604E+12,CANDESAPH 8MG TAB,CANDESARTAN 8MG (CANDESAPH) TAB X30,0,0,1,7,3.17,GENERICS-OTC,PRIMECARE,0,0,0
4.80779E+12,CANDEZ 16MG TAB X30,CANDEZ 16MG TAB X30,0,0,29,38,35.19,BRANDED-RX,N/A,0,0,0
4.80779E+12,CANDEZ 8MG TAB X30,CANDEZ 8MG TAB X30,0,0,0,23,21.33,BRANDED-RX,N/A,0,0,0
4.80651E+12,CANDIBEC 5g,CANDIBEC 5g,0,0,4,413,392.48,BRANDED-RX,,0,0,0
4.80196E+12,CANESTEN 10MG/G CREAM 3G,CANESTEN 10MG/G CREAM 3G,0,0,4,135,122.43,BRANDED-OTC,N/A,0,0,0
4.80196E+12,CANESTEN 10MG/G CREAM 5G,CANESTEN 10MG/G CREAM 5G,0,0,4,203,189.2,BRANDED-RX,N/A,0,0,0
4.80652E+12,CAPTOBES 25MG TAB,CAPTOPRIL 25MG TAB (CAPTOBES) X100,0,0,660,2,0.32,GENERICS-RX,N/A,0,0,0
4.80651E+12,CAPTOR 25MG TAB,CAPTOPRIL 25MG TAB (CAPTOR) X100,0,0,30,2,0.93,GENERICS-RX,N/A,0,0,0
4.80652E+12,CARBAMAZEPINE 200MG (DIAMAZEPINE) TAB X100,CARBAMAZEPINE 200MG (DIAMAZEPINE) TAB X100,0,0,0,0,0,GENERICS-RX,N/A,0,0,0
4.80652E+12,CARBAMAZEPINE 200MG (LESTREMORE) TAB,CARBAMAZEPINE 200MG (LESTREMORE) TAB,0,0,0,6,2.8,GENERICS-RX,N/A,0,0,0
4.80652E+12,CARBOCISTEIN 500MG (MUCOLIEF) CAP X100,CARBOCISTEIN 500MG (MUCOLIEF) CAP X100,0,0,1000,3,0.85,GENERIC-OTC,NTPK,0,0,0
4.80652E+12,CARBOCISTEINE 125/5ML (CEASCOL)SYR 60ML,CARBOCISTEINE 125/5ML (CEASCOL)SYR 60ML,0,0,0,0,0,BRANDED-OTC,N/A,0,0,0
4.80653E+12,CARBOCISTEINE 125MG/5ML SYR (4COUGH) 60ML,CARBOCISTEINE 125MG/5ML SYR (4COUGH) 60ML,0,0,0,27,13.5,GENERICS-OTC,N/A,0,0,0
4.80652E+12,CARBOCISTEINE 250MG (CEASCOL)SYR 60ML,CARBOCISTEINE 250MG (CEASCOL)SYR 60ML,0,0,9,40,18.65,BRANDED-OTC,N/A,0,0,0
4.80653E+12,CARBOCISTEINE 500MG (MARLUXYN) CAP X100,CARBOCISTEINE 500MG (MARLUXYN) CAP X100,0,0,531,3,0.935387344,GENERICS-OTC,N/A,0,0,0
4.80652E+12,CARBOCISTEINE 50MG/5ML (CEASCOL) DROPS 15ML,CARBOCISTEINE 50MG/5ML (CEASCOL) DROPS 15ML,0,0,0,0,0,GENERICS-OTC,N/A,0,0,0
4.80779E+12,CARDIOSEL 100MG TAB X100,CARDIOSEL 100MG TAB X100,0,0,0,8,7.09,BRANDED-RX,UNITED LINK PHARMACEUTICAL DISTRIBUTION,0,0,0
8352826235,CARDIOSEL 50MG TAB X100,CARDIOSEL 50MG TAB X100,0,0,122,5,4.30645561,BRANDED-RX,N/A,0,0,0
4.80779E+12,CARDIOSEL-OD 47.5MG TAB X100,CARDIOSEL-OD 47.5MG TAB X100,0,0,100,7,6.16,BRANDED-RX,N/A,0,0,0
4.80652E+12,CARDIPRESS 12.5MG TAB X30,CARDIPRESS 12.5MG TAB X30,0,0,118,11,9.79,BRANDED-RX,N/A,0,0,0
4.80604E+12,CARDOXIN 250MG TABX100,DIGOXIN (CARDOXIN) 250MG TABX100,0,0,549,6,2.333133129,GENERICS-RX,MEDCARE,0,0,0
4.80101E+12,CAREFREE PL SHOWER FRESH 15S,CAREFREE PL SHOWER FRESH 15S,0,0,1,28,24.79,SANPRO,N/A,0,0,0
4.80101E+12,CAREFREE PL SUPER DRY,CAREFREE PL SUPER DRY,0,0,11,28,24.98,SANPRO,N/A,0,0,0
4.80049E+12,CARESS DIAPER L10,CARESS DIAPER L10,0,0,-1,230,207.82,SANPRO,N/A,0,0,0
4.80049E+12,CARESS DIAPER L2,CARESS DIAPER L2,0,0,12,50,43.87363636,SANPRO,N/A,0,0,0
4.80049E+12,CARESS DIAPER M1,CARESS DIAPER M1,0,0,43,21,18.40770664,SANPRO,N/A,0,0,0
9544080779,CARESS DIAPER M10,CARESS DIAPER M10,0,0,5,185,164.78,SANPRO,N/A,0,0,0
4.80049E+12,CARESS DIAPER XL10,CARESS DIAPER XL10,0,0,4,316,285.54,SANPRO,N/A,0,0,0
4.80049E+12,CARESS UNDERPADS L8,CARESS UNDERPADS L8,0,0,2,165,148.15,SANPRO,N/A,0,0,0
4.80049E+12,CARESS UNDERPADS M10,CARESS UNDERPADS M10,0,0,2,195,172.87,SANPRO,DYNA DRUG CORP.,0,0,0
4.80049E+12,CARESS UNDERPADS XL8,CARESS UNDERPADS XL8,0,0,0,175,154.182,SANPRO,N/A,0,0,0
88395044212,CARLSON ACES+ZINC X120,CARLSON ACES+ZINC X120,0,0,0,20,14.32,BRANDED-OTC,N/A,0,0,0
4.80901E+12,CAROLES CUTICLE REMOVER 30ML,CAROLES CUTICLE REMOVER 30ML,0,0,7,15,12.3,PERSONAL CARE,N/A,0,0,0
4.80901E+12,CAROLES CUTICLE REMOVER 60ML,CAROLES CUTICLE REMOVER 60ML,0,0,9,20,17.24,DRHR,N/A,0,0,0
4.80901E+12,CAROLES NAIL POLISH REMOVER 30ML,CAROLES NAIL POLISH REMOVER 30ML,0,0,0,20,17,DRHR,N/A,0,0,0
4.80901E+12,CAROLES NAIL POLISH REMOVER 60ML,CAROLES NAIL POLISH REMOVER 60ML,0,0,0,30,27.06,DRHR,N/A,0,0,0
8.90604E+12,CARVEDILOL 6.25MG (CARVESAPH) TAB X30,CARVEDILOL 6.25MG (CARVESAPH) TAB X30,0,0,0,4,1.75,GENERICS-RX,N/A,0,0,0
8.94416E+12,CARVEDILOL 6.25MG TAB (CARVIDA) X30,CARVEDILOL 6.25MG TAB (CARVIDA) X30,0,0,-10,7,3.16,GENERICS-RX,N/A,0,0,0
4.80779E+12,CARVID 25MG TAB X30,CARVID 25MG TAB X30,0,0,61,21,19.07558824,BRANDED-RX,N/A,0,0,0
4.80779E+12,CARVID 6.25MG TAB X30,CARVID 6.25MG TAB X30,0,0,18,13,11.34,BRANDED-RX,N/A,0,0,0
4.80001E+12,CASINO 70% ALCOHOL 150ML,CASINO 70% ALCOHOL 150ML,0,0,-5,35,29.83,DRHR,N/A,0,0,0
4.80001E+12,CASINO 70% ALCOHOL MILD 250ML,CASINO 70% ALCOHOL MILD 250ML,0,0,-1,45,39.22,DRHR,N/A,0,0,0
4.80001E+12,CASINO FEMME 500ML,CASINO FEMME 500ML,0,0,-1,85,76.5,PERSONAL CARE,N/A,0,0,0
4.80001E+12,CASINO FEMME 70% ALCOHOL 250ML,CASINO FEMME 70% ALCOHOL 250ML,0,0,-8,50,43.46,DRHR,N/A,0,0,0
4.80001E+12,CASINO FEMME W/ MOIST 150ML,CASINO FEMME W/ MOIST 150ML,0,0,4,35,31.06,DRHR,N/A,0,0,0
4.80001E+12,CASINO FEMME W/ MOIST 250ML,CASINO FEMME W/ MOIST 250ML,0,0,27,50,45.39777778,DRHR,N/A,0,0,0
4.80001E+12,CASINO FEMME W/ MOIST 500ML,CASINO FEMME W/ MOIST 500ML,0,0,6,95,82.81,DRHR,N/A,0,0,0
4.80001E+12,CASINO FEMME W/ MOIST 60ML,CASINO FEMME W/ MOIST 60ML,0,0,5,25,22.2,PERSONAL CARE,N/A,0,0,0
4.80007E+12,CASTOR OIL APOLLO 30ML,CASTOR OIL APOLLO 30ML,0,0,0,61,54.9,DRHR,N/A,0,0,0
8215250577,CATAPRES 150MCG TAB X100,CATAPRES 150MCG TAB X100,0,0,60,60,54.68508333,BRANDED-RX,N/A,0,0,0
8879548075,CATAPRES 75MCG TAB X100,CATAPRES 75MCG TAB X100,0,0,123,40,36.20333136,BRANDED-RX,N/A,0,0,0
4.80652E+12,CEASCOL 500MG TAB,CARBOCISTEINE 500MG TAB (CEASCOL)  X100,0,0,33,3,0.95,GENERICS-OTC,N/A,0,0,0
48037617,CEBO DE MACHO (APOLLO) 10G X12,CEBO DE MACHO (APOLLO) 10G X12,0,0,5,30,25.16128205,DRHR,N/A,0,0,0
4.80007E+12,CEBO DE MACHO (APOLLO) 25G X12,CEBO DE MACHO (APOLLO) 25G X12,0,0,5,50,44.87142857,DRHR,N/A,0,0,0
4.80779E+12,CEELIN CHEWTAB 30S,CEELIN CHEWTAB 30S,0,0,4,180,170.45,BRANDED-OTC,N/A,0,0,0
4.80779E+12,CEELIN CHEWTAB 60S,CEELIN CHEWTAB 60S,0,0,2,330,313.1,PERSONAL CARE,N/A,0,0,0
4.80779E+12,CEELIN DROPS 15ML,CEELIN DROPS 15ML,0,0,6,76,72.04,BRANDED-OTC,N/A,0,0,0
4.80779E+12,CEELIN DROPS 30ML,CEELIN DROPS 30ML,0,0,5,135,126.93,BRANDED-OTC,N/A,0,0,0
4.80779E+12,CEELIN GUMMIES 30S,CEELIN GUMMIES 30S,0,0,4,225,212.26,BRANDED-OTC,N/A,0,0,0
4.80779E+12,CEELIN GUMMIES W/ ZINC 30S,CEELIN GUMMIES W/ ZINC 30S,0,0,4,268,254.72,BRANDED-OTC,UNITED LINK PHARMACEUTICAL DISTRIBUTION,0,0,0
4.80779E+12,CEELIN IMMUNPED SYRUP 100ML,CEELIN IMMUNPED SYRUP 100ML,0,0,5,441,419.81,BRANDED-OTC,UNITED LINK PHARMACEUTICAL DISTRIBUTION,0,0,0
4.80779E+12,CEELIN PLUS CHEWABLES TAB X100,CEELIN PLUS CHEWABLES TAB X100,0,0,66,8,7.05,BRANDED-OTC,N/A,0,0,0
4.80779E+12,CEELIN PLUS DROPS 15ML,CEELIN PLUS DROPS 15ML,0,0,6,95,87.32741617,BRANDED-OTC,N/A,0,0,0
4.80779E+12,CEELIN PLUS DROPS 30ML,CEELIN PLUS DROPS 30ML,0,0,6,162,152.9569231,BRANDED-OTC,N/A,0,0,0
4.80779E+12,CEELIN PLUS SYR 120ML,CEELIN PLUS SYR 120ML,0,0,8,160,151.071875,BRANDED-OTC,N/A,0,0,0
4.80779E+12,CEELIN PLUS SYR 60ML,CEELIN PLUS SYR 60ML,0,0,4,87,81.91,BRANDED-OTC,N/A,0,0,0
4.80779E+12,CEELIN PLUS SYRUP 250ML,CEELIN PLUS SYRUP 250ML,0,0,5,305,286.81,PERSONAL CARE,N/A,0,0,0
4.80779E+12,CEELIN SYR 120ML,CEELIN SYR 120ML,0,0,4,130,121.79,BRANDED-OTC,N/A,0,0,0
4.80779E+12,CEELIN SYR 500ML,CEELIN SYR 500ML,0,0,0,434,412.93,BRANDED-OTC,N/A,0,0,0
4.80779E+12,CEELIN SYR 60ML,CEELIN SYR 60ML,0,0,6,70,65.67207692,BRANDED-OTC,N/A,0,0,0
4.80779E+12,CEELIN SYRUP 250ML,CEELIN SYRUP 250ML,0,0,2,250,235.29,BRANDED-OTC,N/A,0,0,0
4.80652E+12,CEFACLOR 250MG (ELICLOR) SUSP 60ML,CEFACLOR 250MG (ELICLOR) SUSP 60ML,0,0,3,165,81.5,GENERICS-RX,N/A,0,0,0
4.80034E+12,CEFACLOR 250MG/5ML SUSP (CLORAN) 60ML,CEFACLOR 250MG/5ML SUSP (CLORAN) 60ML,0,0,0,185,92,GENERICS-RX,N/A,0,0,0
4.80652E+12,CEFALEXIN 100MG/5ML SUSP (EXEL) 10ML,CEFALEXIN 100MG/5ML SUSP (EXEL) 10ML,0,0,23,35,14.25,GENERICS-RX,N/A,0,0,0
4.8003E+12,CEFALEXIN 100MG/ML DROPS (DIACEF) 10ML,CEFALEXIN 100MG/ML DROPS (DIACEF) 10ML,0,0,0,36,18,GENERICS-RX,N/A,0,0,0
4.8003E+12,CEFALEXIN 125MG/5ML SUSP (DIACEF) 60ML,CEFALEXIN 125MG/5ML SUSP (DIACEF) 60ML,0,0,28,45,18.94117647,GENERICS-RX,N/A,0,0,0
4.80652E+12,CEFALEXIN 125MG/5ML SUSP (EXEL) 60ML,CEFALEXIN 125MG/5ML SUSP (EXEL) 60ML,0,0,37,40,18.34459459,GENERICS-RX,N/A,0,0,0
4.80652E+12,CEFALEXIN 250MG (EXEL) CAP X100,CEFALEXIN 250MG (EXEL) CAP X100,0,0,79,4,1.61,GENERICS-RX,N/A,0,0,0
4.8003E+12,CEFALEXIN 250MG CAP (DIACEF) X100,CEFALEXIN 250MG CAP (DIACEF) X100,0,0,0,4,1.58,GENERICS-RX,N/A,0,0,0
4.8003E+12,CEFALEXIN 250MG/5ML SUSP (DIACEF) 60ML,CEFALEXIN 250MG/5ML SUSP (DIACEF) 60ML,0,0,30,60,26.27,GENERICS-RX,N/A,0,0,0
4.80652E+12,CEFALEXIN 250MG/5ML SUSP (EXEL) 60ML,CEFALEXIN 250MG/5ML SUSP (EXEL) 60ML,0,0,33,55,24,GENERICS-RX,N/A,0,0,0
4.80652E+12,CEFALEXIN 500MG CAP (EXEL) X100,CEFALEXIN 500MG CAP (EXEL) X100,0,0,329,5,2.2,GENERICS-RX,N/A,0,0,0
8.90604E+12,CEFALEXIN 500MG CAP (SAPHLEXIN) X100,CEFALEXIN 500MG CAP (SAPHLEXIN) X100,0,0,83,5,2.38,GENERICS-RX,N/A,0,0,0
4.80779E+12,CEFALIN 100MG/ML DROPS 10ML,CEFALIN 100MG/ML DROPS 10ML,0,0,4,167,158.63,BRANDED-RX,N/A,0,0,0
4.80779E+12,CEFALIN 125MG/5ML SYR 60ML,CEFALIN 125MG/5ML SYR 60ML,0,0,0,185,174.37,BRANDED-RX,N/A,0,0,0
4.80779E+12,CEFALIN 250MG/5ML SYR 60ML,CEFALIN 250MG/5ML SYR 60ML,0,0,3,335,315.935,BRANDED-RX,N/A,0,0,0
4.8065E+12,CEFIM 20MG DROPS 15ML,CEFIXIME 20MG/ML (CEFIM) DROPS 15ML,0,0,0,160,80,GENERICS-RX,N/A,0,0,0
8.964E+12,CEFIXIME 100MG/5ML 60ML,CEFIXIME (EMACIF) 100MG/5ML 60ML,0,0,0,140,70,GENERICS-RX,NTPK,0,0,0
4.80604E+12,CEFIXIME 200MG (SUPRAPHIL) TAB X30,CEFIXIME 200MG (SUPRAPHIL) TAB X30,0,0,152,10,3.865789474,GENERICS-RX,N/A,0,0,0
5507342179,CEFIXIME 200MG CAP  (SAPHIXIME) X30,CEFIXIME 200MG CAP  (SAPHIXIME) X30,0,0,100,15,6.17,GENERICS-RX,N/A,0,0,0
8.90604E+12,CEFIXIME 400MG CAP (SAPHIXIME) X10,CEFIXIME 400MG CAP (SAPHIXIME) X10,0,0,0,35,12.1,GENERICS-RX,N/A,0,0,0
12352128,CEFIXIME 400MG CAP (SITIFIX) X100,CEFIXIME 400MG CAP (SITIFIX) X100,0,0,200,26,13,GENERICS-RX,N/A,0,0,0
8.90604E+12,CEFIXSAPH 100 SUSP 60ML,CEFIXIME 100MG/5ML (CEFIXSAPH) 60ML,0,0,45,130,65,GENERICS-RX,N/A,0,0,0
4.8003E+12,CEFLOR 125 SUSP 60ML,CEFACLOR 125MG/5ML SUSP (CEFLOR) 60ML,0,0,1,140,68.784,GENERICS-RX,N/A,0,0,0
4.8003E+12,CEFLOR 250 SUSP 60ML,CEFACLOR 250MG/5ML (CEFLOR) SUSP 60ML,0,0,0,205,102,GENERICS-RX,N/A,0,0,0
4.8003E+12,CEFLOR DROPS 20ML,CEFACLOR 50MG/ML DROPS (CEFLOR) 20ML,0,0,18,95,45.07585139,GENERICS-RX,N/A,0,0,0
8.9024E+12,CEFPODOXIME 200MG (CEFPORICH) TAB X100,CEFPODOXIME 200MG (CEFPORICH) TAB X100,0,0,0,55,36,GENERICS-RX,N/A,0,0,0
4.80653E+12,CEFTHIX 400MG CAPX100,CEFIXIME (CEFTHIX) 400MG CAP X100,0,0,73,20,10,GENERICS-RX,MEDCARE,0,0,0
4.80902E+12,CEFTRIAXONE 1G VIAL (CEFTRIABBAS) X10,CEFTRIAXONE 1G VIAL (CEFTRIABBAS) X10,0,0,0,60,23,INTRAVENOUS SOLN,N/A,0,0,0
4.80651E+12,CEFUROXIME (FIRSTMED) 50ML 125MG/ML,CEFUROXIME (FIRSTMED) 50ML 125MG/ML,0,0,9,150,75,GENERICS-RX,N/A,0,0,0
4.8065E+12,CEFUROXIME 125MG/5ML (SQCEF) 50 ML,CEFUROXIME 125MG/5ML (SQCEF) 50 ML,0,0,0,148,74,GENERICS-RX,N/A,0,0,0
4.80652E+12,CEFUROXIME 125MG/5ML SUSP (CEFUROX) 50ML,CEFUROXIME 125MG/5ML SUSP (CEFUROX) 50ML,0,0,2,150,75,GENERICS-RX,N/A,0,0,0
8.90604E+12,CEFUROXIME 125MG/5ML SUSP (CEFUSAPH) 60ML,CEFUROXIME 125MG/5ML SUSP (CEFUSAPH) 60ML,0,0,4,160,80,GENERICS-RX,N/A,0,0,0
4.80652E+12,CEFUROXIME 250MG (FURO ) SUSP 60ML,CEFUROXIME 250MG (FURO ) SUSP 60ML,0,0,0,176,88,GENERICS-RX,N/A,0,0,0
4.8065E+12,CEFUROXIME 250MG/5ML (SQCEF) 50ML,CEFUROXIME 250MG/5ML (SQCEF) 50ML,0,0,0,172,89,GENERICS-RX,N/A,0,0,0
8.90604E+12,CEFUROXIME 250MG/5ML SUSP (CEFUSAPH-250) 60ML,CEFUROXIME 250MG/5ML SUSP (CEFUSAPH-250) 60ML,0,0,0,195,97,GENERICS-RX,N/A,0,0,0
4.80652E+12,CEFUROXIME 500MG (EROXIME) TAB X10,CEFUROXIME 500MG (EROXIME) TAB X10,0,0,64,20,7.8,GENERICS-RX,N/A,0,0,0
8.90604E+12,CEFUROXIME 500MG TAB (CEFURED) X10,CEFUROXIME 500MG TAB (CEFURED) X10,0,0,878,20,7.8,GENERICS-RX,N/A,0,0,0
4.80652E+12,CEFUROXIME 750MG IV (EROXIME) X10,CEFUROXIME 750MG IV (EROXIME) X10,0,0,46,60,15.5,INTRAVENOUS SOLN,N/A,0,0,0
8.964E+12,CELCOXX 200MG TAB X20,CELCOXX 200MG TAB X20,0,0,21,35,33.27,BRANDED-RX,N/A,0,0,0
4.80652E+12,CELECOXIB 200MG (EMICOX) CAP X100,CELECOXIB 200MG (EMICOX) CAP X100,0,0,1325,5,1.277521981,GENERICS-RX,N/A,0,0,0
8.90604E+12,CELECOXIB 200MG CAP (SAPHLECOX) X100,CELECOXIB 200MG CAP (SAPHLECOX) X100,0,0,166,5,1.633305509,GENERICS-RX,N/A,0,0,0
4.80604E+12,CELECOXIB 400MG (EMICOX) TAB X100,CELECOXIB 400MG (EMICOX) TAB X100,0,0,1113,10,3.51,GENERICS-RX,N/A,0,0,0
8.90604E+12,CELECOXIB 400MG CAP (SAPHLECOX 400) X100,CELECOXIB 400MG CAP (SAPHLECOX 400) X100,0,0,0,10,4.95,GENERICS-RX,N/A,0,0,0
2564916210,CELIN PLUS TAB X100,CELIN PLUS TAB X100,0,0,34,7,5.67,BRANDED-OTC,N/A,0,0,0
4.80032E+12,CENTRUM ADVANCE TAB 30S,CENTRUM ADVANCE TAB 30S,0,0,5,295,277.21,BRANDED-OTC,N/A,0,0,0
4.80015E+12,CENTRUM ADVANCE TAB X100,CENTRUM ADVANCE TAB X100,0,0,61,11,9.97,BRANDED-OTC,N/A,0,0,0
4.80032E+12,CENTRUM KIDS APPLE 15S,CENTRUM KIDS APPLE 15S,0,0,3,135,120.3,BRANDED-OTC,N/A,0,0,0
4.80032E+12,CENTRUM KIDS APPLE 60S,CENTRUM KIDS APPLE 60S,0,0,0,450,329.25,BRANDED-OTC,N/A,0,0,0
4.80032E+12,CENTRUM KIDS FRUIT BURST 15S,CENTRUM KIDS FRUIT BURST 15S,0,0,6,135,120.3,BRANDED-OTC,N/A,0,0,0
4.80032E+12,CENTRUM KIDS FRUIT BURST 60S,CENTRUM KIDS FRUIT BURST 60S,0,0,0,450,329.25,BRANDED-OTC,N/A,0,0,0
4.8003E+12,CENTRUM SILVER ADVANCE TAB X100,CENTRUM SILVER ADVANCE TAB X100,0,0,70,13,12.37,BRANDED-OTC,N/A,0,0,0
4.80032E+12,CENTRUM SILVER TAB 30S,CENTRUM SILVER TAB 30S,0,0,5,365,347.36,BRANDED-OTC,N/A,0,0,0
4.80651E+12,CENVERT-16,BETAHISTINE (CENVERT-16) TAB X100,0,0,0,5,1.899405941,GENERICS-RX,N/A,0,0,0
73142993,CEPRIME DROPS 10ML,CEFIXIME 20MG/ML (CEPRIME) DROPS 10ML,0,0,0,156,78,GENERICS-RX,N/A,0,0,0
9.556E+12,CERELAC MIXED FRUITS 120G,CERELAC MIXED FRUITS 120G,0,0,1,75,67.27235294,MILK,N/A,0,0,0
9.556E+12,CERELAC MIXED VEG & SOYA 120G,CERELAC MIXED VEG & SOYA 120G,0,0,2,75,67.26,MILK,N/A,0,0,0
9.556E+12,CERELAC RICE & SOYA 120G,CERELAC RICE & SOYA 120G,0,0,0,75,67.26,MILK,N/A,0,0,0
9.556E+12,CERELAC WHEAT BANANA 120G,CERELAC WHEAT BANANA 120G,0,0,7,75,68.96,MILK,N/A,0,0,0
9.556E+12,CERELAC WHEAT BANANA 250G,CERELAC WHEAT BANANA 250G,0,0,1,155,141.8775,MILK,N/A,0,0,0
9.556E+12,CERELAC WHEAT&MILK 120G,CERELAC WHEAT&MILK 120G,0,0,7,75,67.26,MILK,N/A,0,0,0
3.49932E+12,CETAPHIL BABY CLEANSING BAR 127G,CETAPHIL BABY CLEANSING BAR 127G,0,0,0,297,269.34,PERSONAL CARE,N/A,0,0,0
3.49932E+12,CETAPHIL DEEP CLEANSING BAR 127G,CETAPHIL DEEP CLEANSING BAR 127G,0,0,0,617,560.3,PERSONAL CARE,N/A,0,0,0
4.80602E+12,CETAPHIL SKIN CLEANSER 60ML,CETAPHIL SKIN CLEANSER 60ML,0,0,2,165,147.98,PERSONAL CARE,N/A,0,0,0
8.90612E+12,CETIRIZINE (CETIRILIFE) 10MG X100 TAB,CETIRIZINE (CETIRILIFE) 10MG X100 TAB,0,0,447,2,0.35,GENERICS-OTC,,0,0,0
4.80653E+12,CETIRIZINE 10MG (CETRINOVA) TAB X100,CETIRIZINE 10MG (CETRINOVA) TAB X100,0,0,0,2,0.38,GENERICS-OTC,N/A,0,0,0
4.80652E+12,CETIRIZINE 10MG TAB (CETICIT) X100,CETIRIZINE 10MG TAB (CETICIT) X100,0,0,5890,2,0.29,GENERICS-OTC,N/A,0,0,0
4967341269,CETIRIZINE 10MG TAB (CETIRED) X100,CETIRIZINE 10MG TAB (CETIRED) X100,0,0,0,2,0.33,GENERICS-OTC,N/A,0,0,0
8.90604E+12,CETIRIZINE 10MG TAB (SAPHZINE) X100,CETIRIZINE 10MG TAB (SAPHZINE) X100,0,0,0,2,0.35,GENERICS-OTC,N/A,0,0,0
4.80653E+11,CETIRIZINE 2.5MG/ML DROPS (ALLECUR P) 10ML,CETIRIZINE 2.5MG/ML DROPS (ALLECUR P) 10ML,0,0,62,36,18.36195271,GENERICS-OTC,N/A,0,0,0
4.80652E+12,CETIRIZINE 2.5MG/ML DROPS (REGIZINE) 10ML,CETIRIZINE 2.5MG/ML DROPS (REGIZINE) 10ML,0,0,0,40,18,GENERICS-OTC,N/A,0,0,0
4.80653E+12,CETIRIZINE 5MG/5ML SYR (ALLECURE) 60ML,CETIRIZINE 5MG/5ML SYR (ALLECURE) 60ML,0,0,36,50,17,GENERICS-OTC,N/A,0,0,0
8.90614E+12,CETRIKAST TAB,MONTELUKAST+LEVOCETIRIZINE 10MG/5MG TAB (CETRIKAST) X50,0,0,221,15,7,GENERICS-RX,N/A,0,0,0
4.80652E+12,CEVITA TAB X100,SODIUM ASCORBATE 568.18 (CEVITA) TAB X100,0,0,600,3,0.85,GENERICS-OTC,N/A,0,0,0
3.05731E+11,CHAPSTICK SPEARMINT 4G,CHAPSTICK SPEARMINT 4G,0,0,2,140,77.84,PERSONAL CARE,N/A,0,0,0
3.05731E+11,CHAPSTICK STRAWBERRY 4G,CHAPSTICK STRAWBERRY 4G,0,0,2,140,77.84,PERSONAL CARE,N/A,0,0,0
4.80006E+12,CHARLIZE PILLS 28,CHARLIZE PILLS 28,0,0,8,65,57.14,BRANDED-OTC,N/A,0,0,0
4.80049E+12,CHARMEE ALL NIGHT LONG 10S (BLACK),CHARMEE ALL NIGHT LONG 10S (BLACK),0,0,9,65,57.1,SANPRO,N/A,0,0,0
4.80049E+12,CHARMEE ALL NIGHT PLUS 4S,CHARMEE ALL NIGHT PLUS 4S,0,0,39,25,21.75489796,SANPRO,N/A,0,0,0
4.80049E+12,CHARMEE COTTONY H-FLOW 8+1 (BLUE),CHARMEE COTTONY H-FLOW 8+1 (BLUE),0,0,0,25,20.83,PERSONAL CARE,N/A,0,0,0
4.80049E+12,CHARMEE COTTONY NO WINGS PINK 8S,CHARMEE COTTONY NO WINGS PINK 8S,0,0,50,20,15.84491525,SANPRO,N/A,0,0,0
4.80049E+12,CHARMEE COTTONY W/ WINGS YEL 8S,CHARMEE COTTONY W/ WINGS YEL 8S,0,0,35,20,18.21,SANPRO,N/A,0,0,0
4.80049E+12,CHARMEE DRY NET H-FLOW 8+1 (VIOLET),CHARMEE DRY NET H-FLOW 8+1 (VIOLET),0,0,22,27,23.59,PERSONAL CARE,N/A,0,0,0
4.80049E+12,CHARMEE DRY NET NO WINGS VIOLET 8S ,CHARMEE DRY NET NO WINGS VIOLET 8S ,0,0,14,20,18.09,SANPRO,N/A,0,0,0
4.80049E+12,CHARMEE DRY NET W/ WINGS VIOLET 8S ,CHARMEE DRY NET W/ WINGS VIOLET 8S ,0,0,45,26,21.07,PERSONAL CARE,N/A,0,0,0
4.80049E+12,CHARMEE PANTS L2,CHARMEE PANTS L2,0,0,12,65,58.39,PERSONAL CARE,N/A,0,0,0
4.80049E+12,CHARMEE PANTS L6,CHARMEE PANTS L6,0,0,2,165,148.6,PERSONAL CARE,OHANA TRADING CORPORATION,0,0,0
4.80049E+12,CHARMEE PANTS M2,CHARMEE PANTS M2,0,0,7,55,47.39,SANPRO,N/A,0,0,0
4.80049E+12,CHARMEE PANTS M6,CHARMEE PANTS M6,0,0,0,140,123.87,PERSONAL CARE,OHANA TRADING CORPORATION,0,0,0
4.80049E+12,CHARMEE PANTYLINER UNSCENTED 20S (JASMINE SCENT),CHARMEE PANTYLINER UNSCENTED 20S (JASMINE SCENT),0,0,14,20,24.28,PERSONAL CARE,N/A,0,0,0
4.80049E+12,CHARMEE PL EXTRA LONG(B) 20S,CHARMEE PL EXTRA LONG(B) 20S,0,0,24,30,24.5,PERSONAL CARE,N/A,0,0,0
4.80049E+12,CHARMEE PL GREEN TEA 20S,CHARMEE PL GREEN TEA 20S,0,0,16,28,25.19,SANPRO,N/A,0,0,0
4.80049E+12,CHARMEE PL GREEN TEA 8S,CHARMEE PL GREEN TEA 8S,0,0,0,20,12.13,SANPRO,N/A,0,0,0
4.80049E+12,CHARMEE PL LAVANDER 20S,CHARMEE PL LAVANDER 20S,0,0,21,28,25.18,SANPRO,N/A,0,0,0
4.80049E+12,CHARMEE PL UNSCENTED 20S (PINK) ,CHARMEE PL UNSCENTED 20S (PINK),0,0,9,28,24.28,SANPRO,N/A,0,0,0
4.80049E+12,CHARMEE PLINER GO GIRL 20S,CHARMEE PLINER GO GIRL 20S,0,0,3,20,16.11,SANPRO,N/A,0,0,0
4.80049E+12,CHARMEE WITH WINGS 12S,CHARMEE WITH WINGS 12S,0,0,0,30,25.41,SANPRO,N/A,0,0,0
4.80651E+12,CHERIFER DROPS 15ML,CHERIFER DROPS 15ML,0,0,5,95,84.7068,BRANDED-OTC,N/A,0,0,0
4.80651E+12,CHERIFER DROPS 30ML,CHERIFER DROPS 30ML,0,0,4,158,143.98,BRANDED-OTC,N/A,0,0,0
4.80651E+12,CHERIFER FORTE SYR 120ML,CHERIFER FORTE SYR 120ML,0,0,3,197,187.2,BRANDED-OTC,N/A,0,0,0
4.80651E+12,CHERIFER FORTE SYRUP 240 ML,CHERIFER FORTE SYRUP 240 ML,0,0,0,363,345,BRANDED-OTC,N/A,0,0,0
4.80651E+12,CHERIFER FORTE W/ ZINC SYR 120ML,CHERIFER FORTE W/ ZINC SYR 120ML,0,0,4,225,201.6,BRANDED-OTC,N/A,0,0,0
4.80651E+12,CHERIFER IMMUNOMAX SYR 120ML,CHERIFER IMMUNOMAX SYR 120ML,0,0,5,405,384,BRANDED-OTC,N/A,0,0,0
4.80651E+12,CHERIFER PGM CAP X30,CHERIFER PGM CAP X30,0,0,35,18,15.98,BRANDED-OTC,N/A,0,0,0
4.80651E+12,CHERIFER PGM IMMUNOMAX CAP X30,CHERIFER PGM IMMUNOMAX CAP X30,0,0,0,30,27.5,BRANDED-OTC,N/A,0,0,0
4.80651E+12,CHERIFER PGM W/ ZINC CAP X30,CHERIFER PGM W/ ZINC CAP X30,0,0,42,20,18.32,BRANDED-OTC,N/A,0,0,0
4.80651E+12,CHERIFER SYR 120ML,CHERIFER SYR 120ML,0,0,4,187,176.186,BRANDED-OTC,N/A,0,0,0
4.80651E+12,CHERIFER W/ZINC SYR 120ML,CHERIFER W/ZINC SYR 120ML,0,0,5,200,178.52,BRANDED-OTC,N/A,0,0,0
1371175796,CHILI PLASTER X10,CHILI PLASTER X10,0,0,16,101,92,DRHR,N/A,0,0,0
4.80036E+12,CHIN CHUN SU BLUE X12,CHIN CHUN SU BLUE X12,0,0,3,16,14.5,PERSONAL CARE,N/A,0,0,0
4.80036E+12,CHIN CHUN SU PINK X12,CHIN CHUN SU PINK X12,0,0,5,16,14.04,PERSONAL CARE,N/A,0,0,0
4.80652E+12,CHLORAMPHENICOL 125MG (TYPHECHLOR) 60ML,CHLORAMPHENICOL 125MG (TYPHECHLOR) 60ML,0,0,0,60,27,GENERICS-RX,N/A,0,0,0
4.80652E+12,CHLORPHENAMINE (ALLERMAX) 4MG TAB X100,CHLORPHENAMINE (ALLERMAX) 4MG TAB X100,0,0,0,1,0.27,GENERICS-RX,N/A,0,0,0
4.8003E+12,CHLORPHENAMINE 2.5MG/5ML TAB (RIPHEN) 60ML,CHLORPHENAMINE 2.5MG/5ML TAB (RIPHEN) 60ML,0,0,0,28,14,GENERICS-OTC,N/A,0,0,0
4.80653E+12,CHLORPHENAMINE 4MG (MERVILAR) X100,CHLORPHENAMINE 4MG (MERVILAR) X100,0,0,0,1,0.35,GENERICS-RX,N/A,0,0,0
4.80604E+12,CILESTINE 600MG POWDER X10 SACHETS,ACETYLCYSTEINE (CILESTINE) 600MG X10SACHETS,0,0,201,20,7.5,GENERICS-RX,ELISET PHARMACEUTICAL INC,0,0,0
8.90614E+12,CILOHEME 50MG,CILOSTAZOL 50MG TAB (CILOHEME) X30 TAB,0,0,0,12,5.71,GENERICS-RX,N/A,0,0,0
4.80653E+12,CILOSTAZOL 50MG TAB (OSTAZ) X100TAB,CILOSTAZOL 50MG TAB (OSTAZ) X100TAB,0,0,390,11,5.285,GENERICS-RX,N/A,0,0,0
8.90115E+12,CILOSTAZOL 50MG TAB (ZATSOL) X100,CILOSTAZOL 50MG TAB (ZATSOL) X100,0,0,49,12,5.95,GENERICS-RX,N/A,0,0,0
4.80652E+12,CIMETIDINE 400MG TAB (ULCEP) X100,CIMETIDINE 400MG TAB (ULCEP) X100,0,0,100,3,2.65,GENERICS-RX,N/A,0,0,0
2439957630,CINNARIZINE 25MG TAB (CINNAREX) X100,CINNARIZINE 25MG TAB (CINNAREX) X100,0,0,-70,2,0.69,GENERICS-RX,N/A,0,0,0
4.80651E+12,CINNARIZINE 25MG TAB (RIZINE) X100,CINNARIZINE 25MG TAB (RIZINE) X100,0,0,3865,2,0.76,GENERICS-RX,N/A,0,0,0
4.80652E+12,CIPROFLOXACIN 500MG TAB (CIPRODIN) X100,CIPROFLOXACIN 500MG TAB (CIPRODIN) X100,0,0,0,3,1.5,GENERICS-RX,N/A,0,0,0
7675675552,CIPROFLOXACIN 500MG TAB (CIPROFED) X100,CIPROFLOXACIN 500MG TAB (CIPROFED) X100,0,0,0,6,4.8,GENERICS-RX,N/A,0,0,0
4.80652E+12,CIPROFLOXACIN 500MG YAB (CYFROX) X100,CIPROFLOXACIN 500MG YAB (CYFROX) X100,0,0,437,4,1.4,GENERICS-RX,N/A,0,0,0
4.80652E+12,CITCOLE TAB X30,CITICOLINE 500MG (CITCOLE) TAB X30,0,0,162,20,8.67,GENERICS-RX,N/A,0,0,0
8.90604E+12,CITICHOLINE 1G (CITISAPH) TAB X30,CITICHOLINE 1G (CITISAPH) TAB X30,0,0,30,57,28.33233161,GENERICS-RX,N/A,0,0,0
4.80902E+12,CITICHOLINE 1G (ZYNAZINE) AMP 4ML X5,CITICHOLINE 1G (ZYNAZINE) AMP 4ML X5,0,0,0,135,66,INTRAVENOUS SOLN,N/A,0,0,0
6874142370,CITICHOLINE 500MG (CITGO) TAB X10,CITICHOLINE 500MG (CITGO) TAB X10,0,0,12,25,12,GENERICS-RX,N/A,0,0,0
8.90113E+12,CITICHOLINE 500MG (STROCIT) TAB X30,CITICHOLINE 500MG (STROCIT) TAB X30,0,0,5,20,9.17,GENERICS-RX,N/A,0,0,0
4.80653E+12,CITICHOLINE 500MG TAB (CITIGEN) X30,CITICHOLINE 500MG TAB (CITIGEN) X30,0,0,6,28,13.67,GENERICS-RX,N/A,0,0,0
8.906E+12,CITICHOLINE 500MG TAB (QUANIL) X20,CITICHOLINE 500MG TAB (QUANIL) X20,0,0,35,32,15.8,GENERICS-RX,N/A,0,0,0
8.90604E+12,CITICOLINE 500MG (CITISAPH) TAB X30,CITICOLINE 500MG (CITISAPH) TAB X30,0,0,-38,20,8.66,GENERICS-RX,N/A,0,0,0
8.90605E+12,CITICOLINE AMP (CITIMAK) 4ML X5,CITICOLINE AMP (CITIMAK) 4ML X5,0,0,44,105,52,INTRAVENOUS SOLN,N/A,0,0,0
1.17628E+14,CITICOLINE AMP (CITISAPH) 4ML X10,CITICOLINE AMP (CITISAPH) 4ML X10,0,0,0,90,45,INTRAVENOUS SOLN,N/A,0,0,0
8.90418E+12,CITINOVA 250MG/ML 4ML X4 AMP,CITICOLINE (CITINOVA 250MG/ML) 4ML X4 AMP,0,0,0,115,55,INTRAVENOUS SOLN,N/A,0,0,0
97590125,CLARICORT 5MG/250MCG TAB,LORATADINE BETAMETHASONE (CLARICORT) 5MG/250MCG TAB,0,0,17,45,41.1,BRANDED-RX,COPHARM TRADING CORPORATION,0,0,0
4.80652E+12,CLARITHROMYCIN 125MG (CLARIMAC) 60ML,CLARITHROMYCIN 125MG (CLARIMAC) 60ML,0,0,0,206,101.2,GENERICS-RX,N/A,0,0,0
4.80652E+12,CLARITHROMYCIN 125MG/5ML (CLARITHROMED) 50ML,CLARITHROMYCIN 125MG/5ML (CLARITHROMED) 50ML,0,0,4,200,100,BRANDED-RX,N/A,0,0,0
7935684271,CLARITHROMYCIN 125MG/5ML SUSP (CLARIWELL) 50ML,CLARITHROMYCIN 125MG/5ML SUSP (CLARIWELL) 50ML,0,0,2,230,115,GENERICS-RX,N/A,0,0,0
4.80652E+12,CLARITHROMYCIN 250MG (CLARIMAC DS) 60ML,CLARITHROMYCIN 250MG (CLARIMAC DS) 60ML,0,0,5,450,225,GENERICS-RX,N/A,0,0,0
3062846908,CLARITHROMYCIN 250MG/5ML SUSP (CLARIWELL) 70ML,CLARITHROMYCIN 250MG/5ML SUSP (CLARIWELL) 70ML,0,0,0,490,245,GENERICS-RX,N/A,0,0,0
8.76063E+14,CLARITHROMYCIN 500MG (KRACID) X30,CLARITHROMYCIN 500MG (KRACID) X30,0,0,0,20,9.66,GENERICS-RX,N/A,0,0,0
4.80653E+12,CLARITHROMYCIN 500MG TAB (KLARITHIX) X30,CLARITHROMYCIN 500MG TAB (KLARITHIX) X30,0,0,27,32,15.72,GENERICS-RX,N/A,0,0,0
4.80196E+12,CLARITIN 10MG TAB X100,CLARITIN 10MG TAB X100,0,0,25,35,25.94,BRANDED-OTC,N/A,0,0,0
4.80042E+12,CLAY DOH LITE 25G,CLAY DOH LITE 25G,0,0,0,57,42.75,PERSONAL CARE,N/A,0,0,0
4.80042E+12,CLAY DOH ROCK&RULE 25G,CLAY DOH ROCK&RULE 25G,0,0,0,47,41.85,PERSONAL CARE,N/A,0,0,0
4.80089E+12,CLEAR SHAMP COOL SPORT 170ML,CLEAR SHAMP COOL SPORT 170ML,0,0,0,131,118,PERSONAL CARE,N/A,0,0,0
4.80089E+12,CLEAR SHAMPOO SOFT CARE170ML,CLEAR SHAMPOO SOFT CARE170ML,0,0,3,160,144.48,PERSONAL CARE,N/A,0,0,0
4.80007E+12,CLEENE 70% ETHYL ALC 150ML,CLEENE 70% ETHYL ALC 150ML,0,0,0,37,31.51,PERSONAL CARE,N/A,0,0,0
4.80007E+12,CLEENE 70% ETHYL ALC 250ML,CLEENE 70% ETHYL ALC 250ML,0,0,0,52,47.25,PERSONAL CARE,N/A,0,0,0
4.80007E+12,CLEENE 70% ETHYL ALC 500ML,CLEENE 70% ETHYL ALC 500ML,0,0,0,90,80,PERSONAL CARE,N/A,0,0,0
4.80007E+12,CLEENE COTTON ROUNDS 50S,CLEENE COTTON ROUNDS 50S,0,0,15,55,49.95,SANPRO,N/A,0,0,0
65910257,CLINDAMYCIN (AMSOCYN-600)150MG/ML AMPX10,CLINDAMYCIN (AMSOCYN-600)150MG/ML AMPX10,0,0,9,150,59,INTRAVENOUS SOLN,,0,0,0
4.80652E+12,CLINDAMYCIN 150MG CAP (ACRESIL) X100,CLINDAMYCIN 150MG CAP (ACRESIL) X100,0,0,0,6,2.55,GENERICS-RX,N/A,0,0,0
4.80654E+12,CLINDAXIN 300MG CAP X100,CLINDAXIN 300MG CAP X100,0,0,60,48,43.5,CONSIGNMENT ITEM,N/A,0,0,0
8.90349E+12,CLINDOLLEN 150MG/ML  AMPX10,CLINDAMYCIN PHOSPATE(CLINDOLLEN)150MG/ML AMPX10,0,0,0,150,75,INTRAVENOUS SOLN,PRIMECARE,0,0,0
4.80652E+12,CLIN-GEN 300MG CAP X100,CLINDAMYCIN 300MG CAP (CLIN-GEN) X100,0,0,239,8,3.38,GENERICS-RX,N/A,0,0,0
4.8002E+12,C-LIUM FIBRE CAPSULE,C-LIUM FIBRE CAPSULE,0,0,40,4,2.63,BRANDED-OTC,,0,0,0
4.8002E+12,C-LIUM FIBRE SACHET 5G X30,C-LIUM FIBRE SACHET 5G X30,0,0,80,16,14.16,BRANDED-OTC,N/A,0,0,0
1.89042E+13,CLOBETASOL (CLOVATE) OINT 15G,CLOBETASOL (CLOVATE) OINT 15G,0,0,21,80,38,GENERICS-RX,N/A,0,0,0
4.19214E+13,CLOBETASOL (DERMOCHEM) CREAM 15G,CLOBETASOL (DERMOCHEM) CREAM 15G,0,0,0,80,38,GENERICS-RX,N/A,0,0,0
4.80652E+12,CLOBETASOL (TIMOVATE) CREAM 10G,CLOBETASOL (TIMOVATE) CREAM 10G,0,0,9,80,37.8,GENERICS-RX,N/A,0,0,0
3291649028,CLOBETASOL 0.05% CREAM (CLOBESAPH) 10G,CLOBETASOL 0.05% CREAM (CLOBESAPH) 10G,0,0,-1,80,40,GENERICS-RX,N/A,0,0,0
1.89042E+13,CLOBETASOL 0.5MG/G (DERMABETASOL) 15G,CLOBETASOL 0.5MG/G (DERMABETASOL) 15G,0,0,0,100,0,GENERICS-RX,N/A,0,0,0
2778362388,CLOBETASOL 500MCG/G CREAM (CLOBECHEM),CLOBETASOL 500MCG/G CREAM (CLOBECHEM),0,0,0,80,38.75,GENERICS-RX,N/A,0,0,0
4.80651E+12,CLOBETASOL CREAM (PROBELIN) 10G,CLOBETASOL CREAM (PROBELIN) 10G,0,0,0,90,43.7,GENERICS-RX,N/A,0,0,0
4.80652E+12,CLOBETASOL OINT (CLOBFRED) 15G,CLOBETASOL OINT (CLOBFRED) 15G,0,0,17,100,35.8,GENERICS-RX,N/A,0,0,0
4.80652E+12,CLONIDINE 150MCG TAB (CLODIN) X100,CLONIDINE 150MCG TAB (CLODIN) X100,0,0,583,8,3.75,GENERICS-RX,N/A,0,0,0
4.80652E+12,CLONIDINE 75MCG TAB (CLODIN) X100,CLONIDINE 75MCG TAB (CLODIN) X100,0,0,742,8,3.8,GENERICS-RX,N/A,0,0,0
7.45337E+14,CLONIPRESS 150MCG TAB X100,CLONIPRESS 150MCG TAB X100,0,0,15,40,37.65,BRANDED-OTC,N/A,0,0,0
3.40859E+14,CLONIPRESS 75MCG TAB X100,CLONIPRESS 75MCG TAB X100,0,0,0,25,24.23,BRANDED-OTC,N/A,0,0,0
4.80654E+12,CLOPIDOGREL 75MG (CLOPINOVA) TAB X100,CLOPIDOGREL 75MG (CLOPINOVA) TAB X100,0,0,2000,3,0.85,GENERICS-RX,N/A,0,0,0
4.80652E+12,CLOPIDOGREL 75MG (COPIDE) TAB X100,CLOPIDOGREL 75MG (COPIDE) TAB X100,0,0,96,3,0.95,GENERICS-RX,N/A,0,0,0
4.80651E+12,CLOPIDOGREL 75MG (PIDOGREL) TAB X100,CLOPIDOGREL 75MG (PIDOGREL) TAB X100,0,0,-10,3,1.07,GENERICS-RX,N/A,0,0,0
4.80604E+12,CLOPIDOGREL 75MG (PLAVIDO) TAB X100,CLOPIDOGREL 75MG (PLAVIDO) TAB X100,0,0,3,3,0.89,GENERICS-RX,N/A,0,0,0
4.80901E+12,CLOPIDOGREL 75MG (SYDOGREL) TAB X100,CLOPIDOGREL 75MG (SYDOGREL) TAB X100,0,0,0,3,1.25,GENERICS-RX,N/A,0,0,0
8.90604E+12,CLOPIDOGREL 75MG TAB (SAPHLOPID) X100,CLOPIDOGREL 75MG TAB (SAPHLOPID) X100,0,0,-10,3,1.3,GENERICS-RX,N/A,0,0,0
4.80653E+12,CLORMED 125 SUSP 60ML,CEFACLOR 125MG (CLORMED) SUSP 60ML,0,0,6,130,65,GENERICS-RX,N/A,0,0,0
4.80653E+12,CLORMED 250 SUSP 60ML,CEFACLOR 250 (CLORMED) SYR 60ML,0,0,0,220,110,GENERICS-RX,N/A,0,0,0
4.8065E+12,CLORMED DROPS 10ML,CEFACLOR 50MG/ML (CLORMED) DROPS 10ML,0,0,0,85,41,GENERICS-RX,N/A,0,0,0
8.93484E+12,CLOSE UP COOL MINT TWIN 120GX2,CLOSE UP COOL MINT TWIN 120GX2,0,0,0,150,134.95,PERSONAL CARE,N/A,0,0,0
4.80089E+12,CLOSE UP MENTHOL FRESH 145ML,CLOSE UP MENTHOL FRESH 145ML,0,0,0,137,126.28,PERSONAL CARE,N/A,0,0,0
4.80089E+12,CLOSE UP MENTHOL FRESH 50ML,CLOSE UP MENTHOL FRESH 50ML,0,0,0,65,58.19,PERSONAL CARE,N/A,0,0,0
4.80089E+12,CLOSE UP MENTHOL FRESH 95ML,CLOSE UP MENTHOL FRESH 95ML,0,0,0,105,92.16,PERSONAL CARE,N/A,0,0,0
4.80089E+12,CLOSE UP MENTHOL FRESH TWIN 175GX2,CLOSE UP MENTHOL FRESH TWIN 175GX2,0,0,0,160,144.63,PERSONAL CARE,N/A,0,0,0
4.80089E+12,CLOSE UP MENTHOL FRESH TWIN PACK 10G (GREEN),CLOSE UP MENTHOL FRESH TWIN PACK 10G,0,0,2,10,7.75,PERSONAL CARE,,0,0,0
8.93484E+12,CLOSE UP MENTHOL FRESH TWIN PACK 120G,CLOSE UP MENTHOL FRESH TWIN PACK 120G,0,0,0,140,125.26,PERSONAL CARE,,0,0,0
4.80089E+12,CLOSE UP RED HOT 50ML,CLOSE UP RED HOT 50ML,0,0,0,67,60.13,PERSONAL CARE,N/A,0,0,0
4.80089E+12,CLOSE UP RED HOT 95ML,CLOSE UP RED HOT 95ML,0,0,1,105,94.1,PERSONAL CARE,N/A,0,0,0
4.80089E+12,CLOSE UP RED HOT TWIN 2x175G,CLOSE UP RED HOT TWIN 2x175G,0,0,0,160,144.64,PERSONAL CARE,N/A,0,0,0
4.80089E+12,CLOSE UP RED HOT TWIN PACK 10G,CLOSE UP RED HOT TWIN PACK 10G,0,0,7,10,7.75,PERSONAL CARE,N/A,0,0,0
8.93484E+12,CLOSE UP RED HOT TWIN PACK 120G,CLOSE UP RED HOT TWIN PACK 120G,0,0,0,140,125.26,PERSONAL CARE,N/A,0,0,0
8.93484E+12,CLOSE UP SOOTHING MENTHOL TWIN 125GX2,CLOSE UP SOOTHING MENTHOL TWIN 125GX2,0,0,1,150,134.94,PERSONAL CARE,N/A,0,0,0
4.80653E+12,CLOTRIMOZOLE 10MG/G CREAM (CLONESTEN) 15G,CLOTRIMOZOLE 10MG/G CREAM (CLONESTEN) 15G,0,0,0,60,26,GENERICS-OTC,,0,0,0
8.90435E+12,CLOTRIMOZOLE 10MG/G CREAM (NOVAMET) 15G,CLOTRIMOZOLE 10MG/G CREAM (NOVAMET) 15G,0,0,9,65,35,GENERICS-OTC,,0,0,0
1.89042E+13,CLOTRIMOZOLE 10MG/G CREAM (TOPICLO) 20G,CLOTRIMOZOLE 10MG/G CREAM (TOPICLO) 20G,0,0,0,80,38,GENERICS-OTC,N/A,0,0,0
4.80034E+12,CLOVIMED 156.25 SUSP 60ML,CO-AMOXICLAV 156.25MG/5ML SUSP (CLOVIMED) 60ML,0,0,0,156,83.95,GENERICS-RX,N/A,0,0,0
4.80652E+12,CLOXACILLIN (NOCLOXOL) 125mg/5ml STRW 60ml,CLOXACILLIN (NOCLOXOL) 125mg/5ml- 60 ml,0,0,0,40,16,GENERICS-RX,N/A,0,0,0
4.8003E+12,CLOXACILLIN 125MG/5ML SUSP (DIALOX) 60ML,CLOXACILLIN 125MG/5ML SUSP (DIALOX) 60ML,0,0,1,40,20,GENERICS-RX,N/A,0,0,0
4.8065E+12,CLOXACILLIN 250MG (CLOXACIN) SYR 60ML,CLOXACILLIN 250MG (CLOXACIN) SYR 60ML,0,0,0,60,29,GENERICS-RX,N/A,0,0,0
8.90604E+12,CLOXACILLIN 250MG (CLOXASAPH) SYR 60ML,CLOXACILLIN 250MG (CLOXASAPH) SYR 60ML,0,0,0,50,25,GENERICS-RX,N/A,0,0,0
4.80652E+12,CLOXACILLIN 250MG (MYRECLOX) SUSP 60ML,CLOXACILLIN 250MG (MYRECLOX) SUSP 60ML,0,0,0,60,30,BRANDED-RX,N/A,0,0,0
4.8003E+12,CLOXACILLIN 250MG/5ML SUSP (DIALOX) 60ML,CLOXACILLIN 250MG/5ML SUSP (DIALOX) 60ML,0,0,3,58,29,GENERICS-RX,N/A,0,0,0
8.90604E+12,CLOXACILLIN 500MG (CLOXASAPH) 500MG CAPX100,CLOXACILLIN 500MG (CLOXASAPH) 500MG CAPX100,0,0,500,5,2.1,GENERICS-RX,PRIMECARE,0,0,0
4.80652E+12,CLOXACILLIN 500MG (PHILCLOX) TAB X100,CLOXACILLIN 500MG (PHILCLOX) TAB X100,0,0,0,8,2.25,GENERICS-RX,N/A,0,0,0
5538047546,CLOXACILLIN 500MG CAP (CLOXANE) X100,CLOXACILLIN 500MG CAP (CLOXANE) X100,0,0,96,5,2.307450628,GENERICS-RX,N/A,0,0,0
9.45687E+14,CLUSIVOL OB TAB X100,CLUSIVOL OB TAB X100,0,0,0,8,6.91,BRANDED-OTC,N/A,0,0,0
4.80015E+12,CLUSIVOL SYR 60ML,CLUSIVOL SYR 60ML,0,0,1,82,0,BRANDED-OTC,N/A,0,0,0
1.01345E+14,CLUSIVOL TAB X100,CLUSIVOL TAB X100,0,0,1,8,7.44,BRANDED-OTC,N/A,0,0,0
7221154915,CO AMOXICLAV 625MG TAB (ORCOMOX) X30,CO AMOXICLAV 625MG TAB (ORCOMOX) X30,0,0,3,15,6.5,GENERICS-RX,N/A,0,0,0
1618363745,CO-ALEVA 10MG/500MCG TAB X100,CO-ALEVA 10MG/500MCG TAB X100,0,0,37,32,30.37,BRANDED-RX,N/A,0,0,0
4.80652E+12,CO-ALTRIA 10MG/5MG TAB X30,CO-ALTRIA 10MG/5MG TAB X30,0,0,46,28,25.28,BRANDED-RX,N/A,0,0,0
4.80779E+12,CO-AMOXICLAV (AMOCLAV) 625MG X15TAB,AMOCLAV 625MG X15TAB,0,0,8,55,50.75,BRANDED-RX,N/A,0,0,0
8.90602E+12,CO-AMOXICLAV (JANCLAV) 625MG X20TAB,JANCLAV 625MG X20TAB,0,0,0,15,7,GENERICS-RX,N/A,0,0,0
4.80653E+12,CO-AMOXICLAV 1G (ALCLAV) TAB X14,CO-AMOXICLAV 1G (ALCLAV) TAB X14,0,0,2,52,25.72,GENERICS-RX,N/A,0,0,0
4.80652E+12,CO-AMOXICLAV 1G (RAPICLAV) TAB X14,CO-AMOXICLAV 1G (RAPICLAV) TAB X14,0,0,0,31,15.21,BRANDED-RX,N/A,0,0,0
8.90417E+12,CO-AMOXICLAV 1G (SPOTCLAV) TAB X10,CO-AMOXICLAV 1G (SPOTCLAV) TAB X10,0,0,12,55,27,BRANDED-RX,N/A,0,0,0
4.80652E+12,CO-AMOXICLAV 375MG (CLAVMOXWEL) TAB X10,CO-AMOXICLAV 375MG (CLAVMOXWEL) TAB X10,0,0,3,25,12,GENERICS-RX,N/A,0,0,0
8.90602E+12,CO-AMOXICLAV 625MG (COMXICLA) TAB X20,CO-AMOXICLAV 625MG (COMXICLA) TAB X20,0,0,0,15,7.25,GENERICS-RX,N/A,0,0,0
8.90602E+12,CO-AMOXICLAV 625MG TAB (COMOXBET) X20,CO-AMOXICLAV 625MG TAB (COMOXBET) X20,0,0,0,15,7.5,GENERICS-RX,N/A,0,0,0
4.80651E+12,CO-AMOXICLAV 625MG TAB (RAPICLAV) X21,CO-AMOXICLAV 625MG TAB (RAPICLAV) X21,0,0,-10,15,7.14,GENERICS-RX,N/A,0,0,0
4.80014E+12,CO-APROVEL 150/12.5MG TAB X28,CO-APROVEL 150/12.5MG TAB X28,0,0,28,36,34.04,BRANDED-RX,N/A,0,0,0
72736173,COBRA  BLUE,COBRA  BLUE,0,0,0,25,14.8,FOOD & BEVERAGES,,0,0,0
9.08564E+14,COBRA PET BOT 350ML X24,COBRA PET BOT 350ML X24,0,0,0,30,20.13,FOOD & BEVERAGES,N/A,0,0,0
7.68733E+14,COBRA YELLOW 300ML X12,COBRA YELLOW 300ML X12,0,0,36,25,16.04,FOOD & BEVERAGES,N/A,0,0,0
8102709824,COKE KASALO 750ML,COKE KASALO 750ML,0,0,-1,30,20.83,FOOD & BEVERAGES,N/A,0,0,0
9408967435,COKE LITRO 1L,COKE LITRO 1L,0,0,0,40,29.17,FOOD & BEVERAGES,N/A,0,0,0
4.80198E+12,COKE MISMO 290ML X12,COKE MISMO 290ML X12,0,0,143,25,16.42858677,FOOD & BEVERAGES,N/A,0,0,0
8.90604E+12,COLCHICINE 500MCG TAB (GOUTSAPH) X100,COLCHICINE 500MCG TAB (GOUTSAPH) X100,0,0,0,3,1.098903376,GENERICS-RX,N/A,0,0,0
8.85001E+12,COLGATE FC COOL MENTHOL 193G,COLGATE FC COOL MENTHOL 193G,0,0,0,142,136,PERSONAL CARE,N/A,0,0,0
8.85001E+12,COLGATE FC SPICY FRESH 125G,COLGATE FC SPICY FRESH 125G,0,0,3,105,92.558,PERSONAL CARE,N/A,0,0,0
8.85001E+12,COLGATE PLAX FRESHMINT 60ML,COLGATE PLAX FRESHMINT 60ML,0,0,1,35,28.97,PERSONAL CARE,N/A,0,0,0
8.85001E+12,COLGATE PLAX FRESHMINT SPLASH 250ML,COLGATE PLAX FRESHMINT SPLASH 250ML,0,0,0,126,0,PERSONAL CARE,N/A,0,0,0
8.85001E+12,COLGATE PLAX FRESHMINT SPLASH 500ML,COLGATE PLAX FRESHMINT SPLASH 500ML,0,0,0,219,199.15,PERSONAL CARE,N/A,0,0,0
8.85001E+12,COLGATE PLAX ICE 60ML,COLGATE PLAX ICE 60ML,0,0,9,35,29.085,PERSONAL CARE,N/A,0,0,0
8.85001E+12,COLGATE PLAX ICE INFINITY 250ML,COLGATE PLAX ICE INFINITY 250ML,0,0,2,126,113.65,PERSONAL CARE,N/A,0,0,0
8.85001E+12,COLGATE PLAX ICE INFINITY 500ML,COLGATE PLAX ICE INFINITY 500ML,0,0,0,220,219,PERSONAL CARE,N/A,0,0,0
8.85001E+12,COLGATE PLAX PEPPERMINT 100ML,COLGATE PLAX PEPPERMINT 100ML,0,0,0,45,0,PERSONAL CARE,N/A,0,0,0
8.85001E+12,COLGATE PLAX PEPPERMINT 250ML,COLGATE PLAX PEPPERMINT 250ML,0,0,0,126,113.65,PERSONAL CARE,N/A,0,0,0
8.85001E+12,COLGATE PLAX PEPPERMINT 60ML,COLGATE PLAX PEPPERMINT 60ML,0,0,6,32,29.2,PERSONAL CARE,N/A,0,0,0
8.85001E+12,COLGATE PLAX PEPPERMINT FRESH 500ML,COLGATE PLAX PEPPERMINT FRESH 500ML,0,0,0,220,219,PERSONAL CARE,N/A,0,0,0
4.80889E+12,COLGATE TBRUSH CHILD SOFT,COLGATE TBRUSH CHILD SOFT,0,0,5,20,15.45,PERSONAL CARE,N/A,0,0,0
4.80889E+12,COLGATE TBRUSH D.CLEAN MED,COLGATE TBRUSH D.CLEAN MED,0,0,20,15,12.6,PERSONAL CARE,N/A,0,0,0
4.80889E+12,COLGATE TBRUSH DEEP CLEAN MED,COLGATE TBRUSH DEEP CLEAN MED,0,0,-3,25,15.53,PERSONAL CARE,N/A,0,0,0
8.93524E+12,COLGATE TBRUSH SFLEXI SOFT,COLGATE TBRUSH SFLEXI SOFT,0,0,0,28,21.17,PERSONAL CARE,N/A,0,0,0
6.92035E+12,COLGATE TP CHARCOAL SACH 20G,COLGATE TP CHARCOAL SACH 20G,0,0,3,10,9.17,PERSONAL CARE,,0,0,0
6.92035E+12,COLGATE TP COOL FRESH TWIN 120GX2,COLGATE TP COOL FRESH TWIN 120GX2,0,0,-1,146,132.11,PERSONAL CARE,N/A,0,0,0
8.85001E+12,COLGATE TP COOL MENTHOL 125G,COLGATE TP COOL MENTHOL 125G,0,0,0,100,90.32,PERSONAL CARE,N/A,0,0,0
8.85001E+12,COLGATE TP COOL MENTHOL 63G,COLGATE TP COOL MENTHOL 63G,0,0,0,65,56.57,PERSONAL CARE,N/A,0,0,0
8.85001E+12,COLGATE TP COOL MENTHOL SACH 20G,COLGATE TP COOL MENTHOL SACH 20G,0,0,1,10,7.97,PERSONAL CARE,N/A,0,0,0
6.92035E+12,COLGATE TP COOL MENTHOL TWIN 173GX2,COLGATE TP COOL MENTHOL TWIN 173GX2,0,0,0,167,151.49,PERSONAL CARE,N/A,0,0,0
8.85001E+12,COLGATE TP FC PEPPERMINT ICE 63G,COLGATE TP FC PEPPERMINT ICE 63G,0,0,1,65,58.9,PERSONAL CARE,N/A,0,0,0
8.85001E+12,COLGATE TP FRESH CONFIDENCE 193G,COLGATE TP FRESH CONFIDENCE 193G,0,0,4,142,123.1271429,PERSONAL CARE,N/A,0,0,0
8.85001E+12,COLGATE TP GREAT REG. FLAVOR 20G,COLGATE TP GREAT REG. FLAVOR 20G,0,0,23,10,8.13,PERSONAL CARE,OHANA TRADING CORPORATION,0,0,0
8.85001E+12,COLGATE TP KIDDIE BARBIE 40G,COLGATE TP KIDDIE BARBIE 40G,0,0,4,80,70,PERSONAL CARE,N/A,0,0,0
8.85001E+12,COLGATE TP KIDDIE BATMAN 40G,COLGATE TP KIDDIE BATMAN 40G,0,0,5,78,70,PERSONAL CARE,N/A,0,0,0
8.85001E+12,COLGATE TP KIDDIE MINION 40G,COLGATE TP KIDDIE MINION 40G,0,0,1,74,66.96,PERSONAL CARE,N/A,0,0,0
8.85001E+12,COLGATE TP PEPPERMENT ICE 125G,COLGATE TP PEPPERMENT ICE 125G,0,0,0,105,92.562,PERSONAL CARE,N/A,0,0,0
8.85001E+12,COLGATE TP REGULAR 140G,COLGATE TP REGULAR 140G,0,0,2,115,104.5,PERSONAL CARE,N/A,0,0,0
8.85001E+12,COLGATE TP REGULAR 37G,COLGATE TP REGULAR 37G,0,0,7,55,45.30857143,PERSONAL CARE,N/A,0,0,0
8.85001E+12,COLGATE TP REGULAR 74G,COLGATE TP REGULAR 74G,0,0,0,77,69.82,PERSONAL CARE,N/A,0,0,0
8.85001E+12,COLGATE TP REGULAR TWIN 132GX2,COLGATE TP REGULAR TWIN 132GX2,0,0,0,167,151.11,PERSONAL CARE,N/A,0,0,0
8.85001E+12,COLGATE TP SPICY FRESH 193G,COLGATE TP SPICY FRESH 193G,0,0,0,142,123.02,PERSONAL CARE,N/A,0,0,0
8.85001E+12,COLGATE TP SPICY FRESH 63G,COLGATE TP SPICY FRESH 63G,0,0,0,65,56.57,PERSONAL CARE,N/A,0,0,0
8.85001E+12,COLGATE TP SPICY FRESH SACH 20G,COLGATE TP SPICY FRESH SACH 20G,0,0,26,10,8.113846154,PERSONAL CARE,N/A,0,0,0
8.85001E+12,COLGATE TP SPICY FRESH TWIN 120GX2,COLGATE TP SPICY FRESH TWIN 120GX2,0,0,3,146,132.11,PERSONAL CARE,N/A,0,0,0
8.85001E+12,COLGATE TP SPICY FRESH TWIN 173GX2,COLGATE TP SPICY FRESH TWIN 173GX2,0,0,0,167,151.49,PERSONAL CARE,RHODESIAN SALES CORP.,0,0,0
8.85001E+12,COLGATE TP TRIPLE ACTION 126G,COLGATE TP TRIPLE ACTION 126G,0,0,1,120,104.78,PERSONAL CARE,N/A,0,0,0
8.85001E+12,COLGATE TP TRIPLE ACTION 145ML,COLGATE TP TRIPLE ACTION 145ML,0,0,0,150,136,PERSONAL CARE,N/A,0,0,0
8.85001E+12,COLGATE TP TRIPLE ACTION 33G,COLGATE TP TRIPLE ACTION 33G,0,0,3,51,45.1,PERSONAL CARE,N/A,0,0,0
8.85001E+12,COLGATE TP TRIPLE ACTION 66G,COLGATE TP TRIPLE ACTION 66G,0,0,1,80,68.08,PERSONAL CARE,N/A,0,0,0
8.85001E+12,COLGATE TP TRIPLE ACTION TWIN 120GX2,COLGATE TP TRIPLE ACTION TWIN 120GX2,0,0,0,175,156.81,PERSONAL CARE,N/A,0,0,0
8.85001E+12,COLGATE TP TRIPLE ACTION TWIN 175GX2,COLGATE TP TRIPLE ACTION TWIN 175GX2,0,0,0,195,176.17,PERSONAL CARE,RHODESIAN SALES CORP.,0,0,0
4730632621,COLVAN  CAP X100,COLVAN  CAP X100,0,0,120,13,10.62719424,BRANDED-OTC,N/A,0,0,0
4.8065E+12,COLVAN DROPS 10ML,COLVAN DROPS 10ML,0,0,3,107,101.15,BRANDED-OTC,N/A,0,0,0
4.8065E+12,COLVAN SYR 60ML,COLVAN SYR 60ML,0,0,3,108,102,BRANDED-OTC,N/A,0,0,0
5.07345E+14,COMBANTRIN 125MG TAB X4,COMBANTRIN 125MG TAB X4,0,0,3,50,47.11,BRANDED-OTC,N/A,0,0,0
4.80101E+12,COMBANTRIN 125MG/5ML SUSP 10ML,COMBANTRIN 125MG/5ML SUSP 10ML,0,0,3,235,221.88,BRANDED-OTC,N/A,0,0,0
8.31573E+14,COMBIZAR 100/25 TAB X50,COMBIZAR 100/25 TAB X50,0,0,0,38,36.13,BRANDED-RX,N/A,0,0,0
4.23768E+14,COMBIZAR 50MG TAB X50,COMBIZAR 50MG TAB X50,0,0,39,26,23.84666667,BRANDED-RX,N/A,0,0,0
8.90602E+12,COMXICLA 156.25MG/5ML SUSP 60ML,CO-AMOXICLAV 156.25MG/5ML SUSP (COMXICLA) 60ML,0,0,6,140,70,GENERICS-RX,N/A,0,0,0
4.80025E+12,CONCORE 5MG TAB X100,CONCORE 5MG TAB X100,0,0,3,33,30.64323529,BRANDED-RX,N/A,0,0,0
3597883399,CONZACE CAPS X100,CONZACE CAPS X100,0,0,83,15,14.15,BRANDED-OTC,N/A,0,0,0
4.80652E+12,COPHILAX 5MG TABX100,BISACODYL (COPHILAX 5MG) TABX100,0,0,284,2,0.55,GENERICS-RX,,0,0,0
8596093315,CORAL BREAST PUMP,CORAL BREAST PUMP,0,0,0,65,55,BABY PRODUCTS,N/A,0,0,0
35121022,CORAL FEEDING BOTTLE 2OZ,CORAL FEEDING BOTTLE 2OZ,0,0,3,60,50,BABY PRODUCTS,N/A,0,0,0
2.01021E+12,CORAL FEEDING BOTTLE 5OZ,CORAL FEEDING BOTTLE 5OZ,0,0,1,60,52,BABY PRODUCTS,N/A,0,0,0
5635701,CORAL FEEDING BOTTLE 8OZ,CORAL FEEDING BOTTLE 8OZ,0,0,2,65,55,BABY PRODUCTS,N/A,0,0,0
2.01021E+12,CORAL NASAL ASPIRATOR,CORAL NASAL ASPIRATOR,0,0,0,55,50,BABY PRODUCTS,N/A,0,0,0
4.65634E+14,CORALAN 5MG TAB X56,CORALAN 5MG TAB X56,0,0,37,26,22.87506667,BRANDED-RX,N/A,0,0,0
4.80652E+12,CORTAL TAB 500MG X100,CORTAL TAB 500MG X100,0,0,0,0,0,GENERICS-OTC,N/A,0,0,0
4.80652E+12,COTRIMIXAZOLE 480MG TAB (KATHREX) X100,COTRIMIXAZOLE 480MG TAB (KATHREX) X100,0,0,231,3,0.77,GENERICS-RX,N/A,0,0,0
4.80652E+12,COTRIMOXAZOLE (KATHREX) 960MG TAB X100,COTRIMOXAZOLE (KATHREX) 960MG TAB X100,0,0,482,4,1.19918254,GENERICS-RX,N/A,0,0,0
4.80653E+12,COTRIMOXAZOLE 200MG/40MG/5ML SUSP (BACTREX) 60ML,COTRIMOXAZOLE 200MG/40MG/5ML SUSP (BACTREX) 60ML,0,0,0,30,14,GENERICS-RX,N/A,0,0,0
4.80652E+12,COTRIMOXAZOLE 240MG/5ML SUSP (KATHREX) 60ML,COTRIMOXAZOLE 240MG/5ML SUSP (KATHREX) 60ML,0,0,17,60,27.09832353,GENERICS-RX,N/A,0,0,0
4.8003E+12,COTRIMOXAZOLE 400MG/5ML SUSP (DIAZOLE) 60ML,COTRIMOXAZOLE 400MG/5ML SUSP (DIAZOLE) 60ML,0,0,1,50,24.5,GENERICS-RX,N/A,0,0,0
4.80652E+12,COTRIMOXAZOLE 400MG/80MG/5ML SUSP (KATHREX) 60ML,COTRIMOXAZOLE 400MG/80MG/5ML SUSP (KATHREX) 60ML,0,0,20,60,27,GENERICS-RX,N/A,0,0,0
8209286509,COTRIMOXAZOLE 800/160MG TAB X100,COTRIMOXAZOLE 800/160MG TAB X100,0,0,2,3,1.25,GENERICS-RX,N/A,0,0,0
4.80651E+12,COTRIMOXAZOLE 800MG/160MG TAB (ZOLBACH) X100,COTRIMOXAZOLE 800MG/160MG TAB (ZOLBACH) X100,0,0,0,4,1.19,GENERICS-RX,N/A,0,0,0
4.80023E+12,COUMADIN 2.5MG TAB X100,COUMADIN 2.5MG TAB X100,0,0,60,31,29.39242609,BRANDED-RX,N/A,0,0,0
4.80023E+12,COUMADIN 5MG TAB X100,COUMADIN 5MG TAB X100,0,0,69,43,40.03,BRANDED-RX,N/A,0,0,0
4.80652E+12,COUXIN 15MG SYR 60ML,AMBROXOL 15MG/5ML SYR (COUXIN) 60ML,0,0,33,30,13,GENERICS-OTC,N/A,0,0,0
4.80653E+12,COUXIN 30MG SY 60ML,AMBROXOL 30MG/5ML SYR (COUXIN) 60ML,0,0,9,30,13.5,GENERICS-OTC,N/A,0,0,0
4.80653E+12,COUXIN 30MG TAB,AMBROXOL 30MG TAB (COUXIN) X100,0,0,1624,1,0.445227854,GENERICS-OTC,N/A,0,0,0
4.80653E+12,COUXIN DROPS 15ML,AMBROXOL 6MG/ML DROPS (COUXIN) 15ML,0,0,21,30,12.77777778,GENERICS-OTC,N/A,0,0,0
4.80031E+12,COVERSYL 5MG TAB X30,COVERSYL 5MG TAB X30,0,0,27,33,30.9,BRANDED-RX,N/A,0,0,0
4.80779E+12,COXID CAP 200MG X30,COXID CAP 200MG X30,0,0,0,0,0,GENERICS-OTC,N/A,0,0,0
4.80651E+12,CREAM BARS BUKO SALAD,CREAM BARS BUKO SALAD,0,0,1,15,10.31,FOOD & BEVERAGES,N/A,0,0,0
4.80651E+12,CREAM BARS COOKIES N CREAM,CREAM BARS COOKIES N CREAM,0,0,8,15,10.31,FOOD & BEVERAGES,N/A,0,0,0
4.80651E+12,CREAM BARS ROCKY ROAD,CREAM BARS ROCKY ROAD,0,0,9,15,10.31,FOOD & BEVERAGES,N/A,0,0,0
4.80651E+12,CREAM BARS UBE QUEZO,CREAM BARS UBE QUEZO,0,0,14,15,10.31,FOOD & BEVERAGES,N/A,0,0,0
4.80651E+12,CREAM CONES CHOCO BERRY,CREAM CONES CHOCO BERRY,0,0,12,22,16.4,FOOD & BEVERAGES,N/A,0,0,0
4.80651E+12,CREAM CONES CHOCO QUEZO,CREAM CONES CHOCO QUEZO,0,0,13,22,16.4,FOOD & BEVERAGES,N/A,0,0,0
4.80651E+12,CREAM CONES COOKIES N CREAM,CREAM CONES COOKIES N CREAM,0,0,6,22,16.4,FOOD & BEVERAGES,N/A,0,0,0
4.80651E+12,CREAM CONES ROCKY ROAD,CREAM CONES ROCKY ROAD,0,0,16,22,16.4,FOOD & BEVERAGES,N/A,0,0,0
4.80651E+12,CREAM CONES UBE MACAPUNO,CREAM CONES UBE MACAPUNO,0,0,18,22,16.4,FOOD & BEVERAGES,N/A,0,0,0
3148656107,CREAM COOLERS CHOCO,CREAM COOLERS CHOCO,0,0,0,12,8.8,FOOD & BEVERAGES,N/A,0,0,0
4.80651E+12,CREAM COOLERS MELON,CREAM COOLERS MELON,0,0,0,12,7.8,FOOD & BEVERAGES,N/A,0,0,0
4.80651E+12,CREAM CUPS CHOCO MALLOWS,CREAM CUPS CHOCO MALLOWS,0,0,19,25,21.23,FOOD & BEVERAGES,N/A,0,0,0
4.80651E+12,CREAM CUPS CHOCO MOUSSE,CREAM CUPS CHOCO MOUSSE,0,0,-1,25,21.23,FOOD & BEVERAGES,N/A,0,0,0
1868214379,CREAM CUPS CHOCO MUDPIE,CREAM CUPS CHOCO MUDPIE,0,0,-6,25,21.23,FOOD & BEVERAGES,N/A,0,0,0
5867472148,CREAM CUPS PEACH MANGO,CREAM CUPS PEACH MANGO,0,0,7,25,21.23,FOOD & BEVERAGES,N/A,0,0,0
6474553693,CREAM CUPS TIRAMISU,CREAM CUPS TIRAMISU,0,0,16,25,21.23,FOOD & BEVERAGES,N/A,0,0,0
4.80651E+12,CREAMLINE PINOY CLASSICS MONGGO,CREAMLINE PINOY CLASSICS MONGGO,0,0,0,17,13.3,FOOD & BEVERAGES,N/A,0,0,0
4.80651E+12,CREAMLINE POPSIPOP STRAWBERRY,CREAMLINE POPSIPOP STRAWBERRY,0,0,7,10,7.8,FOOD & BEVERAGES,N/A,0,0,0
4.80089E+12,CREAMSILK AMINO COLLAGEN SACH 18ML,CREAMSILK AMINO COLLAGEN SACH 18ML,0,0,10,7,5.61,PERSONAL CARE,CRYSTAL CITY MARKETING,0,0,0
4.80089E+12,CREAMSILK COND DAMAGE 180ML,CREAMSILK COND DAMAGE 180ML,0,0,2,150,134.88,PERSONAL CARE,N/A,0,0,0
4.80089E+12,CREAMSILK COND DAMAGE 350ML,CREAMSILK COND DAMAGE 350ML,0,0,0,280,250.16,PERSONAL CARE,N/A,0,0,0
4.80089E+12,CREAMSILK COND HFALL 180ML,CREAMSILK COND HFALL 180ML,0,0,3,150,133.57,PERSONAL CARE,N/A,0,0,0
4.80089E+12,CREAMSILK COND SSTRAIGHT 180ML,CREAMSILK COND SSTRAIGHT 180ML,0,0,1,150,134.88,PERSONAL CARE,N/A,0,0,0
4.80089E+12,CREAMSILK COND SSTRAIGHT 350ML,CREAMSILK COND SSTRAIGHT 350ML,0,0,1,280,250.16,PERSONAL CARE,N/A,0,0,0
4.80089E+12,CREAMSILK DAMAGE CONTRL SACH 11ML,CREAMSILK DAMAGE CONTRL SACH 11ML,0,0,24,7,6.176206897,PERSONAL CARE,N/A,0,0,0
4.80089E+12,CREAMSILK DRY RESCUE SACH 11ML,CREAMSILK DRY RESCUE SACH 11ML,0,0,19,7,6.05,PERSONAL CARE,N/A,0,0,0
4.80089E+12,CREAMSILK HAIR FALL SACH 22ML,CREAMSILK HAIR FALL SACH 22ML,0,0,3,10,8.841111111,PERSONAL CARE,N/A,0,0,0
4.80089E+12,CREAMSILK KERATIN ULT REPAIR 10ML,CREAMSILK KERATIN ULT REPAIR 10ML,0,0,1,8,6.48,PERSONAL CARE,N/A,0,0,0
4.80089E+12,CREAMSILK KERATIN ULT STRAIGHT 10ML,CREAMSILK KERATIN ULT STRAIGHT 10ML,0,0,14,8,6.48,PERSONAL CARE,N/A,0,0,0
4.80089E+12,CREAMSILK STRAIGHT SACH 13ML,CREAMSILK STRAIGHT SACH 22ML,0,0,11,7,6.23,PERSONAL CARE,N/A,0,0,0
4.80089E+12,CREAMSILK STRAIGHT SACH 22ML,CREAMSILK STRAIGHT SACH 22ML,0,0,3,10,8.04,PERSONAL CARE,N/A,0,0,0
4.80089E+12,CREAMSILK TK HAIR FALL SACH 13ML,CREAMSILK TK HAIR FALL SACH 13ML,0,0,13,8,5.71,PERSONAL CARE,N/A,0,0,0
4.80089E+12,CREAMSILK TK REPAIR SACH 10ML,CREAMSILK TK REPAIR SACH 10ML,0,0,1,8,6.94,PERSONAL CARE,N/A,0,0,0
4.80089E+12,CREAMSILK TK STRAIGHT SACH 10ML,CREAMSILK TK STRAIGHT SACH 10ML,0,0,0,8,6.94,PERSONAL CARE,N/A,0,0,0
4.80089E+12,CREAMSILK TK ULT COLOR SACH 10ML,CREAMSILK TK ULT COLOR SACH 10ML,0,0,18,8,6.94,PERSONAL CARE,N/A,0,0,0
112464729,CT-COMEED 1G TAB X50,CITICOLINE (CT-COMEED)  1G TAB X50,0,0,73,80,39.86,GENERICS-RX,,0,0,0
4.8065E+12,CUDDLES COTTON PADS 100S,CUDDLES COTTON PADS 100S,0,0,0,0,0,PERSONAL CARE,N/A,0,0,0
4.8065E+12,CUDDLES COTTON PADS 50S,CUDDLES COTTON PADS 50S,0,0,0,55,49,PERSONAL CARE,N/A,0,0,0
4.80604E+12,CUREL 500MCG ,COLCHICINE (CUREL 500MCG) X100TAB,0,0,1290,3,0.962578703,GENERICS-RX,,0,0,0
4.80901E+12,CUTICLE REMOVER 30ML,CUTICLE REMOVER 30ML,0,0,9,5,4,DRHR,N/A,0,0,0
4.80014E+12,CY GABRIEL SOAP PAPAYA 60G,CY GABRIEL SOAP PAPAYA 60G,0,0,5,25,20.35,PERSONAL CARE,N/A,0,0,0
4.80014E+12,CY GABRIEL SOAP SP PINK 60G,CY GABRIEL SOAP SP PINK 60G,0,0,13,25,20.35,PERSONAL CARE,N/A,0,0,0
4.80014E+12,CY GABRIELS SOAP SP GREEN 60G,CY GABRIELS SOAP SP GREEN 60G,0,0,9,25,20.35,PERSONAL CARE,N/A,0,0,0
65854817,CYSAPHTEINE-600MG,ACETYLCYSTEINE 600MG (CYSAPHTEINE) POWDER,0,0,0,20,9.5,GENERICS-OTC,MEDCENTRAL PHARMAAND MEDICAL SUPPLIES DISTRIBUTION,0,0,0
4.80057E+12,D5 IMB (EUROMED) 1L,D5 IMB (EUROMED) 1L,0,0,5,115,65,INTRAVENOUS SOLN,N/A,0,0,0
4.80057E+12,D5LR (EUROMED) 1L,D5LR (EUROMED) 1L,0,0,12,130,58,MEDICAL SUPPLIES,N/A,0,0,0
4.80057E+12,D5NSS EUROMED 1L,D5NSS EUROMED 1L,0,0,1,120,60,INTRAVENOUS SOLN,N/A,0,0,0
4.80057E+12,D5WATER (EUROMED) 1L,D5WATER (EUROMED) 1L,0,0,4,115,65,INTRAVENOUS SOLN,N/A,0,0,0
4.80031E+12,DAFLON 1000 TAB X30,DAFLON 1000 TAB X30,0,0,27,88,83.33,BRANDED-RX,N/A,0,0,0
4.80031E+12,DAFLON TAB 450MG/50MG X30,DAFLON TAB 450MG/50MG X30,0,0,23,50,46.99,BRANDED-RX,N/A,0,0,0
4.80035E+12,DAKTARIN ORAL GEL 3.5G,DAKTARIN ORAL GEL 3.5G,0,0,0,300,277.01,BRANDED-OTC,N/A,0,0,0
9514770924,DAKTARING ORAL GEL 2G,DAKTARING ORAL GEL 2G,0,0,0,147,0,BRANDED-OTC,N/A,0,0,0
7.2126E+14,DALACIN-C 300MG CAP X100,DALACIN-C 300MG CAP X100,0,0,17,115,106.27,BRANDED-RX,N/A,0,0,0
4.80901E+12,DANE GLUTA-PAPAYA SOAP 100G,DANE GLUTA-PAPAYA SOAP 100G,0,0,2,50,45,CONSIGNMENT ITEM,N/A,0,0,0
4.80901E+12,DANE PAPAYA SOAP 100G,DANE PAPAYA SOAP 100G,0,0,0,40,35,CONSIGNMENT ITEM,N/A,0,0,0
4.80901E+12,DANNS ACEITE DE MANZANILLA 15ML,DANNS ACEITE DE MANZANILLA 15ML,0,0,0,10,6.6,DRHR,N/A,0,0,0
4.80914E+11,DANNS ACEITE DE MANZANILLA 30ML,DANNS ACEITE DE MANZANILLA 30ML,0,0,-2,15,12.77,DRHR,N/A,0,0,0
4.80901E+12,DANNS ACEITE DE MANZANILLA 60ML,DANNS ACEITE DE MANZANILLA 60ML,0,0,-5,25,19.69,DRHR,N/A,0,0,0
4.80901E+12,DANNS CASTOR OIL 30ML,DANNS CASTOR OIL 30ML,0,0,32,30,28.43352941,DRHR,N/A,0,0,0
5.26434E+14,DANNS CEBO DE MACHO 7G,DANNS CEBO DE MACHO 7G,0,0,-3,17,14.73,DRHR,N/A,0,0,0
4.80901E+12,DANNS OIL OF WINTERGREEN 15ML,DANNS OIL OF WINTERGREEN 15ML,0,0,0,18,15.62,DRHR,N/A,0,0,0
4.80901E+12,DANNS OIL OF WINTERGREEN 30ML,DANNS OIL OF WINTERGREEN 30ML,0,0,9,31,27.36,DRHR,N/A,0,0,0
4.80901E+12,DANNS OIL OF WINTERGREEN 60ML,DANNS OIL OF WINTERGREEN 60ML,0,0,0,60,53,DRHR,N/A,0,0,0
4.80901E+12,DANNS SALICYLIC ACID SOLN 15ML,DANNS SALICYLIC ACID SOLN 15ML,0,0,2,10,7.87,DRHR,N/A,0,0,0
4.80901E+12,DANNS SALICYLIC ACID SOLN 30ML,DANNS SALICYLIC ACID SOLN 30ML,0,0,0,16,13.74,DRHR,N/A,0,0,0
4.80901E+12,DANNS SALICYLIC ACID SOLN 60ML,DANNS SALICYLIC ACID SOLN 60ML,0,0,-8,25,21.3,DRHR,N/A,0,0,0
4.80901E+12,DANN'S TOOTHACHE DROPS 7.5ML,DANN'S TOOTHACHE DROPS 7.5ML,0,0,1,25,19.95,DRHR,N/A,0,0,0
8.90803E+12,DAPAGLIFOZIN (DAPAFAST-10 MG) TAB X30,DAPAGLIFOZIN (DAPAFAST-10 MG) TAB X30,0,0,0,25,11.5,GENERICS-RX,,0,0,0
4.80604E+12,DAPAGLIFOZIN 10 MG (DAPATRIS) TAB X30,DAPAGLIFOZIN 10 MG (DAPATRIS) TAB X30,0,0,0,15,7.5,GENERICS-RX,,0,0,0
4.80652E+12,DAPASTAL-10 MG TABX30,DAPAGLIFOZIN (DAPASTAL-10 MG) TAB X30 ,0,0,0,22,10.83,GENERICS-RX,,0,0,0
4.80006E+12,DAPHNE PILLS 28,DAPHNE PILLS 28,0,0,14,142,130.121,BRANDED-OTC,N/A,0,0,0
4.80652E+12,DDC AMOXICILLIN 500MG CAP X100,DDC AMOXICILLIN 500MG CAP X100,0,0,0,3,1.82,GENERICS-RX,N/A,0,0,0
4.80652E+12,DDC MEFENAMIC ACID 500MG CAP X100,DDC MEFENAMIC ACID 500MG CAP X100,0,0,0,2,0.75,GENERICS-RX,N/A,0,0,0
4.80779E+12,DECILONE FTE TAB X100,DECILONE FTE TAB X100,0,0,106,36,33.56,BRANDED-RX,N/A,0,0,0
9657328511,DECOLGEN FTE TAB X100,DECOLGEN FTE TAB X100,0,0,152,8,6.647217526,BRANDED-OTC,N/A,0,0,0
4.80779E+12,DECOLGEN NO-DROWSE TAB X100,DECOLGEN NO-DROWSE TAB X100,0,0,78,9,7.74,BRANDED-OTC,N/A,0,0,0
4.80779E+12,DECOLSIN SYR 60ML,DECOLSIN SYR 60ML,0,0,3,130,122.0383333,BRANDED-RX,N/A,0,0,0
4.80006E+12,DEPOTRUST 50MG/ML VIAL,DEPOTRUST 50MG/ML VIAL,0,0,17,130,117.5119048,BRANDED-OTC,N/A,0,0,0
5513604237,DEQUADIN 250MCG LOZENGE,DEQUADIN 250MCG LOZENGE,0,0,57,7,5.749945355,BRANDED-OTC,N/A,0,0,0
9.31406E+12,DEQUADIN ORAL PAINT 15ML,DEQUADIN ORAL PAINT 15ML,0,0,1,235,222.74,BRANDED-OTC,N/A,0,0,0
8.90422E+12,DERMAZOLE SHAMPOO 8ML,DERMAZOLE SHAMPOO 8ML,0,0,8,36,32,PERSONAL CARE,N/A,0,0,0
4.80033E+12,DERMOVATE CREAM 5G,DERMOVATE CREAM 5G,0,0,5,375,355.81,BRANDED-RX,N/A,0,0,0
4.80033E+12,DERMOVATE OINTMENT 5G,DERMOVATE OINTMENT 5G,0,0,3,367,349.03,BRANDED-RX,,0,0,0
8.90605E+12,DEXAMETHASONE 4MG/ML (DEXAMAK) 2ML,DEXAMETHASONE 4MG/ML (DEXAMAK) 2ML,0,0,26,70,35,INTRAVENOUS SOLN,N/A,0,0,0
4.80604E+12,DEXAMETHASONE 4MG/ML (DEXIMER) 2ML,DEXAMETHASONE 4MG/ML (DEXIMER) 2ML,0,0,106,30,12.65,INTRAVENOUS SOLN,N/A,0,0,0
1.51019E+14,DEXAMETHASONE 4MG/ML (SAPHSODEX) 2ML,DEXAMETHASONE 4MG/ML (SAPHSODEX) 2ML,0,0,8,15,6,INTRAVENOUS SOLN,N/A,0,0,0
4.80652E+12,DEXAMETHASONE 500MCG TAB (IMPODEX) X100,DEXAMETHASONE 500MCG TAB (IMPODEX) X100,0,0,660,1,0.45,GENERICS-RX,N/A,0,0,0
4.8003E+12,DEXTROMETHORPHAN 10MG/5ML (MUCOLEM) X100,DEXTROMETHORPHAN 10MG/5ML (MUCOLEM) X100,0,0,0,32,16,BRANDED-OTC,N/A,0,0,0
9.55705E+12,DHA NATURALLE 100MG SGCAP X30,DHA NATURALLE 100MG SGCAP X30,0,0,0,17,9.33,BRANDED-OTC,N/A,0,0,0
4.8065E+12,DIABEATS 2MG X100,GLIMEPIRIDE 2MG TAB (DIABEATS) X100,0,0,218,3,1.03,GENERICS-RX,N/A,0,0,0
4.8065E+12,DIABEATS 4MG TAB X100,GLIMEPERIDE (DIABEATS) 4MG TAB X100,0,0,449,7,3.35,GENERICS-RX,MEDTRIO CONSUMER GOODS TRADING,0,0,0
8.9928E+12,DIABETASOL VANILLA 180G,DIABETASOL VANILLA 180G,0,0,0,332,315.34,MILK,N/A,0,0,0
8.90418E+12,DIABEZIN-10 TABX30,DAPAGLIFOZIN (DIABEZIN-10 MG) TAB X30 ,0,0,0,22,10.03,GENERICS-RX,,0,0,0
4.8003E+12,DIACOF 100MG SYR 60ML,CARBOCISTEINE 100MG/ML SYR (DIACOF) 60ML,0,0,0,30,15,GENERICS-OTC,N/A,0,0,0
4.8003E+12,DIACOF DROPS 15ML,CARBOCISTEINE 50MG/5ML DROPS (DIACOF) 15ML,0,0,2,26,12.75,GENERICS-OTC,N/A,0,0,0
4.80031E+12,DIAMICRON MR 60MG TAB X60,DIAMICRON MR 60MG TAB X60,0,0,40,31,29.32,BRANDED-RX,N/A,0,0,0
4.80196E+12,DIANE 35 PILLS,DIANE 35 PILLS,0,0,5,706,671.9,BRANDED-OTC,N/A,0,0,0
8.90451E+12,DIASAPH-GE10 10MG TABX100,DAPAGLIFLOZIN(DIASAPH) 10MG TABX100,0,0,634,12,6,GENERICS-RX,PRIMECARE,0,0,0
4.80779E+12,DIATABS ADVANCE,DIATABS ADVANCE,0,0,101,18,16.98,BRANDED-OTC,,0,0,0
4.80779E+12,DIATABS CAP 2MG X100,DIATABS CAP 2MG X100,0,0,130,9,7.387840063,BRANDED-OTC,N/A,0,0,0
4.80651E+12,DICLOFENAC 100MG TAB (CURAFEN) X100,DICLOFENAC 100MG TAB (CURAFEN) X100,0,0,460,2,0.68,GENERICS-RX,N/A,0,0,0
4.80652E+12,DICLOFENAC 50MG (PHILFLAM) TAB X100,DICLOFENAC 50MG (PHILFLAM) TAB X100,0,0,2030,2,0.37,GENERICS-RX,N/A,0,0,0
7.86409E+14,DICLOFENAC 50MG (SAPHLOCID) TAB X100,DICLOFENAC 50MG (SAPHLOCID) TAB X100,0,0,500,2,0.55,GENERICS-RX,N/A,0,0,0
8.90418E+12,DICLOFENAC 50MG TAB (DICTAS) X100,DICLOFENAC 50MG TAB (DICTAS) X100,0,0,0,1,0.5,GENERICS-RX,N/A,0,0,0
4.80651E+12,DICLOFENAC 50MG TAB (TRIFOCID) X100,DICLOFENAC 50MG TAB (TRIFOCID) X100,0,0,0,3,1.15,GENERICS-RX,N/A,0,0,0
4.80651E+12,DICLOFENAC 50MG TAB (VOREN) X100,DICLOFENAC 50MG TAB (VOREN) X100,0,0,319,5,2.15,GENERICS-RX,N/A,0,0,0
8.85546E+12,DICLOSIL LOZENGE X24,DICLOSIL LOZENGE X24,0,0,3,65,55.75,CONSIGNMENT ITEM,N/A,0,0,0
4.80652E+12,DICYCLOVERINE 10MG TAB (DICYRINE) X100 TAB,DICYCLOVERINE 10MG TAB (DICYRINE) X100 TAB,0,0,2740,1,0.290083471,GENERICS-RX,N/A,0,0,0
4.8003E+12,DICYCLOVERINE 10MG/5ML SYR (DIACIEL) 60ML,DICYCLOVERINE 10MG/5ML SYR (DIACIEL) 60ML,0,0,44,30,13.95118343,GENERICS-RX,N/A,0,0,0
4.80653E+12,DICYCLOVERINE 10MG/5ML SYR (GASAID) 60ML,DICYCLOVERINE 10MG/5ML SYR (GASAID) 60ML,0,0,5,30,13,GENERICS-OTC,N/A,0,0,0
4265156260,DIFFLAM 3MG LOZENGE 8S,DIFFLAM 3MG LOZENGE 8S,0,0,21,35,30.69817013,BRANDED-OTC,N/A,0,0,0
9.31406E+12,DIFFLAM FORTE THROAT SPRAY 15ML,DIFFLAM FORTE THROAT SPRAY 15ML,0,0,3,586,557.94,BRANDED-OTC,N/A,0,0,0
9.31406E+12,DIFFLAM HONEYLEMON 3MG LOZENGE 8S,DIFFLAM HONEYLEMON 3MG LOZENGE 8S,0,0,0,38,35.61,BRANDED-OTC,N/A,0,0,0
9.31406E+12,DIFFLAM ORANGE 3MG LOZENGE 8S,DIFFLAM ORANGE 3MG LOZENGE 8S,0,0,0,38,35.61,BRANDED-OTC,N/A,0,0,0
9.31406E+12,DIFFLAM RASPBERRY 3MG LOZENGE 8S,DIFFLAM RASPBERRY 3MG LOZENGE 8S,0,0,0,38,34.9,BRANDED-OTC,N/A,0,0,0
9.31406E+12,DIFFLAM SOLUTION 100ML,DIFFLAM SOLUTION 100ML,0,0,2,261,226.655,BRANDED-OTC,N/A,0,0,0
6.93966E+12,DIGITAL THERMOMETER (SURGITECH) X10,DIGITAL THERMOMETER (SURGITECH) X10,0,0,5,100,45,MEDICAL SUPPLIES,N/A,0,0,0
4.80653E+12,DIGITAL THERMOMETER(PARTNERS),DIGITAL THERMOMETER(PARTNERS),0,0,0,100,45,MEDICAL SUPPLIES,N/A,0,0,0
4.80652E+12,DIGITAL THERMOMETER(SURE-GUARD),DIGITAL THERMOMETER(SURE-GUARD),0,0,1,100,45,MEDICAL SUPPLIES,N/A,0,0,0
4.02607E+14,DIGOXIN 250MCG (DIGOSAPH) TAB X100,DIGOXIN 250MCG (DIGOSAPH) TAB X100,0,0,0,5,2.1,GENERICS-RX,N/A,0,0,0
8.90601E+12,DIGOXIN 250MCG TAB (DIXIN) X100,DIGOXIN 250MCG TAB (DIXIN) X100,0,0,-5,6,2.63,GENERICS-RX,N/A,0,0,0
4.80031E+12,DILATAIR 200MG TAB X30,DILATAIR 200MG TAB X30,0,0,32,15,12.81,BRANDED-RX,N/A,0,0,0
4.80031E+12,DILATAIR 400MG TAB X30,DILATAIR 400MG TAB X30,0,0,31,22,18.73,GENERICS-OTC,N/A,0,0,0
4.80651E+12,DILTIAZEM 30MG (NOVOPTIN) TAB X100,DILTIAZEM 30MG (NOVOPTIN) TAB X100,0,0,300,3,1.289473684,GENERICS-OTC,N/A,0,0,0
4.80651E+12,DILTIAZEM 30MG (ZEMDIL) TAB X100,DILTIAZEM 30MG (ZEMDIL) TAB X100,0,0,0,3,1.2,GENERICS-RX,N/A,0,0,0
4.80651E+12,DILTIAZEM 60MG TAB (NOVOPTIN) X100,DILTIAZEM 60MG TAB (NOVOPTIN) X100,0,0,440,6,2.419491525,GENERICS-RX,N/A,0,0,0
4.80652E+12,DIOSMIN + HISPERIDIN TAB (DIOSID) X30,DIOSMIN + HISPERIDIN TAB (DIOSID) X30,0,0,0,20,9.5,GENERICS-RX,N/A,0,0,0
8.90604E+12,DIOSMIN HISPERIDIN (HESMINSAPH) X30,DIOSMIN HISPERIDIN (HESMINSAPH) X30,0,0,0,16,7.67,BRANDED-RX,N/A,0,0,0
8.90417E+12,DIOSMIN HISPERIDIN (RHOIDS) TAB X30,DIOSMIN HISPERIDIN (RHOIDS) TAB X30,0,0,0,17,7.730368999,GENERICS-RX,N/A,0,0,0
8.9023E+12,DIOSMIN+HESPERIDIN (DIOSGEN) TABX30,DIOSMIN+HESPERIDIN (DIOSGEN) TABX30,0,0,146,17,7.67,GENERICS-RX,PRIMECARE,0,0,0
8.90417E+12,DIOSMIN+HISPERIDIN (VEINXELL) TAB X30,DIOSMIN+HISPERIDIN (VEINXELL) TAB X30,0,0,0,20,9.5,GENERICS-RX,N/A,0,0,0
4.80653E+12,DIOSMIN+HISPERIDIN 450/50MG TAB (DIOSMED) X30,DIOSMIN+HISPERIDIN 450/50MG TAB (DIOSMED) X30,0,0,-1,25,12.5,GENERICS-RX,N/A,0,0,0
4.8003E+12,DIPHENHYDRAMINE 12.5MG/5ML SYR (DIAHIST) 60ML,DIPHENHYDRAMINE 12.5MG/5ML SYR (DIAHIST) 60ML,0,0,1,28,14,GENERICS-OTC,N/A,0,0,0
4.80653E+12,DIPHENHYDRAMINE 12.5MG/5ML SYR (HISTAZYN) 60ML,DIPHENHYDRAMINE 12.5MG/5ML SYR (HISTAZYN) 60ML,0,0,0,25,10,GENERICS-OTC,N/A,0,0,0
4.80652E+12,DIPHENHYDRAMINE 25MG CAP (MUCOMED) X100,DIPHENHYDRAMINE 25MG CAP (MUCOMED) X100,0,0,212,2,0.63,GENERICS-RX,N/A,0,0,0
4.80653E+12,DIPHENHYDRAMINE 50MG CAP(HISTAZYN) X100,DIPHENHYDRAMINE 50MG CAP(HISTAZYN) X100,0,0,0,2,0.66,GENERICS-RX,N/A,0,0,0
4.80034E+12,DIPHENHYDRAMINE 50MG CAP(HYDROPHEN) X100,DIPHENHYDRAMINE 50MG CAP(HYDROPHEN) X100,0,0,200,2,0.66,GENERICS-RX,N/A,0,0,0
4.80652E+12,DIPHENHYDRAMINE SYR (HISTAMOX) 60ML,DIPHENHYDRAMINE SYR (HISTAMOX) 60ML,0,0,9,30,12,GENERICS-OTC,N/A,0,0,0
57864211,DIPHENPORS 50MG/ML,DIPHENHYDRAMINE HYDROCHLORIDE (DIPHENPORS 50MG/ML) X10 AMP,0,0,0,35,17.04,INTRAVENOUS SOLN,NTPK,0,0,0
4.80779E+12,DISUDRIN DROPS 10ML,DISUDRIN DROPS 10ML,0,0,8,125,116.6633333,BRANDED-OTC,N/A,0,0,0
4.80779E+12,DISUDRIN SYRUP 120ML,DISUDRIN SYRUP 120ML,0,0,5,205,193.5,BRANDED-OTC,N/A,0,0,0
4.80779E+12,DISUDRIN SYRUP 60ML,DISUDRIN SYRUP 60ML,0,0,14,136,128.81,BRANDED-OTC,N/A,0,0,0
4.80603E+12,DIUMIDE-K 40MG/600MG TAB X50,DIUMIDE-K 40MG/600MG TAB X50,0,0,78,18,16.83479148,BRANDED-RX,N/A,0,0,0
5.25166E+14,DM PINEAPPLE JUICE ACE 240ML,DM PINEAPPLE JUICE ACE 240ML,0,0,57,37,29.87,FOOD & BEVERAGES,OHANA TRADING CORPORATION,0,0,0
9.89515E+14,DM PINEAPPLE JUICE FIBER 240ML,DM PINEAPPLE JUICE FIBER 240ML,0,0,61,37,31.73,FOOD & BEVERAGES,N/A,0,0,0
1.51668E+13,DM PINEAPPLE JUICE HEART SMART 240ML,DM PINEAPPLE JUICE HEART SMART 240ML,0,0,53,37,31.1240678,FOOD & BEVERAGES,N/A,0,0,0
4.80779E+12,DOLAN FP 100MG/5ML SUSP 60ML,DOLAN FP 100MG/5ML SUSP 60ML,0,0,4,96,91.11,BRANDED-OTC,N/A,0,0,0
4.80779E+12,DOLAN FTE 200MG/5ML SUSP 60ML,DOLAN FTE 200MG/5ML SUSP 60ML,0,0,6,145,137.73,BRANDED-OTC,N/A,0,0,0
8797175184,DOLFENAL 250MG TAB X100,DOLFENAL 250MG TAB X100,0,0,20,20,17.64,BRANDED-OTC,N/A,0,0,0
2284454380,DOLFENAL 500MG TAB X100,DOLFENAL 500MG TAB X100,0,0,124,36,33.96,BRANDED-RX,N/A,0,0,0
4718282417,DOLO NEUROBION TAB X100,DOLO NEUROBION TAB X100,0,0,79,27,22.29999729,BRANDED-RX,N/A,0,0,0
4.80901E+12,DOLOGESIC TAB X100,DOLOGESIC TAB X100,0,0,-1,36,32,CONSIGNMENT ITEM,N/A,0,0,0
4.80652E+12,DOMELONG P 40MG/30MG CAP X30,DOMELONG P 40MG/30MG CAP X30,0,0,60,40,26.5,CONSIGNMENT ITEM,N/A,0,0,0
4.80652E+12,DOMPERIDON 10MG (DUBAMOL) TAB X100,DOMPERIDON 10MG (DUBAMOL) TAB X100,0,0,490,3,0.718699187,GENERICS-OTC,N/A,0,0,0
4.80652E+12,DOMPERIDONE 10MG (APULDON) TAB X100,DOMPERIDONE 10MG (APULDON) TAB X100,0,0,0,2,0.7,GENERICS-RX,N/A,0,0,0
4.80653E+12,DOMPERIDONE 10MG TAB (MERIDON) X100,DOMPERIDONE 10MG TAB (MERIDON) X100,0,0,0,2,0.78,GENERICS-OTC,N/A,0,0,0
4.80653E+12,DOMPERIDONE 1MG/ML SUSP (ACCEDOME) 60ML,DOMPERIDONE 1MG/ML SUSP (ACCEDOME) 60ML,0,0,23,90,37.25,GENERICS-RX,N/A,0,0,0
8.90416E+12,DOMPERIDONE1MG/ML SUSP (DOMPY) 60ML,DOMPERIDONE1MG/ML SUSP (DOMPY) 60ML,0,0,0,80,40,GENERICS-OTC,N/A,0,0,0
8.80104E+12,DORCO BLADE X10,DORCO BLADE X10,0,0,0,7,3,PERSONAL CARE,N/A,0,0,0
8.72018E+12,DOVE BAR SENSITIVE 135G,DOVE BAR SENSITIVE 135G,0,0,-4,85,75.99,PERSONAL CARE,N/A,0,0,0
8.71716E+12,DOVE BAR SOAP PINK 135G,DOVE BAR SOAP PINK 135G,0,0,0,86,76.55,PERSONAL CARE,N/A,0,0,0
67238891183,DOVE BAR SOAP PINK 90G,DOVE BAR SOAP PINK 90G,0,0,6,67,59.14285714,PERSONAL CARE,N/A,0,0,0
8.71716E+12,DOVE BAR SOAP REG 135G,DOVE BAR SOAP REG 135G,0,0,0,86,77.3,PERSONAL CARE,N/A,0,0,0
8.71764E+12,DOVE BAR SOAP REG 90G,DOVE BAR SOAP REG 90G,0,0,-1,66,60,PERSONAL CARE,N/A,0,0,0
8.0007E+12,DOVE BAR SOAP SENSITIVE 90G,DOVE BAR SOAP SNSITIVE 90G,0,0,5,80,70.90833333,PERSONAL CARE,CRYSTAL CITY MARKETING,0,0,0
4.80089E+12,DOVE DEO ORIGINAL 40ML,DOVE DEO ORIGINAL 40ML,0,0,2,141,126.8716667,PERSONAL CARE,N/A,0,0,0
4.80089E+12,DOVE DEO RO ORIGINAL 25ML,DOVE DEO RO ORIGINAL 25ML,0,0,0,87,76.8,PERSONAL CARE,N/A,0,0,0
4.80089E+12,DOVE DEO RO ULT REPAIR JASMINE 25ML,DOVE DEO RO ULT REPAIR JASMINE 25ML,0,0,0,86,77.89,PERSONAL CARE,N/A,0,0,0
4.80089E+12,DOVE DEO RO UNSCENTED 40ML,DOVE DEO RO UNSCENTED 40ML,0,0,0,140,123.98,PERSONAL CARE,N/A,0,0,0
4.80089E+12,DOVE DEO SERUM COLLAGEN,DOVE DEO SERUM COLLAGEN,0,0,0,175,86,PERSONAL CARE,N/A,0,0,0
4.80089E+12,DOVE DEO SERUM VIT C&E,DOVE DEO SERUM VIT C&E,0,0,0,175,86,PERSONAL CARE,N/A,0,0,0
4.80089E+12,DOVE DEO STICK ORIG 20G,DOVE DEO STICK ORIG 20G,0,0,1,125,112.83,PERSONAL CARE,N/A,0,0,0
4.80089E+12,DOVE DEO STICK UNSCENTED 20G,DOVE DEO STICK UNSCENTED 20G,0,0,4,125,111.6641667,PERSONAL CARE,N/A,0,0,0
4.80089E+12,DOVE DEO ULTIMATE REPAIR JASMINE 40ML,DOVE DEO ULTIMATE REPAIR JASMINE 40ML,0,0,1,141,126.58,PERSONAL CARE,N/A,0,0,0
4.80089E+12,DOVE DEO ULTIMATE REPAIR LILY 40ML,DOVE DEO ULTIMATE REPAIR LILY 40ML,0,0,0,141,127.88,PERSONAL CARE,N/A,0,0,0
4.80089E+12,DOVE DL ULTIMATE REPAIR 3ML,DOVE DL ULTIMATE REPAIR 3ML,0,0,11,10,8.42,PERSONAL CARE,N/A,0,0,0
4.80089E+12,DOVE MEN INVISIBLE DRY 40ML,DOVE MEN INVISIBLE DRY 40ML,0,0,0,145,72.5,PERSONAL CARE,N/A,0,0,0
4.80089E+12,DOVE RO SENSITIVE 40ML,DOVE RO SENSITIVE 40ML,0,0,0,140,123.98,PERSONAL CARE,CRYSTAL CITY MARKETING,0,0,0
4.80089E+12,DOVE SHAMP HFALL RESCUE 170ML,DOVE SHAMP HFALL RESCUE 170ML,0,0,0,152,137.5,PERSONAL CARE,N/A,0,0,0
4.80089E+12,DOVE SHAMP INTENSE REPAIR 170ML,DOVE SHAMP INTENSE REPAIR 170ML,0,0,0,152,137.5,PERSONAL CARE,N/A,0,0,0
4.80089E+12,DOVE SHAMP INTENSE REPAIR SACH 12ML,DOVE SHAMP INTENSE REPAIR SACH 12ML,0,0,14,7,5.91,PERSONAL CARE,N/A,0,0,0
4.80089E+12,DOVE SHAMP STRAIGHT&SILKY 170ML,DOVE SHAMP STRAIGHT&SILKY 170ML,0,0,0,0,0,PERSONAL CARE,N/A,0,0,0
4.80089E+12,DOVE SHAMP STRAIGHT&SILKY SACH 12ML,DOVE SHAMP STRAIGHT&SILKY SACH 12ML,0,0,0,7,5.91,PERSONAL CARE,N/A,0,0,0
4.8065E+12,DOXOFYLLINE 400MG (DOXOAIR) TAB X100,DOXOFYLLINE 400MG (DOXOAIR) TAB X100,0,0,100,15,7.12,GENERICS-RX,N/A,0,0,0
4.80653E+12,DOXOFYLLINE 400MG TAB (DOXOFAR) X30,DOXOFYLLINE 400MG TAB (DOXOFAR) X30,0,0,150,12,7,GENERICS-RX,N/A,0,0,0
4.80653E+12,DOXOFYR 400MG TABX100,DOXOFYLLINE (DOXOFYR) 400MG X100,0,0,4,8,4,GENERICS-RX,MEDCENTRAL PHARMAAND MEDICAL SUPPLIES DISTRIBUTION,0,0,0
4.80652E+12,DOXOLLIN 400MG X100 TAB,DOXOFYLLIN (DOXOLLIN)400MG X100 TAB,0,0,332,7,3.4,GENERICS-RX,PRIMECARE,0,0,0
4.80653E+12,DOXYCYCLINE 100MG (DOTHIX) X100,DOXYCYCLINE 100MG (DOTHIX) X100,0,0,372,4,1.3,GENERICS-RX,N/A,0,0,0
4.80652E+12,DOXYCYCLINE 100MG (DOXYPERL) CAP X100,DOXYCYCLINE 100MG (DOXYPERL) CAP X100,0,0,0,3,1.2,GENERICS-RX,N/A,0,0,0
4.80652E+12,DOXYCYCLINE 100MG (PIDCLIN) CAP X100,DOXYCYCLINE 100MG (PIDCLIN) CAP X100,0,0,5,4,1.23,GENERICS-RX,N/A,0,0,0
8.90604E+12,DOXYCYCLINE 100MG CAP (DOXITAR) X100,DOXYCYCLINE 100MG CAP (DOXITAR) X100,0,0,0,5,0,GENERICS-RX,N/A,0,0,0
4.80652E+12,DOXYCYCLINE 100MG CAP (MYDOXY) X100,DOXYCYCLINE 100MG CAP (MYDOXY) X100,0,0,0,3,1.45,GENERICS-RX,N/A,0,0,0
9E+12,DR. KAUFMANN COOLING BODY DEO POWDER 100G,DR. KAUFMANN COOLING BODY DEO POWDER 100G,0,0,12,140,127,PERSONAL CARE,OHANA TRADING CORPORATION,0,0,0
9E+12,DR. KAUFMANN EXTRA COOL BODY DEO POWDER 50G,DR. KAUFMANN EXTRA COOL BODY DEO POWDER 50G,0,0,11,105,94,PERSONAL CARE,OHANA TRADING CORPORATION,0,0,0
4.8E+12,DR. KAUFMANN IR SOAP 80G,DR. KAUFMANN IR SOAP 80G,0,0,0,45,40.44,PERSONAL CARE,N/A,0,0,0
4.8E+12,DR. KAUFMANN SOAP YELLOW 80G,DR. KAUFMANN SOAP YELLOW 80G,0,0,1,45,40.44018519,PERSONAL CARE,N/A,0,0,0
4.80001E+12,DR. WONGS LIGHTENING SOAP 60G,DR. WONGS LIGHTENING SOAP 60G,0,0,0,40,35.77,PERSONAL CARE,N/A,0,0,0
4.80001E+12,DR. WONGS SULFUR SOAP W/ MOIST 135G,DR. WONGS SULFUR SOAP W/ MOIST 135G,0,0,11,60,53.02,PERSONAL CARE,N/A,0,0,0
4.80001E+12,DR. WONGS SULFUR SOAP W/ MOIST 80G,DR. WONGS SULFUR SOAP W/ MOIST 80G,0,0,24,45,40.10692308,PERSONAL CARE,N/A,0,0,0
4.80001E+12,DR. WONGS SULFUR SOAP Y 135G,DR. WONGS SULFUR SOAP Y 135G,0,0,2,55,48.46544317,PERSONAL CARE,N/A,0,0,0
4.80001E+12,DR. WONGS SULFUR SOAP Y 80G,DR. WONGS SULFUR SOAP Y 80G,0,0,1,40,35.28,PERSONAL CARE,N/A,0,0,0
9E+12,DR.KAUFMAN IR FOOT DEO POWDER 50G,DR.KAUFMAN IR FOOT  DEO POWDER 50G,0,0,0,95,83,PERSONAL CARE,OHANA TRADING CORPORATION,0,0,0
4.80034E+12,DRAMELIN 50MG CAP,DIPHENHYDRAMINE 50MG CAP (DRAMELIN) X100,0,0,50,2,0.65,GENERICS-RX,N/A,0,0,0
4.80032E+12,DRAPOLENE CREAM 55G,DRAPOLENE CREAM 55G,0,0,4,345,324.8,BRANDED-OTC,N/A,0,0,0
4.80779E+12,DRENEX 3MG TAB X50,DRENEX 3MG TAB X50,0,0,58,32,28.47807692,BRANDED-RX,N/A,0,0,0
6127230153,DRENEX 750MCG TAB (BLUE),DRENEX 750MCG TAB (BLUE),0,0,0,14,12.5,BRANDED-RX,N/A,0,0,0
106496214,DRIVEMAX PLUS CAPS 420MG,DRIVEMAX PLUS CAPS 420MG,0,0,23,102,97,BRANDED-OTC,COPHARM TRADING CORPORATION,0,0,0
4.80652E+12,DROCORT CREAM 15G,HYDROCORTISONE ACETATE (DROCORT) CREAM 15G,0,0,9,105,51.6,GENERICS-RX,,0,0,0
4.80779E+12,DUAVENT NEBULE 2.5ML X20,DUAVENT NEBULE 2.5ML X20,0,0,36,48,44.5595122,PERSONAL CARE,N/A,0,0,0
1727445804,DULCOLAX 10MG ADULT SUPP X50,DULCOLAX 10MG ADULT SUPP X50,0,0,65,63,61.16810811,BRANDED-OTC,N/A,0,0,0
9202129365,DULCOLAX 5MG INFANT SUPP X50,DULCOLAX 5MG INFANT SUPP X50,0,0,24,67,63.4,BRANDED-OTC,N/A,0,0,0
4.80014E+12,DULCOLAX TAB 5MG X120,DULCOLAX TAB 5MG X120,0,0,67,27,25.37,BRANDED-OTC,N/A,0,0,0
4.80653E+12,DUOCARD 40MG/5MG TAB X30,TELMISARTAN+AMLODIPINE (DUOCARD) 40MG/5MGTAB X30,0,0,140,18,8.75,GENERIC-OTC,MEDCARE,0,0,0
8.90803E+12,DUOSIN 500MCG/400 MCG CAPX30,DUTASTERIDE+TAMSULOSIN HYDROCHLORIDE 500MCG/400MCG CAPX30,0,0,100,25,9.271,GENERICS-RX,NTPK,0,0,0
8.00266E+12,DUPHALAC 3.3G/5ML 45ML,LACTULOSE (DUPHALAC) 3.3G/5ML SYR 45ML,0,0,2,211,198.18,BRANDED-OTC,COPHARM TRADING CORPORATION,0,0,0
4.80029E+12,DUPHASTON 10MG TAB X20,DUPHASTON 10MG TAB X20,0,0,11,86,80.87,BRANDED-RX,N/A,0,0,0
4.80653E+12,DUREX CHOCO 3S ,DUREX CHOCO 3S ,0,0,11,40,34.36,BRANDED-OTC,N/A,0,0,0
5.0522E+12,DUREX INVISIBLE 3S,DUREX INVISIBLE 3S,0,0,0,160,145.45,PERSONAL CARE,N/A,0,0,0
4.80653E+12,DUREX STRAWBERRY 3S ,DUREX STRAWBERRY 3S ,0,0,7,40,36.98285714,BRANDED-OTC,N/A,0,0,0
8.90451E+12,DUTASUSAPH 500MCG/400 MCG,DUTASTERIDE+TAMSULOSIN HYDROCHLORIDE 500MCG/400MCG CAPX30,0,0,300,20,6.5,GENERICS-RX,NTPK,0,0,0
5280171215,DUVADILAN 10MG TAB X100,DUVADILAN 10MG TAB X100,0,0,40,32,29.99338938,BRANDED-RX,N/A,0,0,0
4.80034E+12,DYNATUSSIN CAP X 100,DYNATUSSIN CAP X 100,0,0,71,12,11.05,BRANDED-RX,N/A,0,0,0
4.80034E+12,DYNATUSSIN SYR 60ML,DYNATUSSIN SYR 60ML,0,0,3,125,118.7422363,BRANDED-OTC,N/A,0,0,0
4.80001E+12,EFFICASCENT OIL EXTREME 100ML,EFFICASCENT OIL EXTREME 100ML,0,0,9,136,122.84,DRHR,N/A,0,0,0
4.80001E+12,EFFICASCENT OIL REG 100ml,EFFICASCENT OIL  100ml,0,0,2,96,86.63,PERSONAL CARE,OHANA TRADING CORPORATION,0,0,0
48031547,EFFICASCENT OIL REG 25ML,EFFICASCENT OIL REG 25ML,0,0,34,30,25.76617647,DRHR,N/A,0,0,0
4.80001E+12,EFFICASCENT OIL REG 50ML,EFFICASCENT OIL REG 50ML,0,0,23,55,45.09538462,DRHR,N/A,0,0,0
4.80001E+12,EFFICASCENT OIL XS 100ML,EFFICASCENT OIL XS 100ML,0,0,5,125,110,DRHR,N/A,0,0,0
48035156,EFFICASCENT OIL XS 25ML,EFFICASCENT OIL XS 25ML,0,0,77,40,32.94712691,DRHR,N/A,0,0,0
4.80001E+12,EFFICASCENT OIL XS 50ML,EFFICASCENT OIL XS 50ML,0,0,9,65,57.97,DRHR,N/A,0,0,0
4.80001E+12,EFFICASCENT OIL XTREME 25ML,EFFICASCENT OIL XTREME 25ML,0,0,3,45,38.644,DRHR,N/A,0,0,0
4.80001E+12,EFFICASCENT OIL XTREME 50ML,EFFICASCENT OIL XTREME 50ML,0,0,11,85,76.88,DRHR,N/A,0,0,0
4.80001E+12,EFFICASCENT OINMENT 10g,EFFICASCENT OINMENT 10g,0,0,-1,25,21.56,DRHR,N/A,0,0,0
4.80001E+12,EFFICASCENT RELAXING OIL RO 12ML,EFFICASCENT RELAXING OIL RO 12ML,0,0,15,125,109.76,PERSONAL CARE,N/A,0,0,0
4.80001E+12,EFFICASCENT RELAXING OIL RO 3ML,EFFICASCENT RELAXING OIL RO 3ML,0,0,2,55,47.05545455,DRHR,N/A,0,0,0
4.80001E+12,EFFICASCENT RELAXING OIL RO 6ML,EFFICASCENT RELAXING OIL RO 6ML,0,0,2,85,74.08992063,DRHR,N/A,0,0,0
4.80001E+12,EFFICASCENT RELAXING OIL RO CALM 12ML ,EFFICASCENT RELAXING OIL RO CALM 12ML ,0,0,1,135,118.5,OTHERS,DYNA DRUG CORP.,0,0,0
4.80001E+12,EFFICASCENT RELAXING OIL RO REFRESH 12ML ,EFFICASCENT RELAXING OIL RO REFRESH 12ML ,0,0,1,135,118.51,OTHERS,DYNA DRUG CORP.,0,0,0
4.80653E+12,ELASTIC BANDAGE 2INX5YD,ELASTIC BANDAGE 2INX5YD,0,0,0,25,15,MEDICAL SUPPLIES,N/A,0,0,0
4.80652E+12,ELASTIC BANDAGE 2INX5YD (SURGITECH),ELASTIC BANDAGE 2INX5YD (SURGITECH),0,0,4,35,16,MEDICAL SUPPLIES,N/A,0,0,0
4.80653E+12,ELASTIC BANDAGE 3INX5YD,ELASTIC BANDAGE 3INX5YD,0,0,0,38,19,MEDICAL SUPPLIES,N/A,0,0,0
4.80652E+12,ELASTIC BANDAGE 3INX5YD (SURGITECH),ELASTIC BANDAGE 3INX5YD (SURGITECH),0,0,3,25,21,MEDICAL SUPPLIES,N/A,0,0,0
4.80652E+12,ELASTIC BANDAGE 3X5YD (SUREGARD) ,ELASTIC BANDAGE 3X5YD (SUREGARD) ,0,0,1,35,15,MEDICAL SUPPLIES,N/A,0,0,0
4.80652E+12,ELASTIC BANDAGE 4INX5YD (SURGITECH),ELASTIC BANDAGE 4INX5YD (SURGITECH),0,0,2,30,22,MEDICAL SUPPLIES,N/A,0,0,0
4.80653E+12,ELASTIC BANDAGE 4X5YD,ELASTIC BANDAGE 4X5YD,0,0,-2,35,26,MEDICAL SUPPLIES,N/A,0,0,0
4.80653E+12,ELASTIC BANDAGE 6INX5YD,ELASTIC BANDAGE 6INX5YD,0,0,0,45,37,MEDICAL SUPPLIES,N/A,0,0,0
4.80652E+12,ELASTIC BANDAGE 6INX5YD (SURGITECH),ELASTIC BANDAGE 6INX5YD (SURGITECH),0,0,3,45,35.8,MEDICAL SUPPLIES,N/A,0,0,0
4.80196E+12,ELICA CREAM 5G,ELICA CREAM 5G,0,0,2,470,440.485,BRANDED-OTC,N/A,0,0,0
4.80196E+12,ELICA OINTMENT 5G,ELICA OINTMENT 5G,0,0,0,487,389.8,BRANDED-OTC,N/A,0,0,0
4.80652E+12,ELTROXIN 50MCG TAB X100,ELTROXIN 50MCG TAB X100,0,0,0,7,5.79,BRANDED-RX,N/A,0,0,0
8.906E+12,ENALAPRIL 10MG TAB (RENITE XL) X100,ENALAPRIL 10MG TAB (RENITE XL) X100,0,0,607,6,2.4,GENERICS-RX,N/A,0,0,0
4.80034E+12,ENALAPRIL 10MG TAB (SCHEEPRIL) X100,ENALAPRIL 10MG TAB (SCHEEPRIL) X100,0,0,-57,6,2.84,GENERICS-RX,N/A,0,0,0
4.80652E+12,ENALAPRIL 20MG TAB (STALPRIL) X30,ENALAPRIL 20MG TAB (STALPRIL) X30,0,0,40,8,4,GENERICS-RX,N/A,0,0,0
8.906E+12,ENALAPRIL 5MG TAB (RENITE XL) X100,ENALAPRIL 5MG TAB (RENITE XL) X100,0,0,352,6,2.350907549,GENERICS-RX,N/A,0,0,0
4439361788,ENERVON ACTIV SG CAP X100,ENERVON ACTIV SG CAP X100,0,0,39,15,13.43,BRANDED-OTC,N/A,0,0,0
4.80779E+12,ENERVON SYR 120ML,ENERVON SYR 120ML,0,0,0,156,147.62,BRANDED-OTC,N/A,0,0,0
4.80779E+12,ENERVON SYRUP 250ML,ENERVON SYRUP 250ML,0,0,0,273,259.28,BRANDED-OTC,N/A,0,0,0
4.80779E+12,ENERVON SYRUP 60ML,ENERVON SYRUP 60ML,0,0,0,75,67.98,BRANDED-OTC,N/A,0,0,0
4.80779E+12,ENERVON TAB 30S,ENERVON TAB 30S,0,0,0,217,206.42,BRANDED-OTC,N/A,0,0,0
4.80779E+12,ENERVON TAB X100,ENERVON TAB X100,0,0,0,8,6.02,BRANDED-OTC,N/A,0,0,0
4.80779E+12,ENERVON Z+ X100 TAB,ENERVON Z+ X100 TAB,0,0,128,10,8.378189415,BRANDED-OTC,,0,0,0
8.71205E+12,ENFAGROW A+ NURA 1-3YO 350G,ENFAGROW A+ NURA 1-3YO 350G,0,0,3,605,560.91,MILK,N/A,0,0,0
8.71205E+12,ENFAGROW A+ NURA GENTLEASE 1-3 Y/O 800G,ENFAGROW A+ NURA GENTLEASE 1-3 Y/O 800G,0,0,1,1645,1535.34,MILK,N/A,0,0,0
8.71205E+12,ENFAMAMA A+ CHOCO 350G,ENFAMAMA A+ CHOCO 350G,0,0,1,435,406.01,MILK,N/A,0,0,0
8.71205E+12,ENFAMAMA A+ VANILLA 350G,ENFAMAMA A+ VANILLA 350G,0,0,2,436,403.51,MILK,N/A,0,0,0
3.00875E+11,ENFAMIL A+ 0-12 CS BIOME,ENFAMIL A+ 0-12 CS BIOME,0,0,1,2000,1866.66,0,0,0,0,0
8.71205E+12,ENFAMIL A+ NURA 0-6MO 350G,ENFAMIL A+ NURA 0-6MO 350G,0,0,0,805,751.33,MILK,N/A,0,0,0
8.71205E+12,ENFAMIL A+ NURA 6-12MO 350G,ENFAMIL A+ NURA 6-12MO 350G,0,0,0,786,732.6675,MILK,N/A,0,0,0
8.71205E+12,ENFAMIL A+ NURA GENTLEASE 0-12 MO 800G,ENFAMIL A+ NURA GENTLEASE 0-12 MO 800G,0,0,1,2000,1866.67,MILK,N/A,0,0,0
4.80022E+12,ENSURE GOLD 400G,ENSURE GOLD 400G,0,0,0,1040,989.8925,MILK,N/A,0,0,0
8.71043E+12,ENSURE GOLD RTD VANILLA 220ML,ENSURE GOLD RTD VANILLA 220ML,0,0,7,160,150.25,MILK,N/A,0,0,0
4.80022E+12,ENSURE GOLD VANILLA 150G,ENSURE GOLD VANILLA 150G,0,0,1,375,353.45,MILK,DYNA DRUG CORP.,0,0,0
70074407111,ENSURE ORIG SHAKE  237ML,ENSURE ORIG SHAKE  237ML,0,0,-24,145,124.96,MILK,N/A,0,0,0
4.80049E+12,EQ DRY DIAPER L16,EQ DRY DIAPER L16,0,0,8,175,155.16328,SANPRO,N/A,0,0,0
4.80049E+12,EQ DRY DIAPER M18,EQ DRY DIAPER M18,0,0,2,175,155.26,SANPRO,N/A,0,0,0
4.80049E+12,EQ DRY DIAPER NB22,EQ DRY DIAPER NB22,0,0,6,175,155.26,SANPRO,N/A,0,0,0
4.80049E+12,EQ DRY DIAPER S20,EQ DRY DIAPER S20,0,0,3,175,154.9225,SANPRO,N/A,0,0,0
4.80049E+12,EQ DRY DIAPER XL14,EQ DRY DIAPER XL14,0,0,3,175,155.26,SANPRO,N/A,0,0,0
4.80049E+12,EQ DRY DIAPER XL28,EQ DRY DIAPER XL28,0,0,0,313,284.52,SANPRO,N/A,0,0,0
4.80049E+12,EQ DRY DIAPER XXL12,EQ DRY DIAPER XXL12,0,0,8,175,155.26,SANPRO,N/A,0,0,0
4.80049E+12,EQ DRY DIAPER XXL24,EQ DRY DIAPER XXL24,0,0,0,313,284.52,SANPRO,N/A,0,0,0
1717517381,EQ PANTS 3XL 24S,EQ PANTS 3XL 24S,0,0,4,295,265.9424859,SANPRO,N/A,0,0,0
4.80049E+12,EQ PANTS L10,EQ PANTS L10,0,0,5,90,79.03854233,SANPRO,N/A,0,0,0
4.80049E+12,EQ PANTS L24,EQ PANTS L24,0,0,3,205,185.28,SANPRO,N/A,0,0,0
4.80049E+12,EQ PANTS M10,EQ PANTS M10,0,0,8,80,69.75,SANPRO,N/A,0,0,0
4.80049E+12,EQ PANTS M24,EQ PANTS M24,0,0,5,185,165.0954545,SANPRO,N/A,0,0,0
4.80049E+12,EQ PANTS XL10,EQ PANTS XL10,0,0,3,95,85.8959375,SANPRO,N/A,0,0,0
4.80049E+12,EQ PANTS XL24,EQ PANTS XL24,0,0,5,225,202.62,SANPRO,N/A,0,0,0
4.80049E+12,EQ PANTS XXL10,EQ PANTS XXL10,0,0,6,105,90.98295547,SANPRO,N/A,0,0,0
4.80049E+12,EQ PANTS XXL24,EQ PANTS XXL24,0,0,4,235,212.95,SANPRO,N/A,0,0,0
4.80099E+12,EQ PLUS DIAPER L12,EQ PLUS DIAPER L12,0,0,0,106,93.8,SANPRO,N/A,0,0,0
4.80049E+12,EQ PLUS DIAPER M12,EQ PLUS DIAPER M12,0,0,0,93,82.6,SANPRO,N/A,0,0,0
4.80049E+12,EQ PLUS DIAPER S12,EQ PLUS DIAPER S12,0,0,0,78,70.43,SANPRO,N/A,0,0,0
4.80049E+12,EQ PLUS DIAPER XL12,EQ PLUS DIAPER XL12,0,0,0,115,104.29,SANPRO,N/A,0,0,0
4.80049E+12,EQ PLUS DIAPER XXL12,EQ PLUS DIAPER XXL12,0,0,0,120,108.39,SANPRO,N/A,0,0,0
9.32178E+12,EQUAL CLASSIC 1G PDR STICKS,EQUAL CLASSIC 1G PDR STICKS,0,0,70,5,2.47,BRANDED-OTC,N/A,0,0,0
9.32178E+12,EQUAL GOLD 1G PDR STICKS,EQUAL GOLD 1G PDR STICKS,0,0,0,4,3.1,BRANDED-OTC,N/A,0,0,0
4.80014E+12,ERCEFLORA GUT RESTORE 5ML X10,ERCEFLORA GUT RESTORE 5ML X10,0,0,117,82,77.56661654,BRANDED-OTC,N/A,0,0,0
4.80014E+12,ERCEFLORA KIDDIE/GUT DEFENSE 5ML X10,ERCEFLORA KIDDIE 5ML X10,0,0,23,46,41.68,BRANDED-OTC,N/A,0,0,0
12718844,ERECFIL-100 TAB X4,SILDENAFIL 100MG (ERECFIL) TAB X4,0,0,34,25,10.63,GENERICS-RX,N/A,0,0,0
4.80901E+12,ERECFIL-50 TAB X8,SILDENAFIL (ERECFIL) 50MG TAB X8,0,0,118,18,6.72362069,GENERICS-RX,MEDTRIO CONSUMER GOODS TRADING,0,0,0
4.80006E+12,ERIN PILLS,ERIN PILLS,0,0,1,630,595,BRANDED-OTC,N/A,0,0,0
4.80006E+12,ERMINA PILLS,ERMINA PILLS,0,0,1,650,615,BRANDED-OTC,N/A,0,0,0
4.80653E+12,ERYTHROMYCIN 200MG/5ML SUSP (MONPHEVIN) 60ML,ERYTHROMYCIN 200MG/5ML SUSP (MONPHEVIN) 60ML,0,0,18,80,38.25,GENERICS-RX,N/A,0,0,0
8.90604E+12,ERYTHROMYCIN 500MG (ERYTHCIN) X100,ERYTHROMYCIN 500MG (ERYTHCIN) X100,0,0,2,8,4,GENERICS-RX,N/A,0,0,0
4.80652E+12,ERYTHROMYCIN 500MG (MONPHEVIN) X100 TAB,ERYTHROMYCIN 500MG (MONPHEVIN) X100 TAB,0,0,548,10,4.4,GENERICS-RX,N/A,0,0,0
8.90604E+12,ERYTHROMYCIN 500MG TAB (ERYSAPH) X100,ERYTHROMYCIN 500MG TAB (ERYSAPH) X100,0,0,0,6,2.92,GENERICS-RX,N/A,0,0,0
4.80026E+12,ERYTHROMYCIN EYE OINT (OPTRYL) 5G,ERYTHROMYCIN EYE OINT (OPTRYL) 5G,0,0,0,245,122,GENERICS-RX,N/A,0,0,0
4.8E+12,ESKINOL FC CLASSIC 135ML,ESKINOL FC CLASSIC 135ML,0,0,1,81,73.57,PERSONAL CARE,N/A,0,0,0
4.8E+12,ESKINOL FC CLASSIC GLOW 75ML,ESKINOL FC CLASSIC GLOW 75ML,0,0,2,48,43.16,PERSONAL CARE,N/A,0,0,0
4.8E+12,ESKINOL FC CLASSIC GLOW WG 75ML,ESKINOL FC CLASSIC GLOW WG 75ML,0,0,2,48,43.16,PERSONAL CARE,N/A,0,0,0
4.8E+12,ESKINOL FC CLASSIC W/ GRAINS 135ML,ESKINOL FC CLASSIC W/ GRAINS 135ML,0,0,2,81,73.59,PERSONAL CARE,N/A,0,0,0
4.8E+12,ESKINOL FC CLASSIC W/ GRAINS 225ML,ESKINOL FC CLASSIC W/ GRAINS 225ML,0,0,7,135,120.25,PERSONAL CARE,N/A,0,0,0
4.8E+12,ESKINOL FC CLASSIC WHITE 225ML,ESKINOL FC CLASSIC WHITE 225ML,0,0,4,110,120.25,PERSONAL CARE,N/A,0,0,0
4.80679E+12,ESKINOL FC PIMPLE FIGHT 135ML,ESKINOL FC PIMPLE FIGHT 135ML,0,0,4,81,73.354,PERSONAL CARE,N/A,0,0,0
4.80679E+12,ESKINOL FC PIMPLE FIGHT 225ML,ESKINOL FC PIMPLE FIGHT 225ML,0,0,2,135,120.25,PERSONAL CARE,N/A,0,0,0
48034050,ESKINOL FC PIMPLE FIGHT 75ML,ESKINOL FC PIMPLE FIGHT 75ML,0,0,2,48,43.16,PERSONAL CARE,N/A,0,0,0
4.80679E+12,ESKINOL FC SMOOTH PAPAYA 135ML,ESKINOL FC SMOOTH PAPAYA 135ML,0,0,5,81,73.594,PERSONAL CARE,N/A,0,0,0
4.80679E+12,ESKINOL FC SMOOTH PAPAYA 225ML,ESKINOL FC SMOOTH PAPAYA 225ML,0,0,1,135,119.09,PERSONAL CARE,OHANA TRADING CORPORATION,0,0,0
4.80679E+12,ESKINOL FC SMOOTH PAPAYA 75ML,ESKINOL FC SMOOTH PAPAYA 75ML,0,0,4,48,43.16,PERSONAL CARE,N/A,0,0,0
4.8E+12,ESKINOL FC SPOTLESS CAL 135ML,ESKINOL FC SPOTLESS CAL 135ML,0,0,2,81,73.59,PERSONAL CARE,N/A,0,0,0
4.8E+12,ESKINOL FC SPOTLESS CAL 225ML,ESKINOL FC SPOTLESS CAL 225ML,0,0,3,135,120.25,PERSONAL CARE,N/A,0,0,0
48038164,ESKINOL FC SPOTLESS CAL 75ML,ESKINOL FC SPOTLESS CAL 75ML,0,0,3,48,43.16,PERSONAL CARE,N/A,0,0,0
4.80089E+12,ESKINOL FC TEENS 135ML,ESKINOL FC TEENS 135ML,0,0,1,81,73.6,PERSONAL CARE,N/A,0,0,0
4.80089E+12,ESKINOL FC TEENS 225ML,ESKINOL FC TEENS 225ML,0,0,0,106,96.05,PERSONAL CARE,N/A,0,0,0
4.80089E+12,ESKINOL FC TEENS 75ML,ESKINOL FC TEENS 75ML,0,0,-1,48,43.16,PERSONAL CARE,N/A,0,0,0
4.80652E+12,ESOMEPRAZOLE 40MG CAP (ESMEGERD) X28,ESOMEPRAZOLE 40MG CAP (ESMEGERD) X28,0,0,-61,10,5,GENERICS-RX,N/A,0,0,0
4.80652E+12,ESOMEPRAZOLE 40MG CAP (ESOMAP) X98 CAP,ESOMEPRAZOLE 40MG CAP (ESOMAP) X98 CAP,0,0,212,8,3.47,GENERICS-RX,N/A,0,0,0
8.90419E+12,ESOTAZ 40MG CAP X30,ESOTAZ 40MG CAP X30,0,0,56,10,4.5,GENERICS-RX,N/A,0,0,0
4.80014E+12,ESSENTIALE FORTE P CAP X50,ESSENTIALE FORTE P CAP X50,0,0,89,39,36.68909091,BRANDED-OTC,N/A,0,0,0
1.89041E+13,ETORICOXIB 120MG (XIBORA) TAB X50,ETORICOXIB 120MG (XIBORA) TAB X50,0,0,0,14,7,GENERICS-RX,N/A,0,0,0
4.80651E+12,ETORICOXIB 120MG TAB (ETIROX) X30,ETORICOXIB 120MG TAB (ETIROX) X30,0,0,0,16,7.8,GENERICS-RX,N/A,0,0,0
8.90604E+12,ETORICOXIB 120MG TAB (SAPHETOR 120) X30,ETORICOXIB 120MG TAB (SAPHETOR 120) X30,0,0,2,15,7.24,GENERICS-RX,N/A,0,0,0
8.90604E+12,ETORICOXIB 90MG TAB (SAPHETOR) X30,ETORICOXIB 90MG TAB (SAPHETOR) X30,0,0,0,12,5.67,GENERICS-RX,N/A,0,0,0
4.80604E+12,ETOXIA 120MG TAB ,ETORICOXIB (ETOXIA 120MG) X30 TAB,0,0,203,13,5.32972192,GENERICS-RX,N/A,0,0,0
4.80652E+12,ETOXIA 90MG TAB ,ETORICOXIB (ETOXIA 90MG) X30 TAB,0,0,120,12,5,GENERICS-RX,N/A,0,0,0
4.80057E+12,EUROCAINE HCL IV 20MG/ML 5ML,EUROCAINE IV 5ML,0,0,25,46,23,INTRAVENOUS SOLN,NTPK,0,0,0
4.80057E+12,EUROMED PNSS 1L,EUROMED PNSS 1L,0,0,10,135,65.314,INTRAVENOUS SOLN,N/A,0,0,0
4.80057E+12,EUROSOL-M IN D5W 1L,EUROSOL-M IN D5W 1L,0,0,10,115,65,INTRAVENOUS SOLN,N/A,0,0,0
4.80057E+12,EUROSOL-R IN D5 WATER (EUROMED) 1L,EUROSOL-R IN D5 WATER (EUROMED) 1L,0,0,3,115,65,INTRAVENOUS SOLN,N/A,0,0,0
4.80025E+12,EUTHYROX TAB 100MCG X100,EUTHYROX TAB 100MCG X100,0,0,38,20,17.75,BRANDED-RX,N/A,0,0,0
4.80025E+12,EUTHYROX TAB 150MCG X100,EUTHYROX TAB 150MCG X100,0,0,28,31,29.04747066,GENERICS-OTC,N/A,0,0,0
4.80025E+12,EUTHYROX TAB 25MCG X100,EUTHYROX TAB 25MCG X100,0,0,94,8,7.29,BRANDED-RX,N/A,0,0,0
4.80025E+12,EUTHYROX TAB 50MCG X100,EUTHYROX TAB 50MCG X100,0,0,81,12,10.17846154,BRANDED-RX,N/A,0,0,0
5031073144,EVENING PRIMROSE 1000MG (MEDIROSE) X30,EVENING PRIMROSE 1000MG (MEDIROSE) X30,0,0,91,10,3.67,GENERICS-OTC,N/A,0,0,0
4.80653E+12,EVENING PRIMROSE 1G (BLISSROSE) X100,EVENING PRIMROSE 1G (BLISSROSE) X100,0,0,75,5,2.47,GENERICS-OTC,N/A,0,0,0
3.48E+13,EVEREADY BATTERY AA BLACK 48S,EVEREADY BATTERY AA BLACK 48S,0,0,22,40,35.5,OTHERS,N/A,0,0,0
8.88802E+12,EVEREADY BATTERY AAA BLACK 40S,EVEREADY BATTERY AAA BLACK 40S,0,0,19,60,52.76,OTHERS,N/A,0,0,0
2.05281E+14,EXACT PREGNANCY TEST X50,EXACT PREGNANCY TEST X50,0,0,-2,40,7,MEDICAL SUPPLIES,N/A,0,0,0
4.80779E+12,EXFLEM 600MG GRANULES X30,EXFLEM 600M GRANULES X30,0,0,19,41,38.81,BRANDED-RX,N/A,0,0,0
4.80779E+12,EXFLEM 600MG TABX10,ACETYLYSTEINE (EXFLEM) 600MG TAB,0,0,0,387,368.12,BRANDED-RX,UNITED LINK PHARMACEUTICAL DISTRIBUTION,0,0,0
8.46666E+14,EXIGO 16MG TAB X100,EXIGO 16MG TAB X100,0,0,23,58,54.36,BRANDED-RX,N/A,0,0,0
8.40165E+11,EXLUTON PILLS 28,EXLUTON PILLS 28,0,0,2,205,192.5,BRANDED-OTC,N/A,0,0,0
4.80779E+12,EXPEL DROPS 15ML,EXPEL 6MG/ML DROPS 15ML,0,0,3,123,116.77,BRANDED-OTC,N/A,0,0,0
4.80779E+12,EXPEL SYR 60ML,EXPEL 15MG/5ML SYR 60ML,0,0,11,145,135.15,BRANDED-OTC,N/A,0,0,0
8.88502E+12,EYE MO DAILY CARE(G) 7.5ML,EYE MO DAILY CARE(G) 7.5ML,0,0,13,100,89.07876436,BRANDED-OTC,N/A,0,0,0
8.88502E+12,EYE MO MOIST(B) DROPS 7.5ML,EYE MO MOIST(B) DROPS 7.5ML,0,0,11,100,93.50699415,BRANDED-OTC,N/A,0,0,0
8.88502E+12,EYE MO RED DROPS 7.5ML,EYE MO RED DROPS 7.5ML,0,0,9,100,83.10923077,BRANDED-OTC,N/A,0,0,0
4.80901E+12,EYEBERRY CAP X100,EYEBERRY CAP X100,0,0,20,17,14.96,BRANDED-OTC,N/A,0,0,0
4.80006E+12,EZ LUB JELLY 10G,EZ LUB JELLY 10G,0,0,19,30,26.77049263,BRANDED-OTC,N/A,0,0,0
4.80006E+12,EZ LUB JELLY 5G,EZ LUB JELLY 5G,0,0,22,30,19.69,BRANDED-OTC,N/A,0,0,0
4.80779E+12,E-ZINC 27.5MG/ML DROPS 15ML,E-ZINC 27.5MG/ML DROPS 15ML,0,0,8,105,98.52964286,BRANDED-OTC,N/A,0,0,0
4.80779E+12,E-ZINC 55MG/ML SYR 60ML,E-ZINC 55MG/ML SYR 60ML,0,0,7,111,104.9848214,BRANDED-OTC,N/A,0,0,0
4.80653E+12,FACE MASK (PARTNERS),DISPOSABLE FACE MASK (PARTNERS),0,0,105,3,1,MEDICAL SUPPLIES,NTPK,0,0,0
4.80015E+12,FARLIN NIPPLE CROSS CUT X12,FARLIN NIPPLE CROSS CUT X12,0,0,4,28,25,BABY PRODUCTS,N/A,0,0,0
49552388,FEBUMAX 40MG TAB X100,FEBUXOSTAT(FEBUMAX) 40MG TABX100,0,0,109,8,2.8,GENERICS-RX,PRIMECARE,0,0,0
4.80604E+12,FEBUXOSAPH 40MG (XURIC) TAB X30,FEBUXOSAPH 40MG (XURIC) TAB X30,0,0,0,8,3.634720368,GENERICS-RX,N/A,0,0,0
8.90203E+12,FEBUXOSTAT 40MG (GRAXOSTAT) TAB X30,FEBUXOSTAT 40MG (GRAXOSTAT) TAB X30,0,0,0,9,4.5,GENERICS-RX,N/A,0,0,0
8.90416E+12,FEBUXOSTAT 40MG TAB (FEBUDAY) X30,FEBUXOSTAT 40MG TAB (FEBUDAY) X30,0,0,0,20,13.33,GENERICS-RX,N/A,0,0,0
8.90802E+12,FEBUXOSTAT 40MG TAB (FEBUXOSAPH) X30,FEBUXOSTAT 40MG TAB (FEBUXOSAPH) X30,0,0,336,8,2.67,GENERICS-RX,N/A,0,0,0
8.90612E+12,FEBUXOSTAT 40MG TAB (FEVORICA) X30,FEBUXOSTAT 40MG TAB (FEVORICA) X30,0,0,0,16,7.66,GENERICS-RX,N/A,0,0,0
8.90802E+12,FEBUXOSTAT 80MG (SAPHXOSTAT) TAB X30,FEBUXOSTAT 80MG (SAPHXOSTAT) TAB X30,0,0,180,15,6.380541516,GENERICS-RX,N/A,0,0,0
4.80653E+12,FEBUXOSTAT 80MG TAB (BLISOGOUT) X30,FEBUXOSTAT 80MG TAB (BLISOGOUT) X30,0,0,0,27,13.17,GENERICS-RX,N/A,0,0,0
4.80652E+12,FEBUXOSTAT 80MG TAB (FEBUNOL) X30,FEBUXOSTAT 80MG TAB (FEBUNOL) X30,0,0,0,20,9.73,GENERICS-RX,N/A,0,0,0
1661504409,FEEDING BOTTLE 2OZ,FEEDING BOTTLE 2OZ,0,0,2,60,54,BABY PRODUCTS,N/A,0,0,0
1733179347,FEEDING BOTTLE 5OZ,FEEDING BOTTLE 5OZ,0,0,0,84,42,BABY PRODUCTS,N/A,0,0,0
8.85085E+12,FEEDING BOTTLE 8OZ,FEEDING BOTTLE 8OZ,0,0,5,70,59.25,BABY PRODUCTS,N/A,0,0,0
8.85085E+12,FEEDING BOTTLE PLAIN 4OZ,FEEDING BOTTLE PLAIN 4OZ,0,0,1,56,56,BABY PRODUCTS,MEDTRIO CONSUMER GOODS TRADING,0,0,0
94705143,FEEDING BOTTLE WIDE NECK (FROZEN)12OZ,FEEDING BOTTLE WIDE NECK (FROZEN)12OZ,0,0,4,100,90,BABY PRODUCTS,MEDTRIO CONSUMER GOODS TRADING,0,0,0
13132059,FEEDING BOTTLE WIDENECK 11OZ,FEEDING BOTTLE WIDENECK 11OZ,0,0,0,100,75,BABY PRODUCTS,,0,0,0
4.80652E+12,FELODIPINE 10MG TAB (FELOSTAR) X30,FELODIPINE 10MG TAB (FELOSTAR) X30,0,0,127,10,4.67,GENERICS-RX,N/A,0,0,0
4.80901E+12,FELODIPINE 5MG TAB (FELOSTAL) X100,FELODIPINE 5MG TAB (FELOSTAL) X100,0,0,444,6,2.610864937,GENERICS-RX,N/A,0,0,0
4242544207,FEMME BATH TISSUE 2PLY,FEMME BATH TISSUE 2PLY,0,0,0,10,9,SANPRO,N/A,0,0,0
4.80652E+12,FENOFIBRATE 160MG (FENOBLAST) 160MG TAB X100,FENOFIBRATE 160MG (FENOBLAST) 160MG TAB X100,0,0,0,16,8,GENERICS-RX,N/A,0,0,0
8.90803E+12,FENOFIBRATE 160MG (FENOCRON) X100 CAPSULE,FENOFIBRATE 160MG (FENOCRON) X100 CAPSULE,0,0,90,7,3.5,GENERICS-RX,,0,0,0
8.90604E+12,FENOFIBRATE 160MG (FENOSAPH) X100 CAPSULE,FENOFIBRATE 160MG (FENOSAPH) X100 CAPSULE,0,0,646,5,2.058604282,GENERICS-RX,N/A,0,0,0
8.90413E+12,FENOFIBRATE 160MG TAB (FENO-TG) X30,FENOFIBRATE 160MG TAB (FENO-TG) X30,0,0,0,18,8.83,GENERICS-RX,N/A,0,0,0
4.80604E+12,FENOFIBRATE 200MG (FENOCARE) CAP X100,FENOFIBRATE 200MG (FENOCARE) CAP X100,0,0,18,5,2.500795455,GENERICS-RX,N/A,0,0,0
5719879434,FENOFIBRATE 200MG CAP (FENOSAPH) X100,FENOFIBRATE 200MG CAP (FENOSAPH) X100,0,0,0,6,2,GENERICS-RX,N/A,0,0,0
8.90605E+12,FENOFIBRATE 200MG CAP (LOTRILIP) X30,FENOFIBRATE 200MG CAP (LOTRILIP) X30,0,0,0,9,4.22,GENERICS-RX,N/A,0,0,0
4.80604E+12,FENOFIBRATE 20MG (FENOSOL) CAP X100,FENOFIBRATE 20MG (FENOSOL) CAP X100,0,0,0,6,2.35,BRANDED-RX,N/A,0,0,0
4.80779E+12,FENOFLEX 160MG TAB X30,FENOFLEX 160MG TAB X30,0,0,41,40,37.56804878,BRANDED-RX,N/A,0,0,0
4.80604E+12,FENORIX 200MG CAPX100,FENOFIBRATE (FENORIX) 200MG CAPX100,0,0,231,6,1.936728607,GENERICS-RX,PRIMECARE,0,0,0
4.80652E+12,FENOSTAT 10MG/160MG TAB X30,FENOSTAT 10MG/160MG TAB X30,0,0,45,25,22.41977528,BRANDED-RX,N/A,0,0,0
4.80651E+12,FERALAC CAPX100,MALUNGGAY 500MG CAP (FERALAC)X100,0,0,1573,4,1.3,GENERICS-OTC,N/A,0,0,0
4.80779E+12,FERLIN DROPS 15ML,FERLIN DROPS 15ML,0,0,5,172,163.44,BRANDED-OTC,N/A,0,0,0
4.80779E+12,FERLIN SYRUP 120ML,FERLIN SYRUP 120ML,0,0,4,382,363.54,BRANDED-OTC,N/A,0,0,0
4.80779E+12,FERLIN VITA SYR 100ML,FERLIN VITA SYR 100ML,0,0,2,328,327.7,BRANDED-OTC,N/A,0,0,0
6229809572,FERN C PLUS CAP X100,FERN C PLUS CAP X100,0,0,0,9,7.8,BRANDED-OTC,N/A,0,0,0
4.8065E+12,FERN-C CAP X30,FERN-C 568.18 MG CAP X30,0,0,44,10,8.388888889,BRANDED-OTC,N/A,0,0,0
4.80604E+12,FERROLIC TAB,FESO4+FOLIC 300/250MG (FERROLIC) TAB X100,0,0,5,2,0.65,GENERICS-OTC,PRIMECARE,0,0,0
4.80653E+12,FERROUS + FOLIC CAP (FERLUM PLUS) X100,FERROUS + FOLIC CAP (FERLUM PLUS) X100,0,0,110,2,0.897861842,BRANDED-OTC,N/A,0,0,0
4.80901E+12,FERROUS FUMARATE + FA (FORAMEFER) CAP X100,FERROUS FUMARATE + FA (FORAMEFER) CAP X100,0,0,0,5,2.5,GENERICS-OTC,N/A,0,0,0
4.80651E+12,FERROUS SO4 325MG TAB (FERRICORE) X100,FERROUS SO4 325MG TAB (FERRICORE) X100,0,0,825,2,0.58,GENERICS-OTC,N/A,0,0,0
4.80653E+12,FERROUS SULFATE (FERLUM) SYR 60ML,FERROUS SULFATE (FERLUM) SYR 60ML,0,0,0,32,16,GENERICS-OTC,N/A,0,0,0
4.8003E+12,FERROUS SULFATE 150MG/5ML (FEROLEM) 60ML,FERROUS SULFATE 150MG/5ML (FEROLEM) 60ML,0,0,0,36,18,GENERICS-RX,N/A,0,0,0
1852362378,FESO4 + FOLIC 300MG/250MCG TAB (FEROLITAB) X100,FESO4 + FOLIC 300MG/250MCG TAB (FEROLITAB) X100,0,0,735,2,0.618027211,GENERICS-OTC,N/A,0,0,0
4.80653E+12,FEVERBLES 150MG/ML  X10AMP,PARACETAMOL (FEVERBLESS) 150MG/ML X10AMP,0,0,0,15,10,INTRAVENOUS SOLN,,0,0,0
8.90601E+12,FINASTERIDE 5MG (FINAPROS) X100,FINASTERIDE 5MG (FINAPROS) X100,0,0,0,11,5.48,GENERICS-RX,N/A,0,0,0
3.86752E+13,FINASTERIDE 5MG (SAPHTERIDE) TAB X100,FINASTERIDE 5MG (SAPHTERIDE) TAB X100,0,0,428,9,4.5,BRANDED-RX,N/A,0,0,0
4.80653E+12,FINASTERIDE 5MG TAB (PELOSTA) X100,FINASTERIDE 5MG TAB (PELOSTA) X100,0,0,0,11,5.5,GENERICS-RX,N/A,0,0,0
4.80652E+12,FIONA COLOGNE BUBBLY PINK 100ML,FIONA COLOGNE BUBBLY PINK 100ML,0,0,0,45,39.77,PERSONAL CARE,N/A,0,0,0
4.80652E+12,FIONA COLOGNE BUBBLY PINK 50ML,FIONA COLOGNE BUBBLY PINK 50ML,0,0,0,30,24.73,PERSONAL CARE,N/A,0,0,0
4.80652E+12,FIONA COLOGNE BUBBLY PINK 75ML,FIONA COLOGNE BUBBLY PINK 75ML,0,0,0,35,29.83,PERSONAL CARE,N/A,0,0,0
4.80652E+12,FIONA COLOGNE ICE GLACIER 50ML,FIONA COLOGNE ICE GLACIER 50ML,0,0,0,28,23.28,PERSONAL CARE,N/A,0,0,0
4.80652E+12,FIONA COLOGNE PRETTY MIST 100ML,FIONA COLOGNE PRETTY MIST 100ML,0,0,8,46,41,PERSONAL CARE,N/A,0,0,0
4.80652E+12,FIONA COLOGNE PRETTY MIST 50ML,FIONA COLOGNE PRETTY MIST 50ML,0,0,0,30,24.74,PERSONAL CARE,N/A,0,0,0
4.80652E+12,FIONA COLOGNE PRETTY MIST 75ML,FIONA COLOGNE PRETTY MIST 75ML,0,0,-1,35,29.83,PERSONAL CARE,N/A,0,0,0
4.80652E+12,FIONA COLOGNE RASPBERRY 100ML,FIONA COLOGNE RASPBERRY 100ML,0,0,7,45,39.77,PERSONAL CARE,N/A,0,0,0
4.80652E+12,FIONA COLOGNE RASPBERRY 50ML,FIONA COLOGNE RASPBERRY 50ML,0,0,8,30,24.99,PERSONAL CARE,N/A,0,0,0
4.80652E+12,FIONA COLOGNE RASPBERRY 75ML,FIONA COLOGNE RASPBERRY 75ML,0,0,0,35,29.83,PERSONAL CARE,N/A,0,0,0
4.80652E+12,FIONA COLOGNE ROSY RED 100ML,FIONA COLOGNE ROSY RED 100ML,0,0,13,46,41,PERSONAL CARE,N/A,0,0,0
4.80652E+12,FIONA COLOGNE ROSY RED 25ML,FIONA COLOGNE ROSY RED 25ML,0,0,0,15,13.33,PERSONAL CARE,N/A,0,0,0
4.80652E+12,FIONA COLOGNE ROSY RED 75ML,FIONA COLOGNE ROSY RED 75ML,0,0,-9,30,29.83,PERSONAL CARE,N/A,0,0,0
4.80652E+12,FIONA COLOGNEROSY RED 50ML,FIONA COLOGNEROSY RED 50ML,0,0,12,28,24.74,PERSONAL CARE,N/A,0,0,0
4.80652E+12,FISH OIL 100MG (AMB-OMEGA) X30,FISH OIL 100MG (AMB-OMEGA) X30,0,0,-70,8,3.67,GENERICS-OTC,N/A,0,0,0
6.25273E+11,FISH OIL WEBBER 1000MG,FISH OIL WEBBER 1000MG X300,0,0,80,7,4.33,BRANDED-OTC,N/A,0,0,0
96104026,FISHERMANS FRIEND MANDARIN & GINGER 25G,FISHERMANS FRIEND MANDARIN & GINGER 25G,0,0,0,60,54,BRANDED-OTC,N/A,0,0,0
50682034,FISHERMANS FRIENDS ORIG 25G,FISHERMANS FRIENDS ORIG 25G,0,0,0,60,54,BRANDED-OTC,N/A,0,0,0
4.80679E+12,FISSAN FOOT DEO POWDER 100G,FISSAN FOOT DEO POWDER 100G,0,0,0,125,111.95,PERSONAL CARE,N/A,0,0,0
4.80679E+12,FISSAN FOOT DEO POWDER 25G,FISSAN FOOT DEO POWDER 25G,0,0,0,82,74.48,PERSONAL CARE,N/A,0,0,0
4.80679E+12,FISSAN FOOT DEO POWDER 50G,FISSAN FOOT DEO POWDER 50G,0,0,0,82,72.99,PERSONAL CARE,N/A,0,0,0
4.80679E+12,FISSAN PRICKLY HEAT 25G,FISSAN PRICKLY HEAT 25G,0,0,0,40,35.28,PERSONAL CARE,N/A,0,0,0
4.80679E+12,FISSAN PRICKLY HEAT EXTRA COOL POWDER 100G,FISSAN PRICKLY HEAT EXTRA COOL POWDER 100G,0,0,0,140,127,PERSONAL CARE,N/A,0,0,0
4.80679E+12,FISSAN PRICKLY HEAT EXTRA COOL POWDER 50G,FISSAN PRICKLY HEAT EXTRA COOL POWDER 50G,0,0,0,81,72.99,PERSONAL CARE,N/A,0,0,0
4.80679E+12,FISSAN PRICKLY HEAT POWDER 100G,FISSAN PRICKLY HEAT POWDER 100G,0,0,0,140,114.3,PERSONAL CARE,N/A,0,0,0
4.80679E+12,FISSAN PRICKLY HEAT POWDER 50G,FISSAN PRICKLY HEAT POWDER 50G,0,0,0,81,72.99,PERSONAL CARE,N/A,0,0,0
4.80089E+12,FISSAN SOOTHING BABY POWDER 25G,FISSAN SOOTHING BABY POWDER 25G,0,0,0,40,34.57,PERSONAL CARE,N/A,0,0,0
4.80089E+12,FISSAN SOOTHING BABY POWDER 50G,FISSAN SOOTHING BABY POWDER 50G,0,0,0,82,72.99,PERSONAL CARE,N/A,0,0,0
4.80042E+12,FIX CLAY DOH MOLDING CLAY 25G,FIX CLAY DOH MOLDING CLAY 25G,0,0,14,60,51.36428571,PERSONAL CARE,N/A,0,0,0
4.80042E+12,FIX CLAY DOH SACHET 4G,FIX CLAY DOH SACHET 4G,0,0,25,6,4.67,PERSONAL CARE,N/A,0,0,0
4.80035E+12,FIXCOM 4 TAB X80,FIXCOM 4 TAB X80,0,0,60,11,9.68,BRANDED-RX,N/A,0,0,0
4.80014E+12,FLAGYL 125MG/5ML SUSP 60ML,FLAGYL 125MG/5ML SUSP 60ML,0,0,3,160,150.68,BRANDED-RX,N/A,0,0,0
2.904E+13,FLAGYL FORTE 500MG TAB X100,FLAGYL FORTE 500MG TAB X100,0,0,0,45,42.59,BRANDED-RX,N/A,0,0,0
4.80014E+12,"FLAGYSTATIN 500MG/100,000 I.U",METRONIDAZOLE + NYSTATIN (FLAGYSTATIN),0,0,5,175,165.38,BRANDED-RX,,0,0,0
6571138971,FLANAX 275MG TAB X500,FLANAX 275MG TAB X500,0,0,22,12,10.56,BRANDED-OTC,N/A,0,0,0
2391275116,FLANAX FTE 550MG TAB X250,FLANAX FTE 550MG TAB X250,0,0,89,23,20.91803415,BRANDED-RX,N/A,0,0,0
8.9952E+12,FLANAX HOT TOPICAL CREAM 15G,FLANAX HOT CREAM 15G,0,0,0,90,80.14,BRANDED-OTC,N/A,0,0,0
8.9952E+12,FLANAX PLUS TOPICAL GEL 25G,FLANAX PLUS TOPICAL GEL 25G,0,0,0,198,188.35,BRANDED-OTC,N/A,0,0,0
4.80012E+12,FLAWLESSLY U GREEN PAPAYA 125G,FLAWLESSLY U GREEN PAPAYA 125G,0,0,0,46,40.87,PERSONAL CARE,N/A,0,0,0
4.80012E+12,FLAWLESSLY U LOTION PAPAYA+CALAMANSI 300ml,FLAWLESSLY U LOT PAPAYA+CALAMANSI 300ml spf 10,0,0,0,165,81,PERSONAL CARE,WATSONS,0,0,0
4.80012E+12,FLAWLESSLY U SOAP ORANGE 90G,FLAWLESSLY U SOAP ORANGE 90G,0,0,2,36,31.31,PERSONAL CARE,N/A,0,0,0
35748452,FLEXIPRO CAPSULE,FLEXIPRO CAPSULE FOOD SUPPLEMENT X30,0,0,0,37,33,CONSIGNMENT ITEM,GREENCORE PHARMA INC.,0,0,0
4.80779E+12,FLOTERA 100M CFU 0.3G,FLOTERA 100M CFU 0.3G,0,0,24,43,40.04,BRANDED-OTC,N/A,0,0,0
6.95534E+14,FLOTERA CHEWABLE TAB X100,FLOTERA CHEWABLE TAB X100,0,0,0,40,38.08,BRANDED-OTC,N/A,0,0,0
4.80779E+12,FLOTERA DROPS 5ML,FLOTERA DROPS 5ML,0,0,2,1040,988.58,BRANDED-OTC,N/A,0,0,0
4.52028E+14,FLUCONAZOLE 150MG (DIFLUZOL) CAP 1s,FLUCONAZOLE 150MG (DIFLUZOL) CAP 1s,0,0,0,30,15,GENERICS-RX,N/A,0,0,0
4.80902E+12,FLUCONAZOLE 150MG (FLUCONOBAS) CAP X5,FLUCONAZOLE 150MG (FLUCONOBAS) CAP X5,0,0,20,25,12.4,GENERICS-RX,MEDCENTRAL PHARMAAND MEDICAL SUPPLIES DISTRIBUTION,0,0,0
4.80902E+12,FLUCONAZOLE 150MG (FLUX) X100,FLUCONAZOLE 150MG (FLUX) X100,0,0,0,21,10.05,GENERICS-RX,N/A,0,0,0
8.90604E+12,FLUCONAZOLE 150MG (SAPHLUCAZ) CAP X12,FLUCONAZOLE 150MG (SAPHLUCAZ) CAP X12,0,0,0,15,6.72,GENERICS-RX,N/A,0,0,0
4.80652E+12,FLUCONAZOLE 150MG CAP (DIFLU-150) X12,FLUCONAZOLE 150MG CAP (DIFLU-150) X12,0,0,0,18,9,GENERICS-RX,N/A,0,0,0
8.90601E+12,FLUCYSTEINE 600MG X10,FLUCYSTEINE 600MG X10,0,0,16,25,12,CONSIGNMENT ITEM,N/A,0,0,0
4.80031E+12,FLUIMUCIL EFF TAB 600MG X30,FLUIMUCIL EFF TAB 600MG X30,0,0,35,37,30.68,BRANDED-RX,N/A,0,0,0
4.80031E+12,FLUIMUCIL SACHET 100MG X30,FLUIMUCIL SACHET 100MG X30,0,0,19,13,11.33,BRANDED-RX,N/A,0,0,0
4.80031E+12,FLUIMUCIL SACHET 200MG X30,FLUIMUCIL SACHET 200MG X30,0,0,50,17,14.78,BRANDED-RX,N/A,0,0,0
4.80603E+12,FLUOCINOLONE (APLOSYN -10) 5G,FLUOCINOLONE (APLOSYN -10) 5G0,0,0,0,125,110.36,BRANDED-RX,N/A,0,0,0
4.80603E+12,FLUOCINOLONE (APLOSYN -25) 5G,FLUOCINOLONE (APLOSYN -25) 5G,0,0,2,136,121.93,BRANDED-RX,N/A,0,0,0
6742260937,FOLART 5MG CAP X100,FOLART 5MG CAP X100,0,0,93,11,9.68,BRANDED-OTC,N/A,0,0,0
4.80652E+12,FOLART DROPS 30ML,FOLART DROPS 30ML,0,0,1,138,129.6,BRANDED-RX,DYNA DRUG CORP.,0,0,0
4.80652E+12,FOLART SYR 5MG/5ML,FOLIC ACID (FOLART) 5MG/5ML 60ML,0,0,3,125,117,BRANDED-RX,DYNA DRUG CORP.,0,0,0
4.80603E+12,FOLEY CATHETER FR18,FOLEY CATHETER FR18,0,0,2,70,34,MEDICAL SUPPLIES,N/A,0,0,0
6.32644E+14,FOLIC ACID 5MG (FOLISAPH) CAP X100,FOLIC ACID 5MG (FOLISAPH) CAP X100,0,0,15,3,1,GENERICS-RX,N/A,0,0,0
4.80034E+12,FOLIC ACID 5MG CAP (INFACARE) X100,FOLIC ACID 5MG CAP (INFACARE) X100,0,0,999,3,1.1,GENERICS-RX,N/A,0,0,0
4019793769,FORTI-D 800IU SG CAPSULE,FORTI-D 800IU SG CAPSULE,0,0,65,8,6.7,BRANDED-OTC,N/A,0,0,0
4.80014E+12,FORTIMA TAB X30,FORTIMA TAB X30,0,0,0,12,11.36,BRANDED-OTC,N/A,0,0,0
4.80023E+12,FORXIGA 10MG TAB X28,FORXIGA 10MG TAB X28,0,0,17,35,32.39582998,BRANDED-RX,N/A,0,0,0
4.80651E+12,FOSKINA B OINT 5G,FOSKINA B OINT 5G,0,0,3,487,452.76,BRANDED-RX,N/A,0,0,0
4.80651E+12,FOSKINA OINT 5G,FOSKINA OINT 5G,0,0,2,276,262.24,BRANDED-OTC,N/A,0,0,0
4.80652E+12,FREDTOR 80MG ,ATORVASTATIN 80MG (FREDTOR) TAB X100,0,0,418,10,2.3,GENERICS-RX,FC ANDRES,0,0,0
4.80652E+12,FRESH ECONOROLL TISSUE,FRESH ECONOROLL TISSUE,0,0,22,10,6.9,SANPRO,N/A,0,0,0
4.80651E+12,FRUIT LOLLIES GRAPE,FRUIT LOLLIES GRAPE,0,0,-1,10,7.4,FOOD & BEVERAGES,N/A,0,0,0
4.80651E+12,FRUIT LOLLIES GREEN APPLE,FRUIT LOLLIES GREEN APPLE,0,0,-1,10,7.4,FOOD & BEVERAGES,N/A,0,0,0
4.80651E+12,FRUIT LOLLIES LEMON,FRUIT LOLLIES LEMON,0,0,11,10,7.4,FOOD & BEVERAGES,N/A,0,0,0
8.88669E+14,FRUIT LOLLIES ORANGE,FRUIT LOLLIES ORANGE,0,0,-2,10,7.4,FOOD & BEVERAGES,N/A,0,0,0
4.80651E+12,FRUIT LOLLIES WATERMELON,FRUIT LOLLIES WATERMELON,0,0,5,10,7.4,FOOD & BEVERAGES,N/A,0,0,0
4.80652E+12,FUNGISOL 4ML,FUNGISOL 4ML,0,0,3,170,160.2,GENERICS-RX,N/A,0,0,0
4.8065E+12,FURAZOLIDONE 50MG/15ML SYR (URAZOLE) 60ML,FURAZOLIDONE 50MG/15ML SYR (URAZOLE) 60ML,0,0,27,50,23,GENERICS-RX,N/A,0,0,0
4.80652E+12,FUROSEMIDE 20MG TAB (DM) X100,FUROSEMIDE 20MG TAB (DM) X100,0,0,1098,2,0.378783593,GENERICS-RX,N/A,0,0,0
4.80652E+12,FUROSEMIDE 40MG (UROMID) TAB X100,FUROSEMIDE 40MG (UROMID) TAB X100,0,0,383,2,0.454438265,GENERICS-RX,N/A,0,0,0
4.80652E+12,FUROSEMIDE 40MG TAB (FUSEDEX) X100,FUROSEMIDE 40MG TAB (FUSEDEX) X100,0,0,593,2,0.45,GENERICS-RX,N/A,0,0,0
4.80604E+12,FUROSEMIDE AMP (FUROSAM) 2ML X10,FUROSEMIDE AMP (FUROSAM) 2ML X10,0,0,49,10,4.56,INTRAVENOUS SOLN,N/A,0,0,0
4.80902E+12,FUROSEMIDE AMP (LAZIMED) 2ML X10,FUROSEMIDE AMP (LAZIMED) 2ML X10,0,0,0,15,5.5,INTRAVENOUS SOLN,N/A,0,0,0
8.908E+12,FUSIDI ACID 20MG/G CREAM (FUSITAS) 15G,FUSIDI ACID 20MG/G CREAM (FUSITAS) 15G,0,0,0,280,140,GENERICS-RX,N/A,0,0,0
4.80604E+12,FUSIDIC ACID 20MG CREAM,FUSIDIC ACID (FUSIFRED) 20MG CREAM,0,0,4,108,54,GENERICS-OTC,NTPK,0,0,0
4.80005E+12,G. CROSS ETHYL 70% W/ MOIST 150ML,G. CROSS ETHYL 70% W/ MOIST 150ML,0,0,-11,35,31.88,PERSONAL CARE,N/A,0,0,0
4.80005E+12,G. CROSS ETHYL 70% W/ MOIST 250ML,G. CROSS ETHYL 70% W/ MOIST 250ML,0,0,4,50,45.34,PERSONAL CARE,N/A,0,0,0
4.80005E+12,G. CROSS ETHYL 70% W/ MOIST 500ML,G. CROSS ETHYL 70% W/ MOIST 500ML,0,0,0,95,81.09,DRHR,N/A,0,0,0
4.80005E+12,G. CROSS GREEN 70% ALCOHOL 250ML,G. CROSS GREEN 70% ALCOHOL 250ML,0,0,-4,52,44.51,DRHR,N/A,0,0,0
4.80005E+12,G. CROSS ISOPROPYL 70% W/ MOIST 150ML,G. CROSS ISOPROPYL 70% W/ MOIST 150ML,0,0,44,35,31.50809917,DRHR,N/A,0,0,0
4.80005E+12,G. CROSS ISOPROPYL 70% W/ MOIST 250ML,G. CROSS ISOPROPYL 70% W/ MOIST 250ML,0,0,38,55,46.25,DRHR,N/A,0,0,0
4.80005E+12,G. CROSS ISOPROPYL 70% W/ MOIST 300ML SPRAY,G. CROSS ISOPROPYL 70% W/ MOIST 300ML SPRAY,0,0,3,85,80.94,PERSONAL CARE,N/A,0,0,0
4.80005E+12,G. CROSS ISOPROPYL 70% W/ MOIST 500ML,G. CROSS ISOPROPYL 70% W/ MOIST 500ML,0,0,50,95,80.27,DRHR,N/A,0,0,0
4.80005E+12,G. CROSS ISOPROPYL 70% W/ MOIST 60ML,G. CROSS ISOPROPYL 70% W/ MOIST 60ML,0,0,9,22,19.9,PERSONAL CARE,N/A,0,0,0
8.9042E+12,GABAPENTIN 100MG (GABAVEX) TAB X100,GABAPENTIN 100MG (GABAVEX) TAB X100,0,0,18,7,3.5,GENERICS-RX,N/A,0,0,0
2.42739E+14,GABAPENTIN 300MG (GABASAPH) X30,GABAPENTIN 300MG (GABASAPH) X30,0,0,0,10,4.33,GENERICS-RX,N/A,0,0,0
4.80652E+12,GABAPENTIN 300MG CAP (FITFREE) X100,GABAPENTIN 300MG CAP (FITFREE) X100,0,0,133,10,3.95,GENERICS-RX,N/A,0,0,0
4.80032E+12,GALVUS MET 50MG/850MG TABX30,GALVUS MET 50MG/850MG TABX30,0,0,27,35.3,32.44,BRANDED-RX,N/A,0,0,0
4.80032E+12,GALVUSMET 50/500MG TAB X30,GALVUSMET 50/500MG TAB X30,0,0,0,33,31.18,BRANDED-RX,N/A,0,0,0
8.85001E+12,GARD ACTIVE CLEAN 180ML,GARD ACTIVE CLEAN 180ML,0,0,0,125,90,PERSONAL CARE,N/A,0,0,0
8.85001E+12,GARD REF MENTHOL 180ML,GARD REF MENTHOL 180ML,0,0,1,125,90,PERSONAL CARE,N/A,0,0,0
7155729541,GARDAN 500MG TAB X40,GARDAN 500MG TAB X40,0,0,31,35,31.40812709,BRANDED-RX,N/A,0,0,0
8.9923E+12,GARNIER LIGHT/VIT C SERUM CREAM 7ML RESEAL,GARNIER LIGHT/VIT C SERUM CREAM 7ML RESEAL,0,0,24,60,53,PERSONAL CARE,N/A,0,0,0
6.92882E+12,GARNIER MICELLAR OILY 125ML,GARNIER MICELLAR OILY 125ML,0,0,0,125,114,PERSONAL CARE,N/A,0,0,0
8.99499E+12,GARNIER MICELLAR SALICYLIC 125ML,GARNIER MICELLAR SALICYLIC 125ML,0,0,0,142,124.93125,PERSONAL CARE,N/A,0,0,0
6.92882E+12,GARNIER MICELLAR SENSITIVE 125ML,GARNIER MICELLAR SENSITIVE 125ML,0,0,7,142,125.7472222,PERSONAL CARE,N/A,0,0,0
8.99499E+12,GARNIER MICELLAR VITAMIN C 125ML,GARNIER MICELLAR VITAMIN C 125ML,0,0,1,142,123.08,PERSONAL CARE,N/A,0,0,0
6.9024E+12,GARNIER MICELLAR WATER IN OIL 125ML,GARNIER MICELLAR WATER IN OIL 125ML,0,0,3,160,135,PERSONAL CARE,N/A,0,0,0
8.99499E+12,GARNIER SALICYLIC DTC 7ML,GARNIER SALICYLIC DTC 7ML,0,0,4,65,59,PERSONAL CARE,N/A,0,0,0
8.99499E+12,GARNIER SLEEPING MASK 7ML,GARNIER SLEEPING MASK 7ML,0,0,7,60,52,PERSONAL CARE,N/A,0,0,0
8.99499E+12,GARNIER SUNSCREEN SPF50 7ML,GARNIER SUNSCREEN SPF50 7ML,0,0,2,80,71.1,PERSONAL CARE,N/A,0,0,0
8.9923E+12,GARNIER VIT C SERUM CREAM 7ML,GARNIER VIT C SERUM CREAM 7ML,0,0,0,45,36.55,PERSONAL CARE,N/A,0,0,0
8.99499E+12,GARNIER VITAMIN C DTC 7ML,GARNIER VITAMIN C DTC 7ML,0,0,5,65,59,PERSONAL CARE,N/A,0,0,0
4.80393E+12,GATORADE 350ML X24,GATORADE 350ML X24,0,0,0,35,40.83,FOOD & BEVERAGES,N/A,0,0,0
4.80393E+12,GATORADE BLUE 500ML,GATORADE BLUE 500ML,0,0,126,47,40.82,FOOD & BEVERAGES,N/A,0,0,0
4.80393E+12,GATORADE BLUE BOLT 1.5L,GATORADE BLUE BOLT 1.5L,0,0,0,110,98.05,FOOD & BEVERAGES,N/A,0,0,0
4.90281E+12,GATSBY WAX HARD&FREE 25G,GATSBY WAX HARD&FREE 25G,0,0,0,50,44.46,PERSONAL CARE,N/A,0,0,0
4.90281E+12,GATSBY WAX HARD&FREE 75G,GATSBY WAX HARD&FREE 75G,0,0,0,105,92.96,PERSONAL CARE,N/A,0,0,0
4.90281E+12,GATSBY WAX KMAT&HARD 25G,GATSBY WAX KMAT&HARD 25G,0,0,3,50,44.46,PERSONAL CARE,N/A,0,0,0
4.90281E+12,GATSBY WAX POWER SPIKES 25G,GATSBY WAX POWER SPIKES 25G,0,0,3,50,44.46,PERSONAL CARE,N/A,0,0,0
4.90281E+12,GATSBY WAX THC NORMAL 6G,GATSBY WAX THC NORMAL 6G,0,0,2,6,3.49,PERSONAL CARE,N/A,0,0,0
8.99222E+12,GATSBY WAX ULT SHAGGY 25G,GATSBY WAX ULT SHAGGY 25G,0,0,2,45,44.46,PERSONAL CARE,N/A,0,0,0
4.90281E+12,GATSBY WAX WATERGLOSS SUPER HARD 8G,GATSBY WAX WATERGLOSS SUPER HARD 8G,0,0,1,6,3.64,PERSONAL CARE,N/A,0,0,0
4.80652E+12,GAUZE BANDAGE 2X10YDS (SURE-GUARD) 12S,GAUZE BANDAGE 2X10YDS (SURE-GUARD) 12S,0,0,0,16,7.92,MEDICAL SUPPLIES,N/A,0,0,0
4.80652E+12,GAUZE BANDAGE 2X10YDS (SURGITECH) 12S,GAUZE BANDAGE 2X10YDS (SURGITECH) 12S,0,0,12,15,7.25,MEDICAL SUPPLIES,N/A,0,0,0
4.80652E+12,GAUZE BANDAGE 3X10 YD (SURGITECH) X12,GAUZE BANDAGE 3X10 YD (SURGITECH) X12,0,0,36,20,10,MEDICAL SUPPLIES,N/A,0,0,0
4.80652E+12,GAUZE BANDAGE 3X10 YD X12 SUREGUARD,GAUZE BANDAGE 3X10 YD X12 SUREGUARD,0,0,0,25,11.66,MEDICAL SUPPLIES,N/A,0,0,0
4.80652E+12,GAUZE BANDAGE 4X10 (SURGITECH) X12,GAUZE BANDAGE 4X10 (SURGITECH) X12,0,0,83,25,11,MEDICAL SUPPLIES,N/A,0,0,0
4.80903E+12,GAUZE BANDAGE 4X10 YARDS (PARTNERS) ,GAUZE BANDAGE 4X10 YARDS (PARTNERS) ,0,0,1,25,12.08,MEDICAL SUPPLIES,N/A,0,0,0
4.80652E+12,GAUZE BANDAGE 4X10 YARDS SUREGUARD,GAUZE BANDAGE 4X10 YARDS SUREGUARD,0,0,0,25,11.66,MEDICAL SUPPLIES,N/A,0,0,0
4.80652E+12,GAUZE PAD 2X2 (SURGITECH) X100,GAUZE PAD 2X2 (SURGITECH) X100,0,0,463,3,1.5,MEDICAL SUPPLIES,N/A,0,0,0
6605498,GAUZE PAD 4X4 (I-SHIELD) X100,GAUZE PAD 4X4(I-SHIELD) X100,0,0,0,5,2.1,MEDICAL SUPPLIES,MEDTRIO,0,0,0
4.80652E+12,GAUZE PAD 4X4 (SUREGUARD) X100,GAUZE PAD 4X4 (SUREGUARD) X100,0,0,161,5,2.284962406,MEDICAL SUPPLIES,N/A,0,0,0
4.80652E+12,GAUZE PAD 4X4 (SURGITECH) X100,GAUZE PAD 4X4 (SURGITECH) X100,0,0,0,5,2.5,MEDICAL SUPPLIES,N/A,0,0,0
4.80653E+12,GAUZE PAD 4X4(INDOPLUS) X100,GAUZE PAD 4X4(INDOPLUS) X100,0,0,0,5,2.2,MEDICAL SUPPLIES,MEDCENTRAL PHARMAAND MEDICAL SUPPLIES DISTRIBUTION,0,0,0
120988053,GAUZE PAD 4X4(TRUCARE) X100,GAUZE PAD 4X4(TRUCARE) X100,0,0,0,5,2.2,MEDICAL SUPPLIES,MEDCENTRAL PHARMAAND MEDICAL SUPPLIES DISTRIBUTION,0,0,0
5.00016E+12,GAVISCON DOUBLE ACTION TAB X8,GAVISCON DOUBLE ACTION TAB X8,0,0,94,23,22.25,BRANDED-OTC,N/A,0,0,0
96136140,GAVISCON DOULE ACTION SACH 10ML,GAVISCON DOULE ACTION SACH 10ML,0,0,176,40,33.86,BRANDED-OTC,N/A,0,0,0
50310456,GAVISCON SUSP SACHET 10ML,GAVISCON SUSP SACHET 10ML,0,0,82,35,31.7884,BRANDED-OTC,N/A,0,0,0
4.801E+12,GAVISCON TAB X8,GAVISCON TAB X8,0,0,41,20,17.28682927,BRANDED-OTC,N/A,0,0,0
7831111859,GEN-CEE 500MG CAPSULE,GEN-CEE 500MG CAPSULE,0,0,2,7,4.5,BRANDED-OTC,N/A,0,0,0
6.92056E+12,GENTAM 40MG/ML AMPX10,GENTAMYCIN (GENTAM) 40MG/ML AMPX10,0,0,108,15,5,INTRAVENOUS SOLN,MEDCENTRAL PHARMAAND MEDICAL SUPPLIES DISTRIBUTION,0,0,0
6.9359E+12,GENTAMICIN 3MG/ML OTIC SOLN 8ML (GENTACARE),GENTAMICIN 3MG/ML OTIC SOLN 8ML (GENTACARE),0,0,0,135,67,GENERICS-RX,N/A,0,0,0
4.80026E+12,GENTAMICIN OPTH SOLN (KLONTAR) 5ML,GENTAMICIN OPTH SOLN (KLONTAR) 5ML,0,0,14,160,80,GENERICS-RX,N/A,0,0,0
8.90418E+12,GENZITH 500 MG TABX3,AZITHROMYCIN (GENZITH) 500MG TABX3,0,0,0,35,11,GENERICS-RX,PRIMECARE,0,0,0
8.964E+12,GETRYL 1MG TAB X20,GETRYL 1MG TAB X20,0,0,6,12,10.75,BRANDED-RX,N/A,0,0,0
8.964E+12,GETRYL 2MG TAB X20,GETRYL 2MG TAB X20,0,0,20,18,15.48,BRANDED-RX,N/A,0,0,0
8.964E+12,GETRYL 3MG TAB X20,GETRYL 3MG TAB X20,0,0,20,25,20.64,BRANDED-RX,N/A,0,0,0
8.964E+12,GETRYL 4MG TAB X20,GETRYL 4MG TAB X20,0,0,34,30,27.52,BRANDED-RX,N/A,0,0,0
4.80653E+12,GETZAR 50MG TAB X100,GETZAR 50MG TAB X100,0,0,25,18,15.71342857,BRANDED-RX,N/A,0,0,0
4.80004E+12,GILLETTE BLADE 6S,GILLETTE BLADE 6S,0,0,32,15,10.88,PERSONAL CARE,N/A,0,0,0
4.98718E+12,GILLETTE BLUE 2 FLEXI,GILLETTE BLUE 2 FLEXI,0,0,39,35,29.10328767,PERSONAL CARE,N/A,0,0,0
4.80004E+12,GILLETTE RUBIE BLACK,GILLETTE RUBIE BLACK,0,0,9,35,29.05,PERSONAL CARE,N/A,0,0,0
4.90243E+12,GILLETTE RUBIE II YELLOW,GILLETTE RUBIE II YELLOW,0,0,19,30,26.15,PERSONAL CARE,N/A,0,0,0
8.991E+12,GINGERBON CANDY EXTRA STRONG LOOSE,GINGERBON CANDY EXTRA STRONG LOOSE,0,0,4,3,1.66,BRANDED-OTC,N/A,0,0,0
8.991E+12,GINGERBON CANDY HONEY LEMON LOOSE,GINGERBON CANDY HONEY LEMON LOOSE,0,0,5,3,1.48,BRANDED-OTC,N/A,0,0,0
8.991E+12,GINGERBON CANDY REGULAR LOOSE,GINGERBON CANDY REGULAR LOOSE,0,0,4,3,1.56,PERSONAL CARE,N/A,0,0,0
8.991E+12,GINGERBON EXTRA STRONG 20G,GINGERBON EXTRA STRONG 20G,0,0,3,20,16.5,FOOD & BEVERAGES,N/A,0,0,0
8.991E+12,GINGERBON HONEY LEMON 20G,GINGERBON HONEY LEMON 20G,0,0,5,17,13.5,FOOD & BEVERAGES,N/A,0,0,0
8.991E+12,GINGERBON PEPPERMINT 20G,GINGERBON PEPPERMINT 20G,0,0,2,15,15.5,BRANDED-OTC,N/A,0,0,0
8.991E+12,GINGERBON REGULAR 20G,GINGERBON REGULAR 20G,0,0,2,20,16.5,BRANDED-OTC,N/A,0,0,0
4.80652E+12,GLIBENCLAMIDE 50MG  (GLIMIDE) TAB X100,GLIBENCLAMIDE 50MG  (GLIMIDE) TAB X100,0,0,20,2,0.24,BRANDED-RX,N/A,0,0,0
8.9013E+12,GLICLAZIDE 30MG (MELANOV MR) TAB X100,GLICLAZIDE 30MG (MELANOV MR) TAB X100,0,0,399,8,3.885483871,GENERICS-RX,N/A,0,0,0
8372221229,GLICLAZIDE 30MG TAB (SAPHCLAZIDE) X100,GLICLAZIDE 30MG TAB (SAPHCLAZIDE) X100,0,0,0,5,1.35,GENERICS-RX,N/A,0,0,0
4.80652E+12,GLICLAZIDE 60MG  TAB (NEOCLAZZ MR) X100,GLICLAZIDE 60MG  TAB (NEOCLAZZ MR) X100,0,0,0,11,5.5,GENERICS-RX,N/A,0,0,0
8.9013E+12,GLICLAZIDE 60MG TAB (MELANOV MR) X100,GLICLAZIDE 60MG TAB (MELANOV MR) X100,0,0,135,15,7.15,GENERICS-RX,N/A,0,0,0
9849640189,GLICLAZIDE 60MG TAB (SAPHCLAZIDE-MR) X100,GLICLAZIDE 60MG TAB (SAPHCLAZIDE-MR) X100,0,0,455,6,2.95,GENERICS-RX,N/A,0,0,0
4.80651E+12,GLICLAZIDE 80MG (ZEBET) TAB X100,GLICLAZIDE 80MG (ZEBET) TAB X100,0,0,835,4,1.011934523,GENERICS-RX,N/A,0,0,0
8.90604E+12,GLICLAZIDE 80MG TAB (SAPHCLAZIDE) X100,GLICLAZIDE 80MG TAB (SAPHCLAZIDE) X100,0,0,0,5,1.15,GENERICS-RX,N/A,0,0,0
4.80604E+12,GLIFRED MR 30MG MR TAB,GLICLAZIDE 30MG MR TAB X30,0,0,70,5,1.87,GENERICS-RX,MEDTRIO CONSUMER GOODS TRADING,0,0,0
4.80604E+12,GLIFRED MR 60MG MR TABX30,GLIFRED MR 60MG MR TABX30,0,0,150,8,3.67,GENERICS-RX,NTPK,0,0,0
8.90418E+12,GLIMEPERIDE 2MG TAB (DIANOV)X100,GLIMEPERIDE 2MG TAB (DIANOV)X100,0,0,1000,2,0.75,GENERICS-RX,N/A,0,0,0
4.8065E+12,GLIMEPIRIDE (AMARA) 4MG X100 TAB,GLIMEPIRIDE (AMARA) 4MG,0,0,52,14,13.31,BRANDED-RX,COPHARM TRADING CORPORATION,0,0,0
8.90604E+12,GLIMEPIRIDE 2MG TAB (GLIRIDE) X100,GLIMEPIRIDE 2MG TAB (GLIRIDE) X100,0,0,0,3,1.04,GENERICS-RX,N/A,0,0,0
8.90604E+12,GLIMESAPH 2MG TAB X100,GLIMEPIRIDE 2MG (GLIMESAPH) TAB X100,0,0,0,2,0.98,GENERICS-RX,N/A,0,0,0
8.90604E+12,GLIMESAPH 3MG X100,GLIMEPIRIDE 3MG TAB (GLIMESAPH) X100,0,0,0,3,1.3,GENERICS-RX,N/A,0,0,0
8.90604E+12,GLIMESAPH 4MG X100,GLIMEPIRIDE 4MG TAB (GLIMESAPH) X100,0,0,147,5,2.45,GENERICS-RX,N/A,0,0,0
8.90801E+12,GLIPINOVA 50MG TABX30,VILDAGLIPTIN (GLIPINOVA 50MG) TABX30,0,0,82,15,7,GENERICS-RX,,0,0,0
4.80652E+12,GLIPTEN 20MG TAB X 30,TENELIGLIPTIN (GLIPTEN) 20MG TAB X30,0,0,0,21,19.35,BRANDED-RX,COPHARM TRADING CORPORATION,0,0,0
1932562298,GLOBISAPH 630MG X100,KETOANALOGUE 630MG TAB (GLOBISAPH) X100,0,0,0,16,5.45,PERSONAL CARE,N/A,0,0,0
4.80779E+12,GLUBITOR 80MG TAB X60,GLUBITOR 80MG TAB X60,0,0,91,10,8.81,BRANDED-RX,N/A,0,0,0
4.80779E+12,GLUBITOR-OD 30MG TAB X60,GLUBITOR-OD 30MG TAB X60,0,0,55,11,10.12,BRANDED-RX,N/A,0,0,0
8.42703E+12,GLUCERNA 400G,GLUCERNA 400G,0,0,4,1220,1159.11,MILK,N/A,0,0,0
4.80652E+12,GLUCOFLEX-B X30,GLUCOFLEX-B X30,0,0,55,12,5.65,BRANDED-OTC,N/A,0,0,0
7700825914,GLUMET 1G TAB X100,GLUMET 1G TAB X100,0,0,90,15,13.9,BRANDED-OTC,N/A,0,0,0
2583328982,GLUMET 500MG TAB X100,GLUMET 500MG TAB X100,0,0,82,11,10,BRANDED-RX,N/A,0,0,0
1.54409E+14,GLUMET XR 500MG TAB,GLUMET XR 500MG TAB,0,0,133,13,11.97,BRANDED-RX,N/A,0,0,0
4.80651E+12,GLUTA-C LOTION 150ML,GLUTA-C LOTION 150ML,0,0,0,225,113,PERSONAL CARE,WATSONS,0,0,0
4.80651E+12,GLUTA-C WITH KOJIC PLUS TONER 100ML,GLUTA-C WITH KOJIC PLUS TONER 100ML,0,0,0,130,67.5,PERSONAL CARE,N/A,0,0,0
8934270354,GLUTAPHOS TAB X100,GLUTAPHOS TAB X100,0,0,83,10,8.37,BRANDED-OTC,N/A,0,0,0
4.80779E+12,GLYDOLAX ADULT SUPP 2.5GX12,GLYDOLAX ADULT SUPP 2.5GX12,0,0,150,16,14.47596273,BRANDED-OTC,N/A,0,0,0
4.80779E+12,GLYDOLAX FOR INFANTS 1.9G X12,GLYDOLAX FOR INFANTS 1.9G X12,0,0,58,13,12.43,BRANDED-OTC,N/A,0,0,0
4.80604E+12,GLYPRIDE 3MG,GLIMEPIRIDE (GLYPRIDE 3MG) X100 TAB,0,0,745,3,1.1,GENERICS-RX,N/A,0,0,0
4.80029E+12,GLYXAMBI 25MG/5MG TABX30,EMPAGLIFLOZIN LINAGLIPTIN (GLYXAMBI)25MG/5MG TABX30,0,0,30,90,84.16,BRANDED-RX,COPHARM TRADING CORPORATION,0,0,0
4.80651E+12,GOLD BARS MOCHA BROWNIE,GOLD BARS MOCHA BROWNIE,0,0,0,40,33.75,FOOD & BEVERAGES,N/A,0,0,0
8.90418E+12,GOZITHRAN 500MG X3TAB,AZITHROMYCIN  (GOZITHRAN) 500MG,0,0,0,35,10,GENERICS-RX,N/A,0,0,0
4.80651E+12,GRAND ADULT DIAPER L2,GRAND ADULT DIAPER L2,0,0,0,50,42.46,SANPRO,N/A,0,0,0
4.80651E+12,GRAND ADULT DIAPER L8,GRAND ADULT DIAPER L8,0,0,3,207,172.73,SANPRO,N/A,0,0,0
4.80651E+12,GRAND ADULT DIAPER M10,GRAND ADULT DIAPER M10,0,0,1,195,172.73,SANPRO,N/A,0,0,0
4.80651E+12,GRAND ADULT DIAPER M2,GRAND ADULT DIAPER M2,0,0,0,45,36.67,SANPRO,N/A,0,0,0
4.80653E+12,GREATLAB VCO 100ML,GREATLAB VCO 100ML,0,0,0,115,104.4,BRANDED-OTC,N/A,0,0,0
4.80779E+12,GROWEE DROPS 15ML,GROWEE DROPS 15ML,0,0,2,92,87.1,BRANDED-OTC,N/A,0,0,0
4.80779E+12,GROWEE SYRUP 120ML,GROWEE SYRUP 120ML,0,0,3,175,165.28,BRANDED-OTC,N/A,0,0,0
4.8003E+12,GUAIFENESIN 100MG/5ML SYR (RITUSIN) 60ML,GUAIFENESIN 100MG/5ML SYR (RITUSIN) 60ML,0,0,0,35,17,GENERICS-OTC,N/A,0,0,0
4.80651E+12,GUARD INSECT REPELLANT 50ML,GUARD INSECT REPELLANT 50ML,0,0,1,125,109.25,PERSONAL CARE,N/A,0,0,0
4.8003E+12,GUIA+SALBUTAMOL 100MG/2MG CAP (GUIACOF PLUS) X100,GUIA+SALBUTAMOL 100MG/2MG CAP (GUIACOF PLUS) X100,0,0,43,3,1.2,GENERICS-RX,N/A,0,0,0
4.8003E+12,GUIACOF PLUS SYR 60ML,GUIA+SALBUTAMOL(GUIACOF PLUS) 50MG/1MG/5ML SYR 60ML,0,0,10,40,16.5,GENERICS-RX,PRIMECARE,0,0,0
4.80651E+12,GUYASTEEN COFFEE 21G X10,GUYASTEEN COFFEE 21G X10,0,0,0,17,14.88,BRANDED-OTC,N/A,0,0,0
4.80014E+12,GYNEPRO FEM WASH 150ML,GYNEPRO FEM WASH 150ML,0,0,4,205,184.79,PERSONAL CARE,N/A,0,0,0
4.80014E+12,GYNEPRO FEM WASH 60ML,GYNEPRO FEM WASH 60ML,0,0,8,97,87.51666667,PERSONAL CARE,N/A,0,0,0
4.80651E+12,HAILEYS PETROLEUM JELLY 25G,HAILEYS PETROLEUM JELLY 25G,0,0,0,0,0,PERSONAL CARE,N/A,0,0,0
4.80651E+12,HAILEYS TAWAS MENTHOLATED 50G X12,HAILEYS TAWAS MENTHOLATED 50G X12,0,0,0,18,15.8,PERSONAL CARE,N/A,0,0,0
4.80901E+12,HAILEYS TAWAS POWDER BRIGHTENING 50G X12,HAILEYS TAWAS POWDER BRIGHTENING 50G X12,0,0,93,20,14.4,PERSONAL CARE,N/A,0,0,0
4.80651E+12,HAILEYS TAWAS SOFT&SCENTED 50G X12,HAILEYS TAWAS SOFT&SCENTED 50G X12,0,0,-68,17,12.96,PERSONAL CARE,N/A,0,0,0
4.80651E+12,HAILEYS TAWAS UNSCENTED 50G X12,HAILEYS TAWAS UNSCENTED 50G X12,0,0,51,17,13.22317073,PERSONAL CARE,N/A,0,0,0
4.80901E+12,HAIR BLACKENING BLACK X8,HAIR BLACKENING BLACK X8,0,0,23,7,5.787546903,PERSONAL CARE,N/A,0,0,0
4.80653E+12,HANA SHAMPOO GREEN FRESH B1T1 200ML,HANA SHAMPOO GREEN FRESH B1T1 200ML,0,0,2,130,114.3,PERSONAL CARE,,0,0,0
4.80003E+12,HAPEE KIDDIE TP APPLE 62G,HAPEE KIDDIE TP APPLE 62G,0,0,3,65,56.75,PERSONAL CARE,N/A,0,0,0
4.80003E+12,HAPEE KIDDIE TP GRAPE 62G,HAPEE KIDDIE TP GRAPE 62G,0,0,0,50,51.3,PERSONAL CARE,N/A,0,0,0
4.80003E+12,HAPEE KIDDIE TP ORANGE SQUEZE 62G,HAPEE KIDDIE TP ORANGE SQUEZE 62G,0,0,0,57,53,PERSONAL CARE,N/A,0,0,0
4.80003E+12,HAPEE KIDDIE TP TUTTI FRUTTI 62G,HAPEE KIDDIE TP TUTTI FRUTTI 62G,0,0,2,65,56.75,PERSONAL CARE,N/A,0,0,0
4.80129E+12,HAPPY COTTON 10G,HAPPY COTTON 10G,0,0,34,6,4.68,SANPRO,N/A,0,0,0
4.80129E+12,HAPPY COTTON 40G,HAPPY COTTON 40G,0,0,43,25,17.05,SANPRO,N/A,0,0,0
4.80129E+12,HAPPY COTTON 80G,HAPPY COTTON 80G,0,0,12,40,34.41,SANPRO,N/A,0,0,0
4.80229E+12,HAPPY COTTON BALLS 150,HAPPY COTTON BALLS 150,0,0,13,35,31.63692308,PERSONAL CARE,N/A,0,0,0
4.80229E+12,HAPPY COTTON BALLS 50S,HAPPY COTTON BALLS 50S,0,0,18,15,11.14,PERSONAL CARE,N/A,0,0,0
4.80229E+12,HAPPY PANTS 3XL 12S,HAPPY PANTS 3XL 12S,0,0,6,150,131.2021493,SANPRO,N/A,0,0,0
4.80229E+12,HAPPY PANTS L12,HAPPY PANTS L12,0,0,8,110,98.34884524,SANPRO,N/A,0,0,0
4.80229E+12,HAPPY PANTS L24,HAPPY PANTS L24,0,0,6,220,195.4298095,SANPRO,N/A,0,0,0
4.80229E+12,HAPPY PANTS M12,HAPPY PANTS M12,0,0,6,98,88.52364286,SANPRO,N/A,0,0,0
4.80229E+12,HAPPY PANTS M24,HAPPY PANTS M24,0,0,3,195,172.995,SANPRO,N/A,0,0,0
4.80229E+12,HAPPY PANTS XL12,HAPPY PANTS XL12,0,0,14,120,107.745,SANPRO,N/A,0,0,0
4.80229E+12,HAPPY PANTS XL24,HAPPY PANTS XL24,0,0,7,225,209.3637,SANPRO,N/A,0,0,0
4.80229E+12,HAPPY PANTS XXL12,HAPPY PANTS XXL12,0,0,6,125,113.0273357,SANPRO,N/A,0,0,0
4.80229E+12,HAPPY PANTS XXL24,HAPPY PANTS XXL24,0,0,5,250,223.8975,SANPRO,N/A,0,0,0
4.80229E+12,HAPPY PANTS XXXL24,HAPPY PANTS XXXL24,0,0,6,297,260.9027083,SANPRO,N/A,0,0,0
4.80034E+12,HARFURIN 100MG CAP X100,NITROFURANTOIN 100MG CAP X100,0,0,53,5,1.95,GENERICS-RX,N/A,0,0,0
4.8065E+12,HARTZAR 50MG TAB X50,HARTZAR 50MG TAB X50,0,0,0,0,0,GENERICS-OTC,N/A,0,0,0
4.90243E+12,HEAD N SHOULDER SHAMP COOL 12ML,HEAD N SHOULDER SHAMP COOL 12ML,0,0,29,8,5.875578947,PERSONAL CARE,N/A,0,0,0
4.90243E+12,HEAD N SHOULDER SHAMP COOL 170ML,HEAD N SHOULDER SHAMP COOL 170ML,0,0,0,135,128.8,PERSONAL CARE,N/A,0,0,0
4.90243E+12,HEAD N SHOULDER SHAMP COOL 70ML,HEAD N SHOULDER SHAMP COOL 170ML,0,0,4,90,79.146,PERSONAL CARE,N/A,0,0,0
4.90243E+12,HEAD N SHOULDER SHAMP SMOOTH 12ML,HEAD N SHOULDER SHAMP SMOOTH 12ML,0,0,21,8,6.522527716,PERSONAL CARE,N/A,0,0,0
4.90243E+12,HEAD N SHOULDER SHAMP SMOOTH 170ML,HEAD N SHOULDER SHAMP SMOOTH 170ML,0,0,0,145,128.8,PERSONAL CARE,N/A,0,0,0
4.90243E+12,HEAD N SHOULDER SHAMP SMOOTH 70ML,HEAD N SHOULDER SHAMP SMOOTH 70ML,0,0,2,90,79.04333333,PERSONAL CARE,N/A,0,0,0
4.80901E+12,HELTINE CAPSULE X100,HELTINE CAPSULE X100,0,0,30,18,14.65,CONSIGNMENT ITEM,N/A,0,0,0
8.83952E+14,HELTINE DROPS 30ML,HELTINE DROPS 30ML,0,0,0,175,158.75,CONSIGNMENT ITEM,N/A,0,0,0
4.80901E+12,HELTINE SYRUP 120ML,HELTINE SYRUP 120ML,0,0,0,260,234.5,CONSIGNMENT ITEM,N/A,0,0,0
9391307332,HEMARATE FA TAB X100,HEMARATE FA TAB X100,0,0,86,27,25.68,BRANDED-OTC,N/A,0,0,0
2555886963,HEMOSTAN 500MG CAP X100,HEMOSTAN 500MG CAP X100,0,0,49,47,43.86,BRANDED-OTC,N/A,0,0,0
4.80652E+12,HEPATEK DS CAPX30,HEPATEK DS CAPX30,0,0,13,56,51.25959184,BRANDED-OTC,,0,0,0
4.80652E+12,HEPATEK X30 CAP,HEPATEK X30 CAP,0,0,39,33,29.32555556,BRANDED-OTC,,0,0,0
4.80042E+12,HER BENCH SO IN LOVE  100ML,HER BENCH SO IN LOVE  100ML,0,0,1,135,119.8461538,PERSONAL CARE,N/A,0,0,0
4.80042E+12,HER BENCH SO IN LOVE 50ML,HER BENCH SO IN LOVE 50ML,0,0,0,80,71.25,PERSONAL CARE,N/A,0,0,0
6542722562,HERACLENE 1MG TAB X100,HERACLENE 1MG TAB X100,0,0,89,18,16.88,BRANDED-RX,N/A,0,0,0
71545508,HERACLENE FORTE 3MG CAP,HERACLENE FORTE 3MG CAP ,0,0,34,46,43.21,BRANDED-RX,COPHARM TRADING CORPORATION,0,0,0
87535543,HERAGEST 200MG GEL  CAP,PROGESTERONE (HERAGEST)200MG GEL CAPX100,0,0,38,72,68.04,BRANDED-RX,COPHARM TRADING CORPORATION,0,0,0
4.80001E+12,HERBYCIN 125MG/5ML SYR 120ML,HERBYCIN 125MG/5ML SYR 120ML,0,0,0,136,129.36,BRANDED-RX,N/A,0,0,0
4.80001E+12,HERBYCIN 125MG/5ML SYR 60ML,HERBYCIN 125MG/5ML SYR 60ML,0,0,0,95,90.16,BRANDED-OTC,N/A,0,0,0
4.80653E+12,HEXIN SYR 60ML,BROMHEXINE 4MG/5ML SYR (HEXIN) 60ML,0,0,4,36,18,GENERICS-OTC,N/A,0,0,0
4.8065E+12,HIDRASEC 100MG CAP X20,HIDRASEC 100MG CAP X20,0,0,27,60,56.7,BRANDED-RX,N/A,0,0,0
4.8065E+12,HIDRASEC 10MG SACH X16,HIDRASEC 10MG SACH X16,0,0,30,55,51.44351351,BRANDED-RX,N/A,0,0,0
4.8065E+12,HIDRASEC 30MG SACH X30,HIDRASEC 30MG SACH X30,0,0,34,65,61.18,BRANDED-RX,N/A,0,0,0
20800306348,HIGH ENDURANCE FRESH 14G,HIGH ENDURANCE FRESH 14G,0,0,8,101,88.4025,PERSONAL CARE,N/A,0,0,0
20800718349,HIGH ENDURANCE PURE SPORT 14G,HIGH ENDURANCE PURE SPORT 14G,0,0,6,101,87.39,PERSONAL CARE,N/A,0,0,0
4.80652E+12,HI-KIDZ SYRUP 120ML,HI-KIDZ SYRUP 120ML,0,0,1,171,161.68,BRANDED-OTC,DYNA DRUG CORP.,0,0,0
8.32201E+14,HISTACORT 2MG/2MG TAB X100,HISTACORT 2MG/2MG TAB X100,0,0,0,11,10.04,BRANDED-OTC,N/A,0,0,0
4.80651E+12,HISTADINE 10MG TAB X100,LORATADINE (HISTADINE) 10MG TABX100,0,0,0,3,1.3,GENERICS-OTC,NTPK,0,0,0
4.80653E+12,HISTAKON 16MG TAB X100,BETAHISTINE 16MG (HISTAKON) TAB X100,0,0,807,5,1.964197783,GENERICS-RX,N/A,0,0,0
4.80653E+12,HISTAKON 24MG TAB,BETAHISTINE HDCL 24MG (HISTAKON)TAB X100,0,0,245,15,6.11,GENERICS-RX,MEDCENTRAL PHARMAAND MEDICAL SUPPLIES DISTRIBUTION,0,0,0
4.80653E+12,HISTAKON 8MG TAB X100,BETAHISTINE HCL (HISTAKON) 8MG TAB X100,0,0,1004,3,1.27408597,GENERICS-OTC,MEDTRIO CONSUMER GOODS TRADING,0,0,0
4.80034E+12,HISTRIZINE 10MG TAB X100,HISTRIZINE 10MG TAB X100,0,0,64,15,12.86,BRANDED-OTC,N/A,0,0,0
4.80034E+12,HISTRIZINE 1MG/ML SYR 60ML,HISTRIZINE 1MG/ML SYR 60ML,0,0,2,305,275.8,BRANDED-OTC,N/A,0,0,0
8.90601E+12,HNBB 10MG (BELLOID) TAB X100,HNBB 10MG (BELLOID) TAB X100,0,0,0,3,1.45,GENERICS-RX,N/A,0,0,0
8.27593E+14,HNBB 10MG (HYOSAPH) TAB X100,HNBB 10MG (HYOSAPH) TAB X100,0,0,-17,5,1.95,GENERICS-RX,N/A,0,0,0
4.80652E+12,HNBB 10MG TAB (GASTROHEX) X100,HNBB 10MG TAB (GASTROHEX) X100,0,0,0,6,2.65,GENERICS-OTC,N/A,0,0,0
4.8003E+12,HONEYMOON TEA 4G,HONEYMOON TEA 4G,0,0,63,90,50.22,BRANDED-OTC,N/A,0,0,0
4.80779E+12,HYDRITE GRAN APPLE 4.1G X100,HYDRITE GRAN APPLE 4.1G X100,0,0,5,18,16.92,BRANDED-OTC,N/A,0,0,0
4.80779E+12,HYDRITE GRAN BANANA 4.1G X100,HYDRITE GRAN BANANA 4.1G X100,0,0,-1,18,16.59818182,BRANDED-OTC,N/A,0,0,0
4.80779E+12,HYDRITE GRAN UNFLAVORED 4.1G X100,HYDRITE GRAN UNFLAVORED 4.1G X100,0,0,20,18,16.15,BRANDED-OTC,N/A,0,0,0
4.80652E+12,HYDROCORTISONE (CENTRAMED) CREAM 10G,HYDROCORTISONE (CENTRAMED) CREAM 10G,0,0,14,90,45,BRANDED-RX,N/A,0,0,0
4.80604E+12,HYDROCORTISONE (QORTISOL) 100MG VIAL,HYDROCORTISONE (QORTISOL) 100MG VIAL,0,0,7,55,27,INTRAVENOUS SOLN,UNITED LINK PHARMACEUTICAL DISTRIBUTION,0,0,0
4.80651E+12,HYDROCORTISONE 1% CRM (HOVICOR) 15G,HYDROCORTISONE 1% CRM (HOVICOR) 15G,0,0,8,180,90,GENERICS-RX,N/A,0,0,0
4.80653E+12,HYDROCORTISONE 10MG/G CREAM (KURT) 15G,HYDROCORTISONE 10MG/G CREAM (KURT) 15G,0,0,0,190,95,GENERICS-RX,N/A,0,0,0
7.98441E+13,HYDROCORTISONE 250MG IV (DOCOR) X10,HYDROCORTISONE 250MG IV (DOCOR) X10,0,0,0,150,67.2,INTRAVENOUS SOLN,N/A,0,0,0
4.80652E+12,HYDROCORTISONE INJ (LYCORTIS) 100MG,HYDROCORTISONE INJ (LYCORTIS) 100MG,0,0,0,55,29.72,GENERICS-RX,,0,0,0
4.80001E+12,HYDROGEN PEROXIDE IPI 120ML,HYDROGEN PEROXIDE IPI 120ML,0,0,0,15,12.1,DRHR,N/A,0,0,0
4.80001E+12,HYDROGEN PEROXIDE IPI 50ML,HYDROGEN PEROXIDE IPI 50ML,0,0,6,10,8.16,DRHR,N/A,0,0,0
4.80012E+12,HYGIENIX GERM KILL ALCOHOL 150ML,HYGIENIX GERM KILL ALCOHOL 150ML,0,0,0,0,0,DRHR,N/A,0,0,0
4.80012E+12,HYGIENIX GERM KILL ALCOHOL 250ML,HYGIENIX GERM KILL ALCOHOL 250ML,0,0,2,50,42.55,DRHR,N/A,0,0,0
4.80012E+12,HYGIENIX GERM KILL ALCOHOL 500ML,HYGIENIX GERM KILL ALCOHOL 500ML,0,0,5,90,56.47,DRHR,N/A,0,0,0
4.80012E+12,HYGIENIX ISOPROPYL SPRAY 250ML,HYGIENIX ISOPROPYL SPRAY 250ML,0,0,0,70,66.2,PERSONAL CARE,N/A,0,0,0
4.80012E+12,HYGIENIX W/ MOIST 250ML,HYGIENIX W/ MOIST 250ML,0,0,3,50,42.55,DRHR,N/A,0,0,0
4.80012E+12,HYGIENIX WITH MOIST 500ML,HYGIENIX WITH MOIST 500ML,0,0,-5,90,78.45,PERSONAL CARE,N/A,0,0,0
4.80652E+12,HYOPAN 10MG TAB X100,HYOSCINE N-BUTYLBROMIDE (HYOPAN) 10MG TAB X100,0,0,621,5,2.2,GENERICS-OTC,NTPK,0,0,0
4.80652E+12,HYOSCINE (ADUSCINE) AMP X10 ,HYOSCINE (ADUSCINE) AMP X10 ,0,0,0,35,17.5,INTRAVENOUS SOLN,N/A,0,0,0
8.93494E+11,HYOSCINE (HYOSAPH) AMP 1ml X10,HYOSAPH AMP 1ml X10,0,0,0,40,13,GENERICS-RX,N/A,0,0,0
4.80652E+12,HYOSCINE (HYOSUR) AMP  20MG/ML,HYOSCINE (HYOSUR) AMP  20MG/ML,0,0,0,35,14,GENERICS-RX,,0,0,0
4.80902E+12,HYOSCINE (SPASBASCINE) AMP  20MG/ML,HYOSCINE (SPASBASCINE) AMP  20MG/ML,0,0,8,25,12,GENERICS-RX,,0,0,0
4.80603E+12,HYOSCINE 10MG TAB (VONWELT) X100,HYOSCINE 10MG TAB (VONWELT) X100,0,0,0,5,1.8,GENERICS-OTC,N/A,0,0,0
4.80652E+12,HYOSCINE 1MG/ML SYR (HYOSPAN) 60ML,HYOSCINE 1MG/ML SYR (HYOSPAN) 60ML,0,0,3,95,47,GENERICS-RX,N/A,0,0,0
4.80652E+12,HYOSCINE 20MG/ML (HYOPHIL) AMP X10,HYOSCINE 20MG/ML (HYOPHIL) AMP X10,0,0,0,35,17,INTRAVENOUS SOLN,N/A,0,0,0
4.80603E+12,HYPACE 10MG,ENALAPRIL (HYPACE10MG) X28TAB,0,0,26,15,12.71,BRANDED-RX,,0,0,0
4.80603E+12,HYPACE 20MG,ENALAPRIL (HYPACE 20MG) X28TAB,0,0,28,17,15.35,BRANDED-RX,,0,0,0
4.80603E+12,HYPACE 5MG,ENALAPRIL (HYPACE 5MG) X28TAB,0,0,25,12,10,BRANDED-RX,,0,0,0
4.80049E+12,HYPANTS  ADULT UNDERWEAR L10,HYPANTS  ADULT UNDERWEAR L10,0,0,4,270,225.7,SANPRO,N/A,0,0,0
4.80049E+12,HYPANTS  ADULT UNDERWEAR M10,HYPANTS  ADULT UNDERWEAR M10,0,0,9,215,185.51,SANPRO,N/A,0,0,0
4.80049E+12,HYPANTS ADULT UNDERWEAR XL10,HYPANTS ADULT UNDERWEAR XL10,0,0,2,305,277.1,SANPRO,OHANA TRADING CORPORATION,0,0,0
5.14455E+14,HYTAZ 12.5MG TAB X200,HYTAZ 12.5MG TAB X200,0,0,15,6,4.98,BRANDED-OTC,N/A,0,0,0
5126831513,IBERET ACTIVE TAB X100,IBERET ACTIVE TAB X100,0,0,35,35,32.57,BRANDED-OTC,N/A,0,0,0
4377612875,IBERET FOLIC TAB X100,IBERET FOLIC TAB X100,0,0,108,35,32.57,BRANDED-OTC,N/A,0,0,0
4.8065E+12,IBUPROFEN 200MG (PENFRO) 60ML,IBUPROFEN 200MG (PENFRO) 60ML,0,0,11,65,32.083,GENERICS-OTC,N/A,0,0,0
4.80034E+12,IBUPROFEN 200MG TAB (FEVRAL) X100,IBUPROFEN 200MG TAB (FEVRAL) X100,0,0,0,2,0.901818182,GENERICS-OTC,PRIMECARE,0,0,0
4.8065E+12,IBUPROFEN 200MG/5ML SUSP (SQFEN) 60ML,IBUPROFEN 200MG/5ML SUSP (SQFEN) 60ML,0,0,0,66,33,GENERICS-OTC,N/A,0,0,0
4.80034E+12,IBUPROFEN 400MG TAB (FEVRAL) X100,IBUPROFEN 400MG TAB (FEVRAL) X100,0,0,490,3,1.05,GENERICS-OTC,N/A,0,0,0
4.80652E+12,ICE BAG NO.6,ICE BAG NO.6,0,0,1,85,75,MEDICAL SUPPLIES,N/A,0,0,0
9.55519E+12,ICOLOR BLACK 30ML,ICOLOR BLACK 30ML,0,0,27,68,52.91,PERSONAL CARE,N/A,0,0,0
6.94933E+12,ICOLOR C.BROWN 30ML,ICOLOR C.BROWN 30ML,0,0,6,68,61.73,PERSONAL CARE,N/A,0,0,0
6.94933E+12,ICOLOR DARK BROWN 30ML,ICOLOR DARK BROWN 30ML,0,0,3,68,60.45,PERSONAL CARE,N/A,0,0,0
6.94933E+12,ICOLOR LIGHT BROWN 30ML,ICOLOR LIGHT BROWN 30ML,0,0,7,68,61.73,PERSONAL CARE,N/A,0,0,0
6.94933E+12,ICOLOR MED BROWN 30ML,ICOLOR MED BROWN 30ML,0,0,8,68,50.38,PERSONAL CARE,N/A,0,0,0
4.80652E+12,ILOSONE 250MG SUSP 60ML,ILOSONE 250MG SUSP 60ML,0,0,3,492,468.21,BRANDED-RX,N/A,0,0,0
4.80652E+12,IMMUMAX CAP X100,ASCORBIC ACID + ZINC (IMMUMAX) CAP X 100,0,0,460,3,0.961179423,GENERICS-RX,N/A,0,0,0
4.80651E+12,IMMUNOMAX 10MG CAP X30,IMMUNOMAX 10MG CAP X30,0,0,30,18,17,BRANDED-OTC,N/A,0,0,0
4.80651E+12,IMMUNOMAX 10MG SYRUP 120ML,IMMUNOMAX 10MG SYRUP 120ML,0,0,3,395,375,BRANDED-OTC,N/A,0,0,0
4.80651E+12,IMMUNOMAX FORTE 30MG CAP X30,IMMUNOMAX FORTE 30MG CAP X30,0,0,40,48,45,BRANDED-OTC,,0,0,0
4.80779E+12,IMMUNOSIN 500MG TAB X24,IMMUNOSIN 500MG TAB X24,0,0,17,30,27.74769231,BRANDED-RX,N/A,0,0,0
4.80779E+12,IMMUNOSIN SYR 60ML,IMMUNOSIN SYR 60ML,0,0,3,285,270.76,BRANDED-RX,N/A,0,0,0
4.80779E+12,IMMUNPRO 500MG/10MG TAB X100,IMMUNPRO 500MG/10MG TAB X100,0,0,322,9,6.957966102,BRANDED-OTC,N/A,0,0,0
4.80779E+12,IMMUNPRO PRIME TAB X100,IMMUNPRO PRIME TAB X100,0,0,76,12,11.14,BRANDED-OTC,UNITED LINK PHARMACEUTICAL DISTRIBUTION,0,0,0
4.80035E+12,IMODIUM 2MG CAP X 200,IMODIUM 2MG CAP X 200,0,0,31,18,15.60519796,BRANDED-OTC,N/A,0,0,0
8.60037E+14,INCENSO 10G,INCENSO 10G,0,0,96,10,7.66,OTHERS,N/A,0,0,0
4.80023E+12,INDERAL 10MG TAB X100,INDERAL 10MG TAB X100,0,0,86,18,16.54,BRANDED-RX,N/A,0,0,0
6.97308E+12,INDOPLAS DIGITAL BPM BP305,INDOPLAS DIGITAL BPM BP305,0,0,0,800,569,MEDICAL SUPPLIES,N/A,0,0,0
118759649,INDOPLUS GLOVES POWDER FREE LARGE X 100,INDOPLUS GLOVES LARGE X 100,0,0,0,5,1.85,MEDICAL SUPPLIES,MEDTRIO CONSUMER GOODS TRADING,0,0,0
107585905,INDOPLUS GLOVES POWDER FREE MED X 100,INDOPLUS GLOVES MED X 100,0,0,0,5,1.85,MEDICAL SUPPLIES,MEDTRIO CONSUMER GOODS TRADING,0,0,0
4.80001E+12,IPI ACEITE MANZANILLA 100ML,IPI ACEITE MANZANILLA 100ML,0,0,0,45,37.73,DRHR,N/A,0,0,0
4.80604E+12,IRBEQ 300MG TAB X100,IRBESARTAN 300MG (IRBEQ) TABX100,0,0,0,12,5.985486212,GENERICS-RX,MEDTRIO CONSUMER GOODS TRADING,0,0,0
4.80604E+12,IRBESARTAN  150MG (IRBEQ) X100 TAB,IRBESARTAN  150MG (IRBEQ) X100 TAB,0,0,473,8,3.21105888,GENERICS-RX,N/A,0,0,0
8.90802E+12,IRBESARTAN (IRBESAPH) 300MG TAB X100,IRBESARTAN (IRBESAPH) 300MG TAB X100,0,0,963,12,5.5,GENERICS-RX,PRIMECARE,0,0,0
4.80652E+12,IRBESARTAN 150MG TAB (CENTRAMED) X100,IRBESARTAN 150MG TAB (CENTRAMED) X100,0,0,2,10,4.75,GENERICS-RX,N/A,0,0,0
4.80652E+12,IRBESARTAN 300MG TAB X100,IRBESARTAN 300MG TAB X100,0,0,-73,16,6.15,GENERICS-RX,N/A,0,0,0
5257621804,IROPLUS SYR 120ML,IROPLUS SYR 120ML,0,0,18,200,85.55061179,GENERICS-OTC,N/A,0,0,0
4.80652E+12,ISDM 10MG (SORBANCE) TAB X100,ISDM 10MG (SORBANCE) TAB X100,0,0,120,3,1.05,GENERICS-RX,N/A,0,0,0
4.80652E+12,ISDN 5MG (SORBANCE) TAB X30,ISDN 5MG (SORBANCE) TAB X30,0,0,0,3,1.46,BRANDED-RX,N/A,0,0,0
4.80604E+12,ISMN 30MG (ISOLYTE) TAB X100 ,ISMN 30MG (ISOLYTE) TAB X100,0,0,420,5,2.431140244,GENERICS-RX,MEDTRIO CONSUMER GOODS TRADING,0,0,0
1.2469E+14,ISMN 30MG (SAPHORBIDE) TAB X100,ISMN 30MG (SAPHORBIDE) TAB X100,0,0,245,8,3.77,GENERICS-RX,N/A,0,0,0
4.80652E+12,ISMN 60MG (ISOLYTE) TAB X100,ISMN 60MG (ISOLYTE) TAB X100,0,0,200,9,4.2,GENERICS-RX,N/A,0,0,0
4.20431E+14,ISMN 60MG (SAPHORBIDE) TAB X100,ISMN 60MG (SAPHORBIDE) TAB X100,0,0,463,6,2.598815739,GENERICS-RX,N/A,0,0,0
4.80651E+12,ISMN 60MG (VASOTRATE OD) TAB X70,ISMN 60MG (VASOTRATE OD) TAB X70,0,0,0,15,6.64,GENERICS-RX,N/A,0,0,0
4.80652E+12,ISONIAZID 300MG TAB X100,ISONIAZID 300MG TAB X100,0,0,140,2,0.9,GENERICS-RX,N/A,0,0,0
4.80028E+12,ISOPRINOSINE 250MG/5ML SYR 60ML,ISOPRINOSINE 250MG/5ML SYR 60ML,0,0,8,275,260.9,BRANDED-RX,N/A,0,0,0
8524941980,ISOPRINOSINE 500MG TAB X100,ISOPRINOSINE 500MG TAB X100,0,0,23,30,28.13014286,BRANDED-RX,N/A,0,0,0
4.8003E+12,ISORDIL 5MG TAB X100,ISORDIL 5MG TAB X100,0,0,58,22,20.93063291,BRANDED-RX,N/A,0,0,0
4.80653E+12,ISOXUPRINE 10MG (EVAPRINE) TAB X50,ISOXUPRINE 10MG (EVAPRINE) TAB X50,0,0,0,6,2.71,GENERICS-RX,N/A,0,0,0
4.80034E+12,ISOXUPRINE 10MG (ISOPRINE) TAB X40,ISOXUPRINE 10MG (ISOPRINE) TAB X40,0,0,0,13,6.33,GENERICS-RX,N/A,0,0,0
5507984811,ISOXUPRINE 10MG TAB X20,ISOXUPRINE 10MG TAB X20,0,0,0,19,9.35,GENERICS-RX,N/A,0,0,0
4.80652E+12,IV CANNULA G18 CANCARE,IV CANNULA G18 CANCARE,0,0,24,20,10,MEDICAL SUPPLIES,N/A,0,0,0
4.80652E+12,IV CANNULA G20 CANCARE,IV CANNULA G20 CANCARE,0,0,22,20,10,MEDICAL SUPPLIES,N/A,0,0,0
4.80652E+12,IV CANNULA G20 HEXACARE X100,IV CANNULA G20 HEXACARE X100,0,0,2,20,9,MEDICAL SUPPLIES,N/A,0,0,0
4.80652E+12,IV CANNULA G22 HEXACARE X100,IV CANNULA G22 HEXACARE X100,0,0,6,20,10,MEDICAL SUPPLIES,N/A,0,0,0
4.80652E+12,IV CANNULA G24 CATHY X100,IV CANNULA G24 CATHY X100,0,0,20,22,11,MEDICAL SUPPLIES,N/A,0,0,0
28008149,IV CANNULA G25 CANCARE ,IV CANNULA G25 CANCARE ,0,0,10,22,21,MEDICAL SUPPLIES,N/A,0,0,0
4.80652E+12,IV CANNULA G26 X100,IV CANNULA G26 X100,0,0,21,22,11,MEDICAL SUPPLIES,N/A,0,0,0
4.80901E+12,IWHITE PEEL OFF MASK 8ML,IWHITE PEEL OFF MASK 8ML,0,0,3,25,22,PERSONAL CARE,N/A,0,0,0
9.55601E+12,J&J BABY BATH 100ML,J&J BABY BATH 100ML,0,0,0,55,48.85,PERSONAL CARE,N/A,0,0,0
4.80101E+12,J&J BABY OIL ALOE GR 125ML,J&J BABY OIL ALOE GR 125ML,0,0,5,126,113.73,PERSONAL CARE,N/A,0,0,0
48038065,J&J BABY OIL ALOE GR 25ML,J&J BABY OIL ALOE GR 25ML,0,0,23,35,30.18,PERSONAL CARE,N/A,0,0,0
4.80101E+12,J&J BABY OIL ALOE GR 50ML,J&J BABY OIL ALOE GR 50ML,0,0,2,65,54.68,PERSONAL CARE,N/A,0,0,0
9.55601E+12,J&J BABY OIL BEDTIME 125ML,J&J BABY OIL BEDTIME 125ML,0,0,0,150,135,PERSONAL CARE,N/A,0,0,0
4.80101E+12,J&J BABY OIL LITE 125ML,J&J BABY OIL LITE 125ML,0,0,11,126,113.73,PERSONAL CARE,N/A,0,0,0
48036016,J&J BABY OIL LITE 25ML,J&J BABY OIL LITE 25ML,0,0,18,35,30.18,PERSONAL CARE,N/A,0,0,0
4.80101E+12,J&J BABY OIL LITE 50ML,J&J BABY OIL LITE 50ML,0,0,6,65,54.68,PERSONAL CARE,N/A,0,0,0
48035996,J&J BABY OIL REG PINK 25ML,J&J BABY OIL REG PINK 25ML,0,0,8,28,22.46,PERSONAL CARE,N/A,0,0,0
4.80101E+12,J&J BABY OIL REG PINK 50ML,J&J BABY OIL REG PINK 50ML,0,0,7,50,43.56,PERSONAL CARE,N/A,0,0,0
4.80101E+12,J&J BABY OIL REGULAR 125ML,J&J BABY OIL REGULAR 125ML,0,0,3,106,95.6,PERSONAL CARE,N/A,0,0,0
8.85001E+12,J&J BABY POWDER ACTIVE FRESH 100G,J&J BABY POWDER ACTIVE FRESH 100G,0,0,0,58,51.5,PERSONAL CARE,N/A,0,0,0
8.85001E+12,J&J BABY POWDER ACTIVE FRESH 200G,J&J BABY POWDER ACTIVE FRESH 200G,0,0,0,100,89.95,PERSONAL CARE,N/A,0,0,0
8.85001E+12,J&J BABY POWDER BEDTIME 100G,J&J BABY POWDER BEDTIME 100G,0,0,8,78,70.71,PERSONAL CARE,N/A,0,0,0
8.85001E+12,J&J BABY POWDER BEDTIME 200G,J&J BABY POWDER BEDTIME 200G,0,0,0,120,106.67,PERSONAL CARE,N/A,0,0,0
4.80101E+12,J&J BABY POWDER BEDTIME 25G,J&J BABY POWDER BEDTIME 25G,0,0,0,28,25.28,PERSONAL CARE,N/A,0,0,0
4.80101E+12,J&J BABY POWDER COOLING 200G,J&J BABY POWDER COOLING 200G,0,0,0,100,89.03,PERSONAL CARE,N/A,0,0,0
4.80101E+12,J&J BABY POWDER COOLING 50G,J&J BABY POWDER COOLING 50G,0,0,0,35,29.22,PERSONAL CARE,N/A,0,0,0
4.80101E+12,J&J BABY POWDER CORNSTARCH 200G,J&J BABY POWDER CORNSTARCH 200G,0,0,0,100,89.95,PERSONAL CARE,N/A,0,0,0
4.80101E+12,J&J BABY POWDER MILK&RICE 100G,J&J BABY POWDER MILK&RICE 100G,0,0,0,65,57.92,PERSONAL CARE,N/A,0,0,0
8.85001E+12,J&J BABY POWDER MILK&RICE 200G,J&J BABY POWDER MILK&RICE 200G,0,0,0,0,0,PERSONAL CARE,N/A,0,0,0
4.80101E+12,J&J BABY POWDER MILK&RICE 25G,J&J BABY POWDER MILK&RICE 25G,0,0,0,21,18.42,PERSONAL CARE,N/A,0,0,0
4.80101E+12,J&J BABY POWDER MILK&RICE 50G,J&J BABY POWDER MILK&RICE 50G,0,0,0,35,31.65,PERSONAL CARE,N/A,0,0,0
8.85001E+12,J&J BABY POWDER PRICKLY HEAT 200G,J&J BABY POWDER PRICKLY HEAT 200G,0,0,0,100,89.95,PERSONAL CARE,N/A,0,0,0
8.85001E+12,J&J BABY POWDER PRICKLY HEAT 50G,J&J BABY POWDER PRICKLY HEAT 50G,0,0,0,30,26.85,PERSONAL CARE,N/A,0,0,0
4.80101E+12,J&J BABY SHAMP ACTIVE STRONG&HEALTHY 100ML,J&J BABY SHAMP ACTIVE STRONG&HEALTHY 100ML,0,0,0,90,81.5,PERSONAL CARE,N/A,0,0,0
4.80101E+12,J&J BABY SHAMP CLEAN&FRESH 100ML,J&J BABY SHAMP CLEAN&FRESH 100ML,0,0,3,97,87.25,PERSONAL CARE,N/A,0,0,0
4.80101E+12,J&J BABY SHAMP SHINY 100ML,J&J BABY SHAMP SHINY 100ML,0,0,4,97,88.15,PERSONAL CARE,N/A,0,0,0
9.55601E+12,J&J BABY SHAMP SOFT&SMOOTH 100ML,J&J BABY SHAMP SOFT&SMOOTH 100ML,0,0,2,88,88.15,PERSONAL CARE,N/A,0,0,0
9.55601E+12,J&J BABY SHAMP TEAR FREE 100ML,J&J BABY SHAMP TEAR FREE 100ML,0,0,0,0,0,PERSONAL CARE,N/A,0,0,0
4.80101E+12,J&J BABY SOAP 50G,J&J BABY SOAP 50G,0,0,11,25,20.97,PERSONAL CARE,N/A,0,0,0
4.80101E+12,J&J BABY SOAP MILK 120G,J&J BABY SOAP MILK 120G,0,0,4,58,51.94,PERSONAL CARE,N/A,0,0,0
4.80101E+12,J&J BABY SOAP MILK 50G,J&J BABY SOAP MILK 50G,0,0,4,26,22.74,PERSONAL CARE,N/A,0,0,0
4.80101E+12,J&J BABY SOAP MILK 75G,J&J BABY SOAP MILK 75G,0,0,2,41,36.55,PERSONAL CARE,N/A,0,0,0
4.80101E+12,J&J BABY SOAP PINK 120G,JJ BABY SOAP PINK 120G,0,0,6,58,51.94,PERSONAL CARE,N/A,0,0,0
4.80101E+12,J&J BABY SOAP PINK 150G,J&J BABY SOAP PINK 150G,0,0,0,55,48.95,PERSONAL CARE,N/A,0,0,0
4.80101E+12,J&J BABY SOAP PINK 50G,J&J BABY SOAP PINK 50G,0,0,0,22,21.05,PERSONAL CARE,N/A,0,0,0
4.80101E+12,J&J BABY SOAP WHITE 100G,J&J BABY SOAP WHITE 100G,0,0,0,35,29.1,PERSONAL CARE,N/A,0,0,0
9.55601E+12,J&J BATH MILK &RICE 100ML,J&J BATH MILK &RICE 100ML,0,0,5,67,59.02,PERSONAL CARE,N/A,0,0,0
4.80101E+12,J&J COLOGNE MORNING DEW 125ML,J&J COLOGNE MORNING DEW 125ML,0,0,3,95,87.42,PERSONAL CARE,N/A,0,0,0
4.80101E+12,J&J COLOGNE MORNING DEW 50ML,J&J COLOGNE MORNING DEW 50ML,0,0,1,48,43.07,PERSONAL CARE,N/A,0,0,0
4.80101E+12,J&J COLOGNE POWDER 125ML,J&J COLOGNE POWDER 125ML,0,0,0,97,87.42,PERSONAL CARE,N/A,0,0,0
4.80101E+12,J&J COLOGNE POWDER MIST 50ML,J&J COLOGNE POWDER MIST 50ML,0,0,1,48,43.07,PERSONAL CARE,N/A,0,0,0
4.80101E+12,J&J COLOGNE REGULAR 125ML,J&J COLOGNE REGULAR 125ML,0,0,0,95,84.87,PERSONAL CARE,N/A,0,0,0
4.80101E+12,J&J COLOGNE REGULAR 50ML,J&J COLOGNE REGULAR 50ML,0,0,0,45,38.41,PERSONAL CARE,N/A,0,0,0
4.80101E+12,J&J COLOGNE SLIDE 125ML,J&J COLOGNE SLIDE 125ML,0,0,0,95,82.41,PERSONAL CARE,N/A,0,0,0
4.80101E+12,J&J COLOGNE SLIDE 50ML,J&J COLOGNE SLIDE 50ML,0,0,6,48,43.07,PERSONAL CARE,N/A,0,0,0
4.80101E+12,J&J COLOGNE SUMMER SWING 50ML,J&J COLOGNE SUMMER SWING 50ML,0,0,0,45,38.41,PERSONAL CARE,N/A,0,0,0
9.55601E+12,J&J LOTION BEDTIME 100ML,J&J LOTION BEDTIME 100ML,0,0,2,141,127.55,PERSONAL CARE,N/A,0,0,0
9.55601E+12,J&J LOTION MILK&RICE 100ML,J&J LOTION MILK&RICE 100ML,0,0,4,110,96.48,PERSONAL CARE,N/A,0,0,0
8.85001E+12,J&J LOTION PINK 100ML,J&J LOTION PINK 100ML,0,0,0,85,81.19,PERSONAL CARE,N/A,0,0,0
4.80101E+12,J&J POWDER ACTIVE FRESH 50G,J&J POWDER ACTIVE FRESH 50G,0,0,0,28,24.41,PERSONAL CARE,N/A,0,0,0
8.85001E+12,J&J POWDER BEDTIME 50G,J&J POWDER BEDTIME 50G,0,0,2,40,35.92,PERSONAL CARE,N/A,0,0,0
4.80101E+12,J&J POWDER BLOSSOMS PINK 100G,J&J POWDER BLOSSOMS PINK 100G,0,0,2,68,61,PERSONAL CARE,N/A,0,0,0
8.85001E+12,J&J POWDER BLOSSOMS PINK 200G,J&J POWDER BLOSSOMS PINK 200G,0,0,0,110,97.66,PERSONAL CARE,N/A,0,0,0
48040693,J&J POWDER BLOSSOMS PINK 25G,J&J POWDER BLOSSOMS PINK 25G,0,0,0,21,18.52,PERSONAL CARE,N/A,0,0,0
4.80101E+12,J&J POWDER BLOSSOMS PINK 50G,J&J POWDER BLOSSOMS PINK 50G,0,0,8,35,31.55,PERSONAL CARE,N/A,0,0,0
8.85001E+12,J&J POWDER CLASSIC WHITE 100G,J&J POWDER CLASSIC WHITE 100G,0,0,0,51,48.87705882,PERSONAL CARE,N/A,0,0,0
8.85001E+12,J&J POWDER CLASSIC WHITE 200G,J&J POWDER CLASSIC WHITE 200G,0,0,0,95,84.42,PERSONAL CARE,N/A,0,0,0
48032742,J&J POWDER CLASSIC WHITE 25G,J&J POWDER CLASSIC WHITE 25G,0,0,0,20,17.38715976,PERSONAL CARE,N/A,0,0,0
48033459,J&J POWDER CLASSIC WHITE 50G,J&J POWDER CLASSIC WHITE 50G,0,0,12,30,26.72,PERSONAL CARE,N/A,0,0,0
9.55601E+12,J&J TOP TO TOE WASH 100ML (Y),J&J TOP TO TOE WASH 100ML (Y),0,0,5,95,83.45,PERSONAL CARE,N/A,0,0,0
4.80049E+12,JANUMET 50/500MG TAB X28,JANUMET 50/500MG TAB X28,0,0,15,28,25.8,BRANDED-RX,N/A,0,0,0
4.80029E+12,JARDIANCE 10MG TAB X30,JARDIANCE 10MG TAB X30,0,0,31,50,46.83,BRANDED-RX,N/A,0,0,0
4.80029E+12,JARDIANCE 25MG X30,JARDIANCE 25MG X30,0,0,0,55,53.9,BRANDED-RX,N/A,0,0,0
4.04885E+12,JARDIANCE DUO 12.5/1G TAB X30,JARDIANCE DUO 12.5/1G TAB X30,0,0,0,0,0,GENERICS-RX,N/A,0,0,0
4.80901E+12,JCHEMIE ACEITE ALCAMFORADO 60ML,JCHEMIE ACEITE ALCAMFORADO 60ML,0,0,0,25,20,DRHR,N/A,0,0,0
4.80901E+12,JCHEMIE ACEITE MANZANILLA 120ML,JCHEMIE ACEITE MANZANILLA 120ML,0,0,44,40,33.73868946,DRHR,N/A,0,0,0
4.80901E+12,JCHEMIE ACEITE MANZANILLA 60ML ,JCHEMIE ACEITE MANZANILLA 60ML ,0,0,36,30,20,DRHR,N/A,0,0,0
4.80901E+12,JCHEMIE AP-AP SOLN 15ML,JCHEMIE AP-AP SOLN 15ML,0,0,16,15,10.5,DRHR,N/A,0,0,0
4.80901E+12,JCHEMIE AP-AP SOLN 60ML,JCHEMIE AP-AP SOLN 60ML,0,0,4,30,21,DRHR,N/A,0,0,0
4.80901E+12,JCHEMIE AP-AP SOLUTION 30ML,JCHEMIE AP-AP SOLUTION 30ML,0,0,27,20,14.16666667,DRHR,N/A,0,0,0
4.80901E+12,JCHEMIE EUGENOL 1.25MG 7.5ML,JCHEMIE EUGENOL 1.25MG 7.5ML,0,0,1,30,23,DRHR,N/A,0,0,0
4.80901E+12,JCHEMIE HYDROGEN PEROXIDE 120ML,JCHEMIE HYDROGEN PEROXIDE 120ML,0,0,11,25,21,DRHR,N/A,0,0,0
4.80901E+12,JCHEMIE HYDROGEN PEROXIDE 60ML,JCHEMIE HYDROGEN PEROXIDE 60ML,0,0,6,20,17,DRHR,N/A,0,0,0
4.80901E+12,JCHEMIE PETROLEUM JELLY 20G,JCHEMIE PETROLEUM JELLY 20G,0,0,0,25,21,DRHR,N/A,0,0,0
4.80901E+12,JCHEMIE POVIDONE IODINE 120ML,JCHEMIE POVIDONE IODINE 120ML,0,0,0,65,55,DRHR,N/A,0,0,0
4.80901E+12,JCHEMIE POVIDONE IODINE 30ML,JCHEMIE POVIDONE IODINE 30ML,0,0,18,30,24.10714286,DRHR,N/A,0,0,0
4.80901E+12,JCHEMIE POVIDONE IODINE 60ML,JCHEMIE POVIDONE IODINE 60ML,0,0,41,40,35,DRHR,N/A,0,0,0
4.80901E+12,JCHEMIE SALICYLIC ACID 120ML,JCHEMIE SALICYLIC ACID 120ML,0,0,0,40,35.83,DRHR,N/A,0,0,0
4.80901E+12,JCHEMIE SALICYLIC ACID 30ML,JCHEMIE SALICYLIC ACID 30ML,0,0,36,20,14.75,DRHR,N/A,0,0,0
4.80901E+12,JCHEMIE SALICYLIC ACID 60ML,JCHEMIE SALICYLIC ACID 60ML,0,0,26,25,19.69099099,DRHR,N/A,0,0,0
4.80651E+12,JIMMS 5IN1 COFFEE REGULAR X20,JIMMS 5IN1 COFFEE REGULAR X20,0,0,4,13,11.3,FOOD & BEVERAGES,N/A,0,0,0
4.80651E+12,JIMMS 5IN1 COFFEE SUGAR FREE X20,JIMMS 5IN1 COFFEE SUGAR FREE X20,0,0,100,16,13.78,FOOD & BEVERAGES,N/A,0,0,0
4.80651E+12,JIMMS 7IN1 COFFEE REGULAR X12,JIMMS 7IN1 COFFEE REGULAR X12,0,0,17,15,11.946,FOOD & BEVERAGES,N/A,0,0,0
4.80101E+12,JJ BABY SOAP BLOSSOM 75G,JJ BABY SOAP BLOSSOM 75G,0,0,4,41,36.55,PERSONAL CARE,OHANA TRADING CORPORATION,0,0,0
9.55601E+12,JJ BATH MILK RICE 200 ML,JJ BATH MILK RICE 200 ML,0,0,2,125,109.03,PERSONAL CARE,N/A,0,0,0
9.55601E+12,JJ TOP TOP TO TOE 200ML,JJ TOP TO TOE BABY BATH 200ML,0,0,0,176,160,PERSONAL CARE,OHANA TRADING CORPORATION,0,0,0
4.80651E+12,JUICY COLOGNE ANGEL PINK 125ML,JUICY COLOGNE ANGEL PINK 125ML,0,0,8,56,50.72,PERSONAL CARE,N/A,0,0,0
4.80651E+12,JUICY COLOGNE ANGEL PINK 50ML,JUICY COLOGNE ANGEL PINK 50ML,0,0,4,30,25.72652778,PERSONAL CARE,N/A,0,0,0
4.80651E+12,JUICY COLOGNE DREAM VIOLET 50ML,JUICY COLOGNE DREAM VIOLET 50ML,0,0,0,30,25,PERSONAL CARE,N/A,0,0,0
4.80651E+12,JUICY COLOGNE ICY BLUE 50ML,JUICY COLOGNE ICY BLUE 50ML,0,0,10,30,25.73,PERSONAL CARE,N/A,0,0,0
4.80651E+12,JUICY COLOGNE ICYLICIOUS 125ML,JUICY COLOGNE ICYLICIOUS 125ML,0,0,1,55,50.71,PERSONAL CARE,N/A,0,0,0
4.80651E+12,JUICY COLOGNE ICYLICIOUS 75ML,JUICY COLOGNE ICYLICIOUS 75ML,0,0,0,40,34.08,PERSONAL CARE,N/A,0,0,0
4.80651E+12,JUICY COLOGNE ORANGE 125ML,JUICY COLOGNE ORANGE 125ML,0,0,0,55,49.25,PERSONAL CARE,N/A,0,0,0
4.80651E+12,JUICY COLOGNE ORANGE 50ML,JUICY COLOGNE ORANGE 50ML,0,0,1,30,23.75,PERSONAL CARE,N/A,0,0,0
4.80651E+12,JUICY COLOGNE SPARKLE GRN 50ML,JUICY COLOGNE SPARKLE GRN 50ML,0,0,0,30,25,PERSONAL CARE,N/A,0,0,0
4.80651E+12,JUICY COLOGNE SUGAR PINK 125ML,JUICY COLOGNE SUGAR PINK 125ML,0,0,-1,55,49.25,PERSONAL CARE,N/A,0,0,0
4.80651E+12,JUICY COLOGNE SWEET RED 125ML,JUICY COLOGNE SWEET RED 125ML,0,0,9,56,49.16,PERSONAL CARE,N/A,0,0,0
4.80651E+12,JUICY COLOGNE SWEET RED 25ML,JUICY COLOGNE SWEET RED 25ML,0,0,0,16,13.07,PERSONAL CARE,N/A,0,0,0
4.80651E+12,JUICY COLOGNE SWEET RED 50ML,JUICY COLOGNE SWEET RED 50ML,0,0,3,30,24.94,PERSONAL CARE,N/A,0,0,0
4.80651E+12,JUICY COLOGNE UP BLUE 125ML,JUICY COLOGNE UP BLUE 125ML,0,0,0,55,49.25,PERSONAL CARE,N/A,0,0,0
4.80651E+12,JUMBO CONES COOKIES N CREAM,JUMBO CONES COOKIES N CREAM,0,0,2,30,23.28,FOOD & BEVERAGES,N/A,0,0,0
4.80651E+12,JUMBO CONES DOUBLE DUTCH,JUMBO CONES DOUBLE DUTCH,0,0,8,30,23.28,FOOD & BEVERAGES,N/A,0,0,0
4.80651E+12,JUMBO CONES MANGO PEANUT,JUMBO CONES MANGO PEANUT,0,0,14,30,23.28,FOOD & BEVERAGES,N/A,0,0,0
1103363302,JUMBO CONES ROCKY ROAD,JUMBO CONES ROCKY ROAD,0,0,4,30,23.28,FOOD & BEVERAGES,N/A,0,0,0
4.80651E+12,JUMBO CONES UBE QUEZO,JUMBO CONES UBE QUEZO,0,0,9,30,23.28,FOOD & BEVERAGES,N/A,0,0,0
4.80652E+12,KALIUM DURULES 750MG X 100TAB,POTASSIUM CHLORIDE (KALIUM DURULES 750MG) X100 TAB,0,0,54,36,33.04684932,BRANDED-RX,N/A,0,0,0
8.1907E+14,KAMANGYAN 35G X12,KAMANGYAN 35G X12,0,0,115,5,1.62,OTHERS,N/A,0,0,0
6.92418E+12,KAMI BATH TISSUE 2PLY,KAMI BATH TISSUE 2PLY,0,0,256,11,8.34,PERSONAL CARE,N/A,0,0,0
4.80652E+12,KAMI KITCHEN TOWEL 2S,KAMI KITCHEN TOWEL 2S,0,0,0,70,63,SANPRO,N/A,0,0,0
8085413587,KAMI PAPER TOWEL 120 PULLS,KAMI PAPER TOWEL 120 PULLS,0,0,6,46,41.5,SANPRO,N/A,0,0,0
4.80001E+12,KAMILLOSAN SPRAY 15ML,KAMILLOSAN SPRAY 15ML,0,0,4,445,421.12,BRANDED-OTC,N/A,0,0,0
4.80651E+12,KARVIDOL 25MG TAB,CARVEDILOL 25MG TAB (KARVIDOL) X100,0,0,948,7,2.984348497,GENERICS-RX,N/A,0,0,0
4.80651E+12,KARVIDOL 6.25MG TAB,CARVEDILOL 6.25MG TAB (KARVIDOL) X100,0,0,1341,5,1.79,GENERICS-RX,N/A,0,0,0
8.27116E+13,KASTAIR 4MG EZTAB X28,KASTAIR 4MG EZTAB X28,0,0,16,25,22.45,BRANDED-RX,N/A,0,0,0
4.80901E+12,KATIALIS  OINT MED 15G,KATIALIS  OINT MED 15G,0,0,5,41,32.13,DRHR,N/A,0,0,0
4.80901E+12,KATIALIS OINT BIG 30G,KATIALIS OINT BIG 30G,0,0,5,61,57.63,DRHR,N/A,0,0,0
4.80901E+12,KATIALIS OINT SMALL 5G,KATIALIS OINT SMALL 5G,0,0,24,30,26.95,DRHR,N/A,0,0,0
4.80901E+12,KATIALIS SOAP 90G,KATIALIS SOAP 90G,0,0,5,56,50.69,PERSONAL CARE,N/A,0,0,0
4.80604E+12,KATINKO CALMING (LAVANDER) ROLL-ON 10ML,KATINKO CALMING (LAVANDER) ROLL-ON 10ML,0,0,-6,85,74.1,DRHR,N/A,0,0,0
4.80901E+12,KATINKO GINGER (YELLOW) ROLL-ON 10ML,KATINKO GINGER (YELLOW) ROLL-ON 10ML,0,0,10,85,74.1,DRHR,N/A,0,0,0
4.80901E+12,KATINKO INHALER 2ML,KATINKO INHALER 2ML,0,0,4,75,55.36714286,DRHR,,0,0,0
4.80901E+12,KATINKO OINT BIG 30G,KATINKO OINT BIG 30G,0,0,6,85,68.74421053,DRHR,N/A,0,0,0
4.80604E+12,KATINKO OINT CALMING (LAVANDER) 10G,KATINKO OINT CALMING (LAVANDER) 10G,0,0,0,48,42.75,DRHR,N/A,0,0,0
4.80604E+12,KATINKO OINT GINGER (Y) 10G,KATINKO OINT GINGER (Y) 10G,0,0,0,48,42.75,DRHR,N/A,0,0,0
4.80604E+12,KATINKO OINT PEPPERMINT (G) 10G,KATINKO OINT PEPPERMINT (G) 10G,0,0,0,48,42.75,DRHR,N/A,0,0,0
4.80901E+12,KATINKO OINT SMALL 10G,KATINKO OINT SMALL 10G,0,0,10,40,29.68074936,DRHR,N/A,0,0,0
4.80604E+12,KATINKO PEPPERMINT (GREEN) ROLL-ON 10ML,KATINKO PEPPERMINT (GREEN) ROLL-ON 10ML,0,0,-8,85,74.1,DRHR,N/A,0,0,0
4.80901E+12,KATINKO ROLL-ON 10ML,KATINKO ROLL-ON 10ML,0,0,16,50,41.79478261,DRHR,N/A,0,0,0
4.80901E+12,KATINKO STICK 10G,KATINKO STICK 10G,0,0,-3,40,35.66,PERSONAL CARE,,0,0,0
4.80035E+12,KELTICAN CAP X20,KELTICAN CAP X20,0,0,32,27,25.42,BRANDED-RX,N/A,0,0,0
4.80652E+12,KENZAR 50MG TAB X30,KENZAR 50MG TAB X30,0,0,95,13,11.48,BRANDED-RX,N/A,0,0,0
4.80652E+12,KETOANALOGUE (KETOREX) TAB X100,KETOANALOGUE (KETOREX) TAB X100,0,0,392,15,4.8,BRANDED-RX,N/A,0,0,0
4.80651E+12,KETOANALOGUES TAB (RENABAL) X100,KETOANALOGUES TAB (RENABAL) X100,0,0,0,21,10.35,GENERICS-RX,N/A,0,0,0
4.80652E+12,KETOCONAZOLE 20MG/G CRM 15G (FUNGAZONE),KETOCONAZOLE 20MG/G CRM 15G (FUNGAZONE),0,0,22,60,27,GENERICS-RX,"PHARMA DYNAMIC, INCORPORATED",0,0,0
4.80652E+12,KETOCONAZOLE 20MG/G CRM 15G (FUNGINIL-K),KETOCONAZOLE 20MG/G CRM 15G (FUNGINIL-K),0,0,0,80,40,GENERICS-RX,N/A,0,0,0
1.89043E+13,KETOCONAZOLE 20MG/G CRM 15G (NIZOCHEM),KETOCONAZOLE 20MG/G CRM 15G (NIZOCHEM),0,0,0,70,35,GENERICS-RX,N/A,0,0,0
4.80652E+12,KETOESSEN FC TAB X100,KETOESSEN FC TAB X100,0,0,0,15,6.8,GENERICS-RX,N/A,0,0,0
4.80902E+12,KETOMIRIN 630 MG TABX100,KETOANALOUGES+ESSENTIAL AMINO ACIDS 630 MG (KETOMIRIN) TABX100,0,0,0,20,7,GENERICS-OTC,ELISET PHARMACEUTICAL INC,0,0,0
4.80902E+12,KETOROBAS 30MG I.V AMP X10,KETOROLAC (KETOROBAS) I.V AMP. X10,0,0,0,30,12.5,INTRAVENOUS SOLN,NTPK,0,0,0
4.80653E+12,KETOROLAC (KETORIGHT) AMP 1ml X10,KETORIGHT,0,0,0,30,14.9,GENERICS-RX,N/A,0,0,0
4.80651E+12,KETOROLAC 10MG TAB (EUROLAC) X100,KETOROLAC 10MG TAB (EUROLAC) X100,0,0,513,20,8.000034909,GENERICS-RX,N/A,0,0,0
4.80652E+12,KETOROLAC 30MG (KETOPANE) AMP 1ML X10,KETOROLAC 30MG (KETOPANE) AMP 1ML X10,0,0,0,50,23,INTRAVENOUS SOLN,N/A,0,0,0
8.90349E+12,KETOROLAC TROMETAMOL 30MG (SAPHROLAC) AMP 1ml X10,SAPHROLAC AMP ,0,0,0,30,14.5,INTRAVENOUS SOLN,N/A,0,0,0
4.80653E+12,KETSOKANT 20/G CREAM 15G,KETOCONAZOLE 20MG (KETSOKANT) CREAM 15G,0,0,0,70,34.90909091,GENERICS-OTC,NTPK,0,0,0
kf94c2,KF94 MASK,KF94 MASK,0,0,46,5,2.98,MEDICAL SUPPLIES,,0,0,0
117107541,KHRIZVELA 800MG TABX30,SEVELAMER CARBONATE (KHRIZVELA) 800MG TABX30,0,0,164,20,9,GENERICS-RX,N/A,0,0,0
9259225649,KIDDILETS 120MG CHEWTAB X500,KIDDILETS 120MG CHEWTAB X500,0,0,123,4,3.4,BRANDED-OTC,N/A,0,0,0
4.80652E+12,KIDDY PLUZ-C SYRUP 120ML,KIDDY PLUZ-C SYRUP 120ML,0,0,23,85,40,GENERICS-OTC,N/A,0,0,0
6699973622,KIDNEY CARE CAP X100,KIDNEY CARE CAP X100,0,0,63,18,14.96,BRANDED-OTC,N/A,0,0,0
96619982110,KIRKLAND VIT. E 400IU X500,KIRKLAND VIT. E 400IU X500,0,0,488,5,1.7,BRANDED-OTC,N/A,0,0,0
4.80006E+12,KLEENEX TRAVEL TISSUE BIG,KLEENEX TRAVEL TISSUE BIG,0,0,11,45,37.39,SANPRO,N/A,0,0,0
4.80006E+12,KLEENEX TRAVEL TISSUE SMALL,KLEENEX TRAVEL TISSUE SMALL,0,0,11,25,20.89,PERSONAL CARE,N/A,0,0,0
4.80652E+12,KN95 MASK,KN95 MASK,0,0,25,15,8.98,MEDICAL SUPPLIES,0,0,0,0
4.80652E+13,KOJIE SAN TINTED SUNSCREEN,KOJIE SAN TINTED SUNSCREEN SPF50 7.5g,0,0,0,135,120,PERSONAL CARE,WATSONS,0,0,0
4.80652E+12,KOJIE SAN TWIN PACK 15G,KOJIE SAN TWIN PACK 15G,0,0,0,32,28.56,PERSONAL CARE,,0,0,0
4.80901E+12,KOJIESAN DREAMWHITE 135G,KOJIESAN DREAMWHITE 135G,0,0,2,136,123.31,PERSONAL CARE,N/A,0,0,0
4.80901E+12,KOJIESAN DREAMWHITE 65G,KOJIESAN DREAMWHITE 65G,0,0,11,82,73.512,PERSONAL CARE,N/A,0,0,0
4.80901E+12,KOJIESAN SOAP 3S,KOJIESAN SOAP 3S,0,0,16,100,89.55,PERSONAL CARE,N/A,0,0,0
4.80901E+12,KOJIESAN SOAP 45G SACHET,KOJIESAN SOAP 45G SACHET,0,25,33,30,26.73272727,PERSONAL CARE,N/A,0,0,0
4.80901E+12,KOJIESAN SOAP 65G X2,KOJIESAN SOAP 65G X2,0,0,31,70,58.75,PERSONAL CARE,N/A,0,0,0
4.80652E+12,KOJIESAN SUN PROTECT SPF 50 FACE 15G,KOJIESAN SUN PROTECT SPF 50 FACE 15G,0,0,0,110,99,PERSONAL CARE,N/A,0,0,0
4.80652E+12,KOJIESAN SUN PROTECT SPF 50 SPORT 15G,KOJIESAN SUN PROTECT SPF 50 SPORT 15G,0,0,0,110,99,PERSONAL CARE,N/A,0,0,0
83478505,KOLANTRO 10G,KOLANTRO 10G,0,0,-56,10,7.85,OTHERS,,0,0,0
4.98707E+12,KOOL FEVER ADULT 2S X3,KOOL FEVER ADULT 2S X3,0,0,25,52,45.5879197,DRHR,N/A,0,0,0
4.98707E+12,KOOL FEVER BABIES 2S X3,KOOL FEVER BABIES 2S X3,0,0,17,52,43.598,DRHR,N/A,0,0,0
4.98707E+12,KOOL FEVER KIDS 2S X3,KOOL FEVER KIDS 2S X3,0,0,29,52,44.34241379,DRHR,N/A,0,0,0
4.80779E+12,KREMIL-S ADVANCE CHEWTAB X100,KREMIL-S ADVANCE CHEWTAB X100,0,0,109,23,20.8640625,BRANDED-OTC,N/A,0,0,0
4.80779E+12,KREMIL-S CHEWTAB X100,KREMIL-S CHEWTAB X100,0,0,69,10,8.59034136,BRANDED-OTC,N/A,0,0,0
4.80779E+12,KREMIL-S COOL RELIEF SACH 10ML X100,KREMIL-S COOL RELIEF SACH 10ML X100,0,0,0,31,29.25,BRANDED-OTC,N/A,0,0,0
85816729,KRIJENTA 5MG TAB X30,LINAGLIPTIN (KRIJENTA 5MG) TAB X30,0,0,94,25,11,GENERICS-RX,,0,0,0
4.80901E+12,KUCHI KUCHI COOLING POWDER 100G (CITRONELLA),KUCHI KUCHI COOLING POWDER 100G (CITRONELLA),0,0,-2,90,81.6,PERSONAL CARE,RHODESIAN SALES CORP.,0,0,0
4.80901E+12,KUCHI KUCHI COOLING POWDER 50G (CITRONELLA),KUCHI KUCHI COOLING POWDER 50G (CITRONELLA),0,0,-5,68,56.1,PERSONAL CARE,RHODESIAN SALES CORP.,0,0,0
4.80651E+12,KUCHI KUCHI NAPPY POWDER 50G,KUCHI KUCHI NAPPY POWDER 50G,0,0,0,80,71.4,PERSONAL CARE,N/A,0,0,0
4.80651E+12,KUCHI KUCHI PRICKLY HEAT BEDTIME 100G,KUCHI KUCHI PRICKLY HEAT BEDTIME 100G,0,0,5,90,81.6,PERSONAL CARE,N/A,0,0,0
4.80651E+12,KUCHI KUCHI PRICKLY HEAT BEDTIME 50G,KUCHI KUCHI PRICKLY HEAT BEDTIME 50G,0,0,9,65,56.1,PERSONAL CARE,N/A,0,0,0
4.80651E+12,KUCHI KUCHI PRICKLY HEAT COOLING 100G,KUCHI KUCHI PRICKLY HEAT COOLING 100G,0,0,4,106,81.6,PERSONAL CARE,N/A,0,0,0
4.80651E+12,KUCHI KUCHI PRICKLY HEAT COOLING 50G,KUCHI KUCHI PRICKLY HEAT COOLING 50G,0,0,4,68,51.34411765,PERSONAL CARE,N/A,0,0,0
4.80651E+12,KUCHI KUCHI UA & FOOT POWDER 100G,KUCHI KUCHI UA & FOOT POWDER 100G,0,0,0,90,71.4,PERSONAL CARE,N/A,0,0,0
4.80651E+12,KUCHI KUCHI UA & FOOT POWDER 50G,KUCHI KUCHI UA & FOOT POWDER 50G,0,0,0,65,51.78,PERSONAL CARE,N/A,0,0,0
1938756,KULANTRO 10G,KULANTRO 10G,0,0,144,10,7.85,OTHERS,N/A,0,0,0
4879019712,KUYO 5'S,KUYO 5'S,0,0,0,18,16,DRHR,N/A,0,0,0
4.80652E+12,KWELL SHAMPOO X24,KWELL SHAMPOO X24,0,0,19,44,38.93,DRHR,N/A,0,0,0
4.80033E+12,LACIPIL 6MG TAB X28,LACIPIL 6MG TAB X28,0,0,52,48,45.37317073,BRANDED-RX,N/A,0,0,0
4.80014E+12,LACTACYD BABY BATH BLUE 150ML,LACTACYD BABY BATH BLUE 150ML,0,0,0,230,207.9,PERSONAL CARE,N/A,0,0,0
4.80014E+12,LACTACYD BABY BATH BLUE 250ML,LACTACYD BABY BATH BLUE 250ML,0,0,3,340,306.9,PERSONAL CARE,N/A,0,0,0
4.80014E+12,LACTACYD BABY BATH BLUE 60ML,LACTACYD BABY BATH BLUE 60ML,0,0,5,105,94.47430556,BABY PRODUCTS,N/A,0,0,0
8.99324E+12,LACTACYD FW ALL-DAY CARE 60ML,LACTACYD FW ALL-DAY CREAM 60 ML,0,0,0,75,67.66,PERSONAL CARE,DYNA DRUG CORP.,0,0,0
4.80014E+12,LACTACYD FW ODOR FRESH 60ML,LACTACYD FW ODOR FRESH 60ML,0,0,5,80,70.02,PERSONAL CARE,N/A,0,0,0
8.93612E+12,LACTACYD FW PEARL INTIMATE 60ML,LACTACYD FW PEARL INTIMATE 60ML,0,0,1,87,78.21,PERSONAL CARE,N/A,0,0,0
4.80014E+12,LACTACYD FW PRO SENSITIVE 60ML,LACTACYD FW PRO SENSITIVE 60ML,0,0,3,87,78.21,PERSONAL CARE,N/A,0,0,0
4.80014E+12,LACTACYD TODDLERTUBS 60ML,LACTACYD TODDLERTUBS 60ML,0,0,0,72,65,BABY PRODUCTS,N/A,0,0,0
4.80057E+12,LACTATED RINGERS (EUROMED) 1L,LACTATED RINGERS (EUROMED) 1L,0,0,13,120,57.731,MEDICAL SUPPLIES,N/A,0,0,0
3344424965,LACTEZIN CAP X28,LACTEZIN CAP X28,0,0,40,30,27,BRANDED-OTC,N/A,0,0,0
4.80653E+12,LACTULOSE 3.35G/5ML SYR (ACCELLAC) 60ML,LACTULOSE 3.35G/5ML SYR (ACCELLAC) 60ML,0,0,-1,158,105.25,GENERICS-RX,N/A,0,0,0
8.71205E+12,LACTUM 0-6 2KG,LACTUM 0-6 2KG,0,0,2,1410,1315.26,MILK,N/A,0,0,0
8.71205E+12,LACTUM 0-6MO 1.15KG,LACTUM 0-6MO 1.15KG,0,0,3,890,834.3866667,PERSONAL CARE,N/A,0,0,0
8.71205E+12,LACTUM 0-6MO 150G,LACTUM 0-6MO 150G,0,0,5,130,122.366303,MILK,N/A,0,0,0
3.00875E+11,LACTUM 0-6MO 350G,LACTUM 0-6MO 350G,0,0,8,310,284.5528889,MILK,N/A,0,0,0
8.71205E+12,LACTUM 1+ 1.15KG,LACTUM 1+ 1.15KG,0,0,4,935,885.72,MILK,N/A,0,0,0
8.71205E+12,LACTUM 1-3 150G,LACTUM 1-3 150G,0,0,12,100,93.09875,MILK,N/A,0,0,0
8.71205E+12,LACTUM 1-3 2.3KG,LACTUM 1-3 2.3KG,0,0,3,1430,1333.74,MILK,N/A,0,0,0
8.71205E+12,LACTUM 1-3 2KG,LACTUM 1-3 2KG,0,0,2,1310,1246.67,MILK,N/A,0,0,0
8.71205E+12,LACTUM 1-3 350G,LACTUM 1-3 350G,0,0,10,270,257.14,MILK,N/A,0,0,0
8.71205E+12,LACTUM 3+ 1.15KG,LACTUM 3+ 1.15KG,0,0,1,880,845.6596,MILK,N/A,0,0,0
8.71205E+12,LACTUM 3+ 2.3 KG,LACTUM 3+ 2.3 KG,0,0,0,1425,1330,MILK,N/A,0,0,0
8.71205E+12,LACTUM 3+ 2KG,LACTUM 3+ 2KG,0,0,0,1300,1238.09,MILK,N/A,0,0,0
8.71205E+12,LACTUM 3+ 350G,LACTUM 3+ 350G,0,0,18,265,247.97175,MILK,N/A,0,0,0
8.71205E+12,LACTUM 6-12 2KG ,LACTUM 6-12 2KG ,0,0,0,1350,1258.71,MILK,,0,0,0
8.71205E+12,LACTUM 6-12MO 1.15KG,LACTUM 6-12MO 1.15KG,0,0,1,880,825.98,MILK,N/A,0,0,0
8.71205E+12,LACTUM 6-12MO 150G,LACTUM 6-12MO 150G,0,0,6,130,119.05,MILK,N/A,0,0,0
3.00875E+11,LACTUM 6-12MO 350G,LACTUM 6-12MO 350G,0,0,4,300,284.75,MILK,N/A,0,0,0
4.80006E+12,LADY PILLS 28,LADY PILLS 28,0,0,143,46,41.45742268,BRANDED-OTC,N/A,0,0,0
4.80604E+12,LAGUDI 300MG (OFLEMED) SYR 60ML,LAGUDI 300MG (OFLEMED) SYR 60ML,0,0,-5,55,27.5,GENERICS-OTC,N/A,0,0,0
4.80604E+12,LAGUNDI 300MG/5ML SYR (OFPLEMED) 60ML,LAGUNDI 300MG/5ML SYR (OFPLEMED) 60ML,0,0,23,60,26.8,GENERICS-OTC,N/A,0,0,0
4.8065E+12,LAGUNDI 600MG (ASFLEM) TAB X100,LAGUNDI 600MG (ASFLEM) TAB X100,0,0,0,4,1.85,GENERICS-OTC,N/A,0,0,0
4.8065E+12,LAGUNDI 600MG TAB (CAFGARD) X100,LAGUNDI 600MG TAB (CAFGARD) X100,0,0,0,6,2.9,GENERICS-OTC,N/A,0,0,0
4.8065E+12,LAGUNDI 600MG TAB (CLIRCAF FORTE) X100,LAGUNDI 600MG TAB (CLIRCAF FORTE) X100,0,0,0,5,2.1,GENERICS-OTC,N/A,0,0,0
4.80653E+12,LAGUNDI 600MG TAB (OFPLEMED) X100,LAGUNDI 600MG TAB (OFPLEMED) X100,0,0,0,4,1.96,GENERICS-OTC,N/A,0,0,0
4.80652E+12,LANOXIN 250MCG TAB X500,LANOXIN 250MCG TAB X500,0,0,398,7,5.83757025,BRANDED-RX,N/A,0,0,0
4.80902E+12,LANSOPRAZOLE 30MG (LANSOMEDIX) TAB X100,LANSOPRAZOLE 30MG (LANSOMEDIX) TAB X100,0,0,0,12,5.5,GENERICS-RX,N/A,0,0,0
2.30444E+14,LASIX 40MG TAB X100,LASIX 40MG TAB X100,0,0,0,35,31.77,BRANDED-RX,N/A,0,0,0
9.5576E+12,LATEX GLOVES LARGE X100,LATEX GLOVES LARGE X100,0,0,0,5,1.7,MEDICAL SUPPLIES,N/A,0,0,0
4.80654E+12,LATEX GLOVES MEDIUM X100,LATEX GLOVES MEDIUM X100,0,0,-37,5,1.85,MEDICAL SUPPLIES,N/A,0,0,0
4.8003E+12,LEE MF-RHINO HERBAL TEA,LEE MF-RHINO HERBAL TEA,0,0,31,38,34.5,BRANDED-OTC,N/A,0,0,0
4.80604E+12,LENOXA 500MG X100 TAB,LEVOFLOXACIN (LENOXA 500MG) X 100TAB,0,0,363,6,2.9,GENERICS-RX,,0,0,0
4.80901E+12,LESOFAT 120MG CAP X20,LESOFAT 120MG CAP X20,0,0,36,32,29.81222222,BRANDED-OTC,N/A,0,0,0
8.90373E+12,LETRAM 500MG TABX100,LEVETIRACETAM (LETRAM) 500MG TABX100,0,0,0,12,5.9,GENERICS-RX,N/A,0,0,0
7.70733E+12,LEUKOPLAST 1.25CMX1M,LEUKOPLAST 1.25CMX1M,0,0,0,55,48.75,MEDICAL SUPPLIES,N/A,0,0,0
7.70733E+12,LEUKOPLAST 2.5CMX1M,LEUKOPLAST 2.5CMX1M,0,0,0,72,65,MEDICAL SUPPLIES,N/A,0,0,0
4.80654E+12,LEVETIRACETAM 500MG (CZURE) TAB X30,LEVETIRACETAM 500MG (CZURE) TAB X30,0,0,0,10,4.010026454,BRANDED-RX,N/A,0,0,0
8.90373E+12,LEVETIRACETAM 500MG (LEPIXA) TAB X100,LEVETIRACETAM 500MG (LEPIXA) TAB X100,0,0,0,25,12.5,GENERICS-RX,N/A,0,0,0
4.80604E+12,LEVETIRACETAM 500MG (LEVETREX) X100,LEVETIRACETAM 500MG (LEVETREX) X100,0,0,1,10,4.243382353,GENERICS-RX,N/A,0,0,0
8.90113E+12,LEVETIRACETAM 500MG TAB (LEVIPIL) X30,LEVETIRACETAM 500MG TAB (LEVIPIL) X30,0,0,-4,25,12,GENERICS-RX,N/A,0,0,0
4.80653E+12,LEVETRAMED-500 500MG TAB X30,LEVETIRACETAM (LEVETRAMED-500),0,0,-27,16,8,GENERICS-RX,MEDCENTRAL PHARMAAND MEDICAL SUPPLIES DISTRIBUTION,0,0,0
8.90802E+12,LEVITERACETAM 500MG (LEVESAPH) TABX100,LEVITERACETAM 500MG (LEVESAPH) TABX100,0,0,1197,10,3.95,BRANDED-RX,PRIMECARE,0,0,0
4.80902E+12,LEVOCETIRIZINE 5MG (CETOZ-L) TAB X100,LEVOCETIRIZINE 5MG (CETOZ-L) TAB X100,0,0,0,6,2.98,GENERICS-RX,N/A,0,0,0
4.80604E+12,LEVOCETIRIZINE 5MG (IZTAID) TAB X100,LEVOCETIRIZINE 5MG (IZTAID) TAB X100,0,0,75,5,1.45,GENERICS-RX,N/A,0,0,0
4.80604E+12,LEVOCETIRIZINE 5MG (LEVOCEC) TAB X30,LEVOCETIRIZINE 5MG (LEVOCEC) TAB X30,0,0,30,5,1.3,GENERICS-RX,N/A,0,0,0
8.90405E+12,LEVOCETIRIZINE 5MG TAB (LECETZY) X100,LEVOCETIRIZINE 5MG TAB (LECETZY) X100,0,0,0,7,3.3,GENERICS-RX,N/A,0,0,0
4.80034E+12,LEVOCETIRIZINE 5MG TAB X100,LEVOCETIRIZINE 5MG TAB X100,0,0,-5,5,2.2,GENERICS-RX,N/A,0,0,0
3261202003,LEVOFLOXACIN 500MG TAB (ELCIN) X100,LEVOFLOXACIN 500MG TAB (ELCIN) X100,0,0,0,6,3,GENERICS-RX,N/A,0,0,0
4.80653E+12,LEVOFLOXACIN 500MG TAB (LEVEFLOX) X100,LEVOFLOXACIN 500MG TAB (LEVEFLOX) X100,0,0,0,8,3.95,GENERICS-RX,N/A,0,0,0
1.89039E+13,LEVOFLOXACIN 750MG (FLOXANOVA) X100,LEVOFLOXACIN 750MG (FLOXANOVA) X100,0,0,35,16,8,BRANDED-RX,N/A,0,0,0
4.80601E+12,LEVOPRONT 30MG SYR 120ML,LEVOPRONT 30MG SYR 120ML,0,0,0,735,698.46,BRANDED-RX,N/A,0,0,0
4.80601E+12,LEVOPRONT 30MG/5ML SYR 60ML,LEVOPRONT 30MG/5ML SYR 60ML,0,0,4,456,430.4012,BRANDED-RX,N/A,0,0,0
8.90604E+12,LEVOSAPH 500MG X100,LEVOFLOXACIN 500MG (LEVOSAPH) X100,0,0,12,7,2.95,GENERICS-RX,MEDTRIO,0,0,0
4.80651E+12,LEVOTHYROXINE 50MCG TAB (EUROLEV) X90,LEVOTHYROXINE 50MCG TAB (EUROLEV) X90,0,0,0,4,1.92,GENERICS-RX,N/A,0,0,0
4.80005E+12,LEWIS & PEARL CANDY KISS 125ML,LEWIS & PEARL CANDY KISS 125ML,0,0,0,60,52.47,PERSONAL CARE,N/A,0,0,0
4.80005E+12,LEWIS & PEARL DREAM 125ML,LEWIS & PEARL DREAM 125ML,0,0,0,65,55.09,PERSONAL CARE,N/A,0,0,0
4.80005E+12,LEWIS & PEARL DREAM 50ML,LEWIS & PEARL DREAM 50ML,0,0,0,32,28.61,PERSONAL CARE,N/A,0,0,0
4.80005E+12,LEWIS & PEARL NEW YORK 125ML,LEWIS & PEARL NEW YORK 125ML,0,0,0,60,52.47,PERSONAL CARE,N/A,0,0,0
4.80005E+12,LEWIS & PEARL PARIS 125ML,LEWIS & PEARL PARIS 125ML,0,0,1,61,55.09,PERSONAL CARE,N/A,0,0,0
4.80005E+12,LEWIS & PEARL PARIS 50ML,LEWIS & PEARL PARIS 50ML,0,0,0,32,28.61,PERSONAL CARE,N/A,0,0,0
4.80005E+12,LEWIS & PEARL PINK PASSION 125ML,LEWIS & PEARL PINK PASSION 125ML,0,0,0,60,54.45,PERSONAL CARE,N/A,0,0,0
4.80005E+12,LEWIS & PEARL PINK PASSION 50ML,LEWIS & PEARL PINK PASSION 50ML,0,0,0,32,28.61,PERSONAL CARE,N/A,0,0,0
4.80005E+12,LEWIS & PEARL RAIN 50ML,LEWIS & PEARL RAIN 50ML,0,0,8,32,28.61,PERSONAL CARE,N/A,0,0,0
4.80005E+12,LEWIS _PEARL COOL FANTASY 50ML,LOEWI _PEARL COOL FANTASY 50ML,0,0,0,32,28.61,PERSONAL CARE,OHANA TRADING CORPORATION,0,0,0
4.80005E+12,LEWIS&PEARL POWDER-CHILL 50 g,LEWIS&PEARL POWDER-CHILL 50 g,0,0,10,25,22.68,PERSONAL CARE,N/A,0,0,0
4.80005E+12,LEWIS&PEARL RAIN 125ML,LEWIS&PEARL RAIN 125ML,0,0,6,61,54.58,PERSONAL CARE,N/A,0,0,0
4.80005E+12,LEWIS&PEARL- WHITE BLUSH 50g,LEWIS&PEARL- pink,0,0,0,25,20.39,PERSONAL CARE,N/A,0,0,0
4.80005E+12,LEWIS_PEARL COOL FANTASY 125ML,LEWIS_FEARL COOL FANTASY 125ML,0,0,17,61,54.86333333,PERSONAL CARE,OHANA TRADING CORPORATION,0,0,0
102444644,LEWIS_PEARL COOL FANTASY 125ML,LEWIS _PEARL COOL FANTASY 125ML,0,0,1,61,55.09,PERSONAL CARE,OHANA TRADING CORPORATION,0,0,0
4.80005E+12,LEWISPEARL POWDER- RAIN 50G,LEWISPEARL POWDER- RAIN 50G,0,0,9,25,22.67,PERSONAL CARE,N/A,0,0,0
4.80005E+12,LEWISPEARLPOWDER- JASMINE GARDEN 50g,LEWISPEARLPOWDER- JASMINE GARDEN 50g,0,0,9,25,20.39,PERSONAL CARE,N/A,0,0,0
4.80003E+12,LICEALIZ 2MG/2ML 10ML,LICEALIZ 2MG/2ML 10ML,0,0,1,20,16.5,DRHR,N/A,0,0,0
4.80003E+12,LICEALIZ COOLING 10ML SACH X12,LICEALIZ COOLING 10ML SACH X12,0,0,6,20,16.341792,PERSONAL CARE,N/A,0,0,0
4.80604E+12,LIDOPHIL IV 50ML,LIDOCAINE HCL (LIDOPHIL) IV 50ML ,0,0,3,92,45.6,INTRAVENOUS SOLN,NTPK,0,0,0
4.80089E+12,LIFEBUOY VALUE PACK,LIFEBUOY VALUE PACK,0,0,3,106,96.1,PERSONAL CARE,N/A,0,0,0
3004449108,LIFEZAR 100MG TAB X50,LIFEZAR 100MG TAB X50,0,0,29,33,29.985,BRANDED-RX,N/A,0,0,0
4651546643,LIFEZAR 50MG TAB X50,LIFEZAR 50MG TAB X50,0,0,17,26,23.6130007,BRANDED-RX,N/A,0,0,0
4.80019E+12,LIKAS PAPAYA SOAP 135G,LIKAS PAPAYA SOAP 135G,0,0,2,171,155,PERSONAL CARE,N/A,0,0,0
8.964E+12,LILAC 3.35G/5ML 60ML,LILAC 3.35G/5ML 60ML,0,0,5,172,163.46,BRANDED-RX,N/A,0,0,0
4.80005E+12,LIPOVITAN 100ML,LIPOVITAN 100ML,0,0,0,30,26.6,FOOD & BEVERAGES,,0,0,0
9E+12,LIPTON TEABAGS GREEN 1.5G X10,LIPTON TEABAGS GREEN 1.5G X10,0,0,8,10,8.87,FOOD & BEVERAGES,N/A,0,0,0
8.88809E+12,LIPTON TEABAGS YEL 2G X25,LIPTON TEABAGS YEL 2G X25,0,0,86,6,4.31,FOOD & BEVERAGES,N/A,0,0,0
9.31006E+12,LISTERINE COOL MINT 250ML,LISTERINE COOL MINT 250ML,0,0,0,135,122.01,PERSONAL CARE,N/A,0,0,0
8.99273E+12,LISTERINE COOL MINT500ML,LISTERINE COOL MINT500ML,0,0,0,216,0,PERSONAL CARE,N/A,0,0,0
8.85001E+12,LISTERINE MW COOLMINT 100ML,LISTERINE MW COOLMINT 100ML,0,0,1,60,52.57,PERSONAL CARE,N/A,0,0,0
8.85001E+12,LISTERINE MW FRESH BURST 100ML,LISTERINE MW FRESH BURST 100ML,0,0,2,60,52.41714286,PERSONAL CARE,N/A,0,0,0
9.31006E+12,LISTERINE MW FRESH BURST 250ML,LISTERINE MW FRESH BURST 250ML,0,0,1,135,122.01,PERSONAL CARE,N/A,0,0,0
8.85001E+12,LISTERINE MW TOTAL CARE 250ML,LISTERINE MW TOTAL CARE 250ML,0,0,0,171,155.38,PERSONAL CARE,N/A,0,0,0
8.85001E+12,LISTERINE TOTAL CARE 100ML,LISTERINE TOTAL CARE 100ML,0,0,9,95,84.57,PERSONAL CARE,N/A,0,0,0
4.80652E+12,LIVER GOLD F X60,LIVER GOLD F X60,0,0,553,18,8,GENERICS-OTC,N/A,0,0,0
4.80901E+12,LIVERAIDE CAP X100,LIVERAIDE CAP X100,0,0,45,20,17.4,BRANDED-OTC,N/A,0,0,0
4.80653E+12,LIVERBOS CAP X32,LIVERBOS CAP X32,0,0,15,12,6.09,GENERICS-OTC,N/A,0,0,0
4.75137E+14,LIVOLINFORTE CAP X100,LIVOLINFORTE CAP X100,0,0,69,31,28.17,BRANDED-RX,N/A,0,0,0
8.99523E+12,LOLA REMEDIOS SACH 15ML X12,LOLA REMEDIOS SACH 15ML X12,0,0,20,11,10.01046866,BRANDED-OTC,N/A,0,0,0
8983307893,LOMOTIL 2MG TAB X100,LOMOTIL 2MG TAB X100,0,0,108,14,12.16,BRANDED-OTC,N/A,0,0,0
4.80034E+12,LOPERAMIDE 2MG CAP (HARVIMIDE)  X100,LOPERAMIDE 2MG CAP (HARVIMIDE)  X100,0,0,2384,2,0.5,GENERICS-OTC,N/A,0,0,0
3059554600,LOPERAMIDE 2MG TAB (VEXIL) X100,LOPERAMIDE 2MG TAB (VEXIL) X100,0,0,124,1,0.5,GENERICS-OTC,N/A,0,0,0
8.85188E+12,LORASONE 5G,BETAMETHASONE 1MG/G (LORASONE) 5G,0,0,2,90,45,GENERICS-RX,N/A,0,0,0
8.90418E+12,LORATADINE 10MG ( LORATAMED) TAB X100,LORATADINE 10MG ( LORATAMED) TAB X100,0,0,300,3,1.49469697,GENERICS-RX,N/A,0,0,0
8.90604E+12,LORATADINE 10MG TAB (LORASAPH) X100,LORATADINE 10MG TAB (LORASAPH) X100,0,0,117,3,1.07,GENERICS-RX,N/A,0,0,0
4.80653E+12,LORATADINE 5MG/5ML SYR (ACCE-LORA) 60ML,LORATADINE 5MG/5ML SYR (ACCE-LORA) 60ML,0,0,2,76,38,GENERICS-OTC,N/A,0,0,0
4.80652E+12,LOSARTAN + AMLODIPINE 50/5MG (AMBICA) X100,LOSARTAN + AMLODIPINE 50/5MG (AMBICA) X100,0,0,30,12,5.87,GENERICS-RX,N/A,0,0,0
6.52144E+11,LOSARTAN + AMLODIPINE 50/5MG TAB (INOZAR) X30,LOSARTAN + AMLODIPINE 50/5MG TAB (INOZAR) X30,0,0,234,15,6.490289132,GENERICS-RX,N/A,0,0,0
4.8065E+12,LOSARTAN + HCTZ 100MG/25MG TAB (THIAXTAN) X100,LOSARTAN + HCTZ 100MG/25MG TAB (THIAXTAN) X100,0,0,554,6,2.35,GENERICS-RX,N/A,0,0,0
4.80653E+12,LOSARTAN + HCTZ 50MG/12.5MG TAB (PRESARTAN H) X100,LOSARTAN + HCTZ 50MG/12.5MG TAB (PRESARTAN H) X100,0,0,10,5,2.2,GENERICS-RX,N/A,0,0,0
4.8065E+12,LOSARTAN + HCTZ 50MG/12.5MG TAB (THIAXTAN) X100,LOSARTAN + HCTZ 50MG/12.5MG TAB (THIAXTAN) X100,0,0,883,5,1.582861441,GENERICS-RX,N/A,0,0,0
4.80651E+12,LOSARTAN 100MG TAB (LOSARK) X100,LOSARTAN 100MG TAB (LOSARK) X100,0,0,640,5,2.290597616,GENERICS-RX,N/A,0,0,0
4.80651E+12,LOSARTAN 100MG TAB (NATRASOL) X100,LOSARTAN 100MG TAB (NATRASOL) X100,0,0,325,5,2.017659574,GENERICS-RX,N/A,0,0,0
4.8003E+12,LOSARTAN 100MG TAB (NATRAZOL) X100,LOSARTAN 100MG TAB (NATRAZOL) X100,0,0,1522,5,1.8,GENERICS-RX,N/A,0,0,0
4.80652E+12,LOSARTAN 50/12.5MG (ARTAZIDE) X100,LOSARTAN 50/12.5MG (ARTAZIDE) X100,0,0,1506,5,1.121431633,GENERICS-RX,N/A,0,0,0
4.80653E+12,LOSARTAN 50MG (ANGEL) X100,LOSARTAN 50MG (ANGEL) X100,0,0,590,3,1.35,GENERICS-RX,N/A,0,0,0
4.33884E+14,LOSARTAN 50MG (SAPHLOR) X100,LOSARTAN 50MG (SAPHLOR) X100,0,0,0,0,0,GENERICS-RX,N/A,0,0,0
4.80651E+12,LOSARTAN 50MG TAB (LOSARK) X100,LOSARTAN 50MG TAB (LOSARK) X100,0,0,1830,3,1.05,GENERICS-RX,N/A,0,0,0
4.80651E+12,LOSARTAN 50MG TAB (NATRASOL) X100,LOSARTAN 50MG TAB (NATRASOL) X100,0,0,4400,3,1.05,GENERICS-RX,N/A,0,0,0
4.8003E+12,LOSARTAN 50MG TAB (NATRAZOL) X100,LOSARTAN 50MG TAB (NATRAZOL) X100,0,0,420,3,0.88,GENERICS-RX,N/A,0,0,0
8.90604E+12,LOSARTAN HCTZ 100/25MG TAB (SAPHLOR PLUS) X100,LOSARTAN HCTZ 100/25MG TAB (SAPHLOR PLUS) X100,0,0,246,4,1.7,GENERICS-RX,N/A,0,0,0
8.90604E+12,LOSARTAN HCTZ 50/12.5MG TAB (SAPHLOR PLUS) X100,LOSARTAN HCTZ 50/12.5MG TAB (SAPHLOR PLUS) X100,0,0,0,4,1.65,GENERICS-RX,N/A,0,0,0
8.90801E+12,LOSARTAN+HCTZ 100/25MG (ARA+H) TAB X100,LOSARTAN+HCTZ 100/25MG (ARA+H) TAB X100,0,0,0,6,2.784602076,GENERICS-RX,N/A,0,0,0
8.90604E+12,LOSARTAN+HCTZ 50/12.5MG (ARA+H) TAB X100,LOSARTAN+HCTZ 50/12.5MG (ARA+H) TAB X100,0,0,0,5,1.5,GENERICS-RX,N/A,0,0,0
5.9004E+12,LOYD GOODNIGHT SLEEP TEA X20,LOYD GOODNIGHT SLEEP TEA X20,0,0,20,15,9.95,BRANDED-OTC,N/A,0,0,0
8.90109E+12,LOZEMED HONEY LEMON LOZ X24,LOZEMED HONEY LEMON LOZ X24,0,0,17,7,3.12,GENERICS-OTC,N/A,0,0,0
8.90109E+12,LOZEMED ORANGE LOZ X24,LOZEMED ORANGE LOZ X24,0,0,35,7,3.12,GENERICS-OTC,N/A,0,0,0
6.92275E+12,LS BL CREAM 7G X20,LS BL CREAM 7G X20,0,0,61,40,33.21846154,BRANDED-RX,N/A,0,0,0
6.9265E+12,LS BL SOAP 115G,LS BL SOAP 115G,0,0,1,57,46.18,PERSONAL CARE,N/A,0,0,0
8.90418E+12,LUCAZINE 10MG/5MG TAB X 30,MONTELUKAST +LEVOCETIRIZINE (LUCAZINE} 5MG/5MG TAB X30,0,0,5,11,5.06,GENERICS-RX,NTPK,0,0,0
4.80653E+12,LUMARTUSS SYR 60ML,GUAIFENESIN 100MG/5ML (LUMARTUSS) SYR 60ML,0,0,2,35,14,GENERICS-OTC,N/A,0,0,0
4.80653E+12,L-ZINEX DUO 60ML,LEVOCETIRIZINE+MONTELUKAST (L-ZINEX DUO) 2.5MG/4MG/5ML SYRUP,0,0,5,290,276,BRANDED-RX,DYNA DRUG CORP.,0,0,0
4.80014E+12,MAALOX PLUS SUSP 250ML,MAALOX PLUS SUSP 250ML,0,0,2,576,548.46,BRANDED-OTC,N/A,0,0,0
4.80014E+12,MAALOX PLUS TAB X30,MAALOX PLUS TAB X30,0,0,10,18,15.342125,BRANDED-OTC,N/A,0,0,0
1.61532E+14,MAALOX TAB #1 X500,MAALOX TAB #1 X500,0,0,41,12,10.88,BRANDED-OTC,N/A,0,0,0
4.80652E+12,MACROSET ADULT,MACROSET ADULT,0,0,36,50,12,MEDICAL SUPPLIES,N/A,0,0,0
4.8065E+12,MAGIC COLOR L10,MAGIC COLOR L10,0,0,0,78,70.25,SANPRO,N/A,0,0,0
4.8065E+12,MAGIC COLOR LARGE 15S,MAGIC COLOR LARGE 15S,0,0,11,115,100.7566667,SANPRO,N/A,0,0,0
4.8065E+12,MAGIC COLOR LARGE 30S,MAGIC COLOR LARGE 30S,0,0,1,225,201.52,SANPRO,N/A,0,0,0
4.8065E+12,MAGIC COLOR MEDIUM 10S,MAGIC COLOR MEDIUM 10S,0,0,0,68,59.94391304,SANPRO,N/A,0,0,0
4.8065E+12,MAGIC COLOR MEDIUM 15S,MAGIC COLOR MEDIUM 15S,0,0,6,105,92.36,SANPRO,N/A,0,0,0
4.8065E+12,MAGIC COLOR MEDIUM 30S,MAGIC COLOR MEDIUM 30S,0,0,4,205,184.72,SANPRO,N/A,0,0,0
4.8065E+12,MAGIC COLOR NB-S 15S,MAGIC COLOR NB-S 15S,0,0,9,80,68.77,SANPRO,N/A,0,0,0
4.8065E+12,MAGIC COLOR NB-S 30S,MAGIC COLOR NB-S 30S,0,0,5,155,137.5422222,SANPRO,N/A,0,0,0
4.8065E+12,MAGIC COLOR XL 30S,MAGIC COLOR XL 30S,0,0,4,245,218.31,SANPRO,N/A,0,0,0
4.80651E+11,MAGIC COLOR XL10,MAGIC COLOR XL10,0,0,0,85,76.45,SANPRO,N/A,0,0,0
4.8065E+12,MAGIC COLOR XLARGE 15S,MAGIC COLOR XLARGE 15S,0,0,15,125,109.16,SANPRO,N/A,0,0,0
4.8065E+12,MAGIC COLOR XXL 15S,MAGIC COLOR XXL 15S,0,0,10,130,117.55,SANPRO,N/A,0,0,0
4.8065E+12,MAGIC DRI DIAPER NBS30,MAGIC DRI DIAPER NBS30,0,0,0,170,153.8,SANPRO,N/A,0,0,0
4.8065E+12,MAGIC DRI LARGE 10S,MAGIC DRI LARGE 10S,0,0,25,80,67.00044308,SANPRO,N/A,0,0,0
4.8065E+12,MAGIC DRI LARGE 30S,MAGIC DRI LARGE 30S,0,0,1,220,199.25,SANPRO,N/A,0,0,0
4.8065E+12,MAGIC DRI MED 10S,MAGIC DRI MED 10S,0,0,20,70,61.12171429,SANPRO,N/A,0,0,0
4.8065E+12,MAGIC DRI MED 30S,MAGIC DRI MED 30S,0,0,5,200,181.62,SANPRO,N/A,0,0,0
4.8065E+12,MAGIC DRI NB-S 10S,MAGIC DRI NB-S 10S,0,0,0,58,51.82,SANPRO,N/A,0,0,0
4.8065E+12,MAGIC DRI XL 10S,MAGIC DRI XL 10S,0,0,14,81,72.88,SANPRO,N/A,0,0,0
4.8065E+12,MAGIC DRI XL 30S,MAGIC DRI XL 30S,0,0,5,240,216.89,SANPRO,N/A,0,0,0
4.8065E+12,MAGIC DRI XXL 10S,MAGIC DRI XXL 10S,0,0,12,90,78.14,SANPRO,N/A,0,0,0
4.8065E+12,MAGIC DRI XXL 30S,MAGIC DRI XXL 30S,0,0,4,242,234.51,SANPRO,N/A,0,0,0
4.8065E+12,MAGIC PANTS 3XL10,MAGIC PANTS 3XL10,0,0,6,95,84.79,SANPRO,N/A,0,0,0
4.8065E+12,MAGIC PANTS 3XL30,MAGIC PANTS 3XL30,0,0,10,280,254.36,SANPRO,N/A,0,0,0
4.8065E+12,MAGIC PANTS L10,MAGIC PANTS L10,0,0,30,75,63.97,SANPRO,N/A,0,0,0
4.8065E+12,MAGIC PANTS L30,MAGIC PANTS L30,0,0,11,215,191.92,SANPRO,N/A,0,0,0
4.8065E+12,MAGIC PANTS MED 10S,MAGIC PANTS MED 10S,0,0,21,70,58.64999602,SANPRO,N/A,0,0,0
4.8065E+12,MAGIC PANTS MED 30S,MAGIC PANTS MED 30S,0,0,10,195,175.93,SANPRO,N/A,0,0,0
4.8065E+12,MAGIC PANTS XL 30S,MAGIC PANTS XL 30S,0,0,12,230,207.92,SANPRO,N/A,0,0,0
4.8065E+12,MAGIC PANTS XL10,MAGIC PANTS XL10,0,0,24,80,69.31,SANPRO,N/A,0,0,0
4.8065E+12,MAGIC PANTS XXL 10S,MAGIC PANTS XXL 10S,0,0,24,85,74.64285714,SANPRO,N/A,0,0,0
4.8065E+12,MAGIC PANTS XXL 30S,MAGIC PANTS XXL 30S,0,0,5,250,223.91,SANPRO,N/A,0,0,0
4.80001E+12,MAMAS LOVE COTTON BALLS 100S,MAMAS LOVE COTTON BALLS 100S,0,0,0,30,26.16,SANPRO,N/A,0,0,0
4.80001E+12,MAMAS LOVE COTTON BALLS 50S,MAMAS LOVE COTTON BALLS 50S,0,0,0,0,0,SANPRO,N/A,0,0,0
4.80001E+12,MAMAS LOVE COTTON BUDS 100S,MAMAS LOVE COTTON BUDS 100S,0,0,1,15,9.969230769,SANPRO,N/A,0,0,0
4.80001E+12,MAMAS LOVE COTTON BUDS 200S,MAMAS LOVE COTTON BUDS 200S,0,0,0,20,16.27,SANPRO,N/A,0,0,0
4.80001E+12,MAMAS LOVE COTTON BUDS 400S,MAMAS LOVE COTTON BUDS 400S,0,0,7,25,23.17,SANPRO,N/A,0,0,0
4.71259E+12,MANGOSTEEN NUMAX X100,MANGOSTEEN NUMAX X100,0,0,0,10,4.5,GENERICS-OTC,N/A,0,0,0
8.40165E+11,MARVELON 28 PILLS,MARVELON 28 PILLS,0,0,5,308,292.85,BRANDED-OTC,N/A,0,0,0
3195088853,MASK DISPOSABLE 3 PLY BLUE X50,MASK DISPOSABLE 3 PLY BLUE X50,0,0,881,2.5,1,MEDICAL SUPPLIES,N/A,0,0,0
5204480999,MASK DISPOSABLE FOR KIDS X50,MASK DISPOSABLE FOR KIDS X50,0,0,128,2.5,0.7,MEDICAL SUPPLIES,N/A,0,0,0
4.80089E+12,MASTER CLAY WASH ACNE FIGHT 10G,MASTER CLAY WASH ACNE FIGHT 10G,0,0,1,15,13.05,PERSONAL CARE,N/A,0,0,0
4.80089E+12,MASTER CLAY WASH COOL RUSH 10G,MASTER CLAY WASH COOL RUSH 10G,0,0,1,15,13.05,PERSONAL CARE,N/A,0,0,0
4.80679E+12,MASTER FC ACTIVE BRIGHT 135ML,MASTER FC ACTIVE BRIGHT 135ML,0,0,1,96,87.685,PERSONAL CARE,N/A,0,0,0
4.80679E+12,MASTER FC ACTIVE BRIGHT 225ML,MASTER FC ACTIVE BRIGHT 225ML,0,0,3,141,127.5133333,PERSONAL CARE,N/A,0,0,0
4.80679E+12,MASTER FC ACTIVE BRIGHT 70ML,MASTER FC ACTIVE BRIGHT 70ML,0,0,3,56,50.41566667,PERSONAL CARE,N/A,0,0,0
4.80679E+12,MASTER FC ANTI PIMPLE 135ML,MASTER FC ANTI PIMPLE 135ML,0,0,2,97,88.11,PERSONAL CARE,N/A,0,0,0
4.80679E+12,MASTER FC ANTI PIMPLE 225ML,MASTER FC ANTI PIMPLE 225ML,0,0,2,141,127.93,PERSONAL CARE,N/A,0,0,0
48038621,MASTER FC ANTI PIMPLE 70ML,MASTER FC ANTI PIMPLE 70ML,0,0,3,56,50.47,PERSONAL CARE,N/A,0,0,0
4.80089E+12,MASTER FC BRIGHT PLUS 135ML,MASTER FC BRIGHT PLUS 135ML,0,0,1,97,88.12,PERSONAL CARE,N/A,0,0,0
4.80089E+12,MASTER FC BRIGHT PLUS 70ML,MASTER FC BRIGHT PLUS 70ML,0,0,2,56,50.04391304,PERSONAL CARE,N/A,0,0,0
4.80089E+12,MASTER FC BRIGHTPLUS 225ML,MASTER FC BRIGHTPLUS 225ML,0,0,3,141,127.43,PERSONAL CARE,N/A,0,0,0
4.80679E+12,MASTER FC OIL CONTROL 135ML,MASTER FC OIL CONTROL 135ML,0,0,2,97,88.12,PERSONAL CARE,N/A,0,0,0
48038614,MASTER FC OIL CONTROL 70ML,MASTER FC OIL CONTROL 70ML,0,0,2,56,50.47,PERSONAL CARE,N/A,0,0,0
4.80679E+12,MASTER FC OILCONTROL 225ML,MASTER FC OILCONTROL 225ML,0,0,2,141,127.93,PERSONAL CARE,N/A,0,0,0
4.80089E+12,MASTER FS BRIGHTENING PLUS 12G,MASTER FS BRIGHTENING PLUS 12G,0,0,20,20,15.86,PERSONAL CARE,,0,0,0
4.80089E+12,MASTER FS OIL CONTRL 12G,MASTER FS OIL CONTRL 12G,0,0,38,20,17.546,PERSONAL CARE,N/A,0,0,0
4.80089E+12,MASTER FW ACNE FIGHT 50G,MASTER FW ACNE FIGHT 50G,0,0,1,115,109.15,PERSONAL CARE,N/A,0,0,0
4.80679E+12,MASTER FW ACTIVE BRIGHT 50G,MASTER FW ACTIVE BRIGHT 50G,0,0,3,105,95.4,PERSONAL CARE,N/A,0,0,0
4.80679E+12,MASTER FW ANTI PIMPLE 50G,MASTER FW ANTI PIMPLE 50G,0,0,3,105,93.57333333,PERSONAL CARE,N/A,0,0,0
4.80679E+12,MASTER FW BRIGHT PLUS 50G,MASTER FW BRIGHT PLUS 50G,0,0,2,105,95.38,PERSONAL CARE,N/A,0,0,0
4.80089E+12,MASTER FW COOL RUSH 50G,MASTER FW COOL RUSH 50G,0,0,1,122,110.26,PERSONAL CARE,N/A,0,0,0
4.80679E+12,MASTER FW OIL CONTROL 50G,MASTER FW OIL CONTROL 50G,0,0,25,105,90.37692308,PERSONAL CARE,N/A,0,0,0
7.64461E+11,MAXCARE GLOVES MEDIUM X100,MAXCARE GLOVES MEDIUM X100,0,0,3,5,1.84,MEDICAL SUPPLIES,N/A,0,0,0
4.80012E+12,MAXIPEEL CON CRM FAIR 10G X12,MAXIPEEL CON CRM FAIR 10G X12,0,0,11,26,21.62,PERSONAL CARE,N/A,0,0,0
4.80012E+12,MAXIPEEL CON CRM NATURAL 10G X12,MAXIPEEL CON CRM NATURAL 10G X12,0,0,0,25,21.63,PERSONAL CARE,N/A,0,0,0
4.80012E+12,MAXIPEEL EXF #1 30ML,MAXIPEEL EXF #1 30ML,0,0,5,36,31.85,PERSONAL CARE,N/A,0,0,0
4.80012E+12,MAXIPEEL EXF #1 60ML,MAXIPEEL EXF #1 60ML,0,0,5,60,53.95,PERSONAL CARE,N/A,0,0,0
4.80012E+12,MAXIPEEL EXF #2 30ML,MAXIPEEL EXF #2 30ML,0,0,4,40,34.22,PERSONAL CARE,N/A,0,0,0
4.80012E+12,MAXIPEEL EXF #2 60ML,MAXIPEEL EXF #2 60ML,0,0,5,65,58.94,BRANDED-OTC,N/A,0,0,0
4.80012E+12,MAXIPEEL EXF #3 30ML,MAXIPEEL EXF #3 30ML,0,0,14,45,37.29285714,PERSONAL CARE,N/A,0,0,0
4.80012E+12,MAXIPEEL EXF #3 60ML,MAXIPEEL EXF #3 60ML,0,0,8,71,63.83566667,BRANDED-OTC,N/A,0,0,0
4.80012E+12,MAXIPEEL EXF SOAP 125G,MAXIPEEL EXF SOAP 125G,0,0,0,60,53.75,PERSONAL CARE,N/A,0,0,0
4.80012E+12,MAXIPEEL EXF SOAP 90G,MAXIPEEL EXF SOAP 90G,0,0,0,45,40,PERSONAL CARE,N/A,0,0,0
4.80012E+12,MAXIPEEL FACIAL WASH 7G,MAXIPEEL FACIAL WASH 7G,0,0,0,6,4.65,PERSONAL CARE,N/A,0,0,0
4.80012E+12,MAXIPEEL FC CLASSIC 135ML,MAXIPEEL FC CLASSIC 135ML,0,0,0,46,41.35,PERSONAL CARE,N/A,0,0,0
4.80012E+12,MAXIPEEL FC CLASSIC 75ML,MAXIPEEL FC CLASSIC 75ML,0,0,1,30,27.09,PERSONAL CARE,N/A,0,0,0
4.80012E+12,MAXIPEEL FC PORE REF PINK 135ML,MAXIPEEL FC PORE REF PINK 135ML,0,0,2,50,43.72,PERSONAL CARE,N/A,0,0,0
4.80012E+12,MAXIPEEL FC PORE REF PINK 75ML,MAXIPEEL FC PORE REF PINK 75ML,0,0,1,32,28.99,PERSONAL CARE,N/A,0,0,0
4.80012E+12,MAXIPEEL MOIST CREAM 15G,MAXIPEEL MOIST CREAM 15G,0,0,1,31,26.85,PERSONAL CARE,N/A,0,0,0
48039161,MAXIPEEL MOIST CREAM 8G,MAXIPEEL MOIST CREAM 8G,0,0,25,17,14.56565757,PERSONAL CARE,N/A,0,0,0
4.80012E+12,MAXIPEEL SUNBLOCK 25G ,MAXIPEEL SUNBLOCK 25G ,0,0,1,55,46.82,PERSONAL CARE,N/A,0,0,0
4.80012E+12,MAXIPEEL SUNBLOCK CREAM 15G,MAXIPEEL SUNBLOCK CREAM 15G,0,0,13,30,29.28831385,PERSONAL CARE,N/A,0,0,0
48039154,MAXIPEEL SUNBLOCK CREAM 8G,MAXIPEEL SUNBLOCK CREAM 8G,0,0,0,30,18.45,PERSONAL CARE,N/A,0,0,0
4.80012E+12,MAXIPEEL ZERO EXF SOLN 50ML,MAXIPEEL ZERO EXF SOLN 50ML,0,0,0,75,66.02,PERSONAL CARE,N/A,0,0,0
5669771237,MAXVIT SOFTGEL CAP X100,MAXVIT SOFTGEL CAP X100,0,0,26,16,10.6,BRANDED-OTC,N/A,0,0,0
4.80652E+12,MEBENDAZOLE 100MG/5ML SUSP (DM) 60ML,MEBENDAZOLE 100MG/5ML SUSP (DM) 60ML,0,0,35,40,18.98493558,GENERICS-RX,N/A,0,0,0
4.80652E+12,MEBENDAZOLE 500MG (DM) TAB X100,MEBENDAZOLE 500MG (DM) TAB X100,0,0,82,5,2.6,GENERICS-RX,N/A,0,0,0
1.96955E+14,MEBENDAZOLE 500MG (KHRIZVER) TAB X100,MEBENDAZOLE 500MG (KHRIZVER) TAB X100,0,0,246,6,2.45,GENERICS-RX,N/A,0,0,0
4.80034E+12,MEBENDAZOLE 500MG (SCHEELE) TAB X100,MEBENDAZOLE 500MG (SCHEELE) TAB X100,0,0,-311,5,1.7,GENERICS-RX,N/A,0,0,0
2514378299,MECLIZINE 25MG TAB (MECLIZSAPH) X100,MECLIZINE 25MG TAB (MECLIZSAPH) X100,0,0,-1,5,1.35,GENERICS-OTC,N/A,0,0,0
4.80034E+12,MEDBRON GPC SYR 60ML,MEDBRON GPC SYR 60ML,0,0,0,76,37.75,BRANDED-OTC,N/A,0,0,0
7953858003,MEDICINE CUP,MEDICINE CUP,0,0,2,15,6,MEDICAL SUPPLIES,N/A,0,0,0
4.80779E+12,MEDICOL ADV 400MG SOFTGEL X100,MEDICOL ADV 400MG SOFTGEL X100,0,0,77,13,11.56,BRANDED-OTC,N/A,0,0,0
4.80779E+12,MEDICOL ADVANCE 200MG X100,MEDICOL ADVANCE 200MG X100,0,0,117,7,6.584245867,BRANDED-OTC,N/A,0,0,0
4202861350,MEDIFORTAN AS CAP X100,MEDIFORTAN AS CAP X100,0,0,65,22,19.63,BRANDED-RX,N/A,0,0,0
4.80007E+12,MEDIPLAST BAND-AID BANTAM X100,MEDIPLAST BAND-AID BANTAM X100,0,0,175,2,1.160074247,MEDICAL SUPPLIES,N/A,0,0,0
4.80007E+12,MEDIPLAST CORN PLASTER 6s,mediplast palster,0,0,6,25,20.54,MEDICAL SUPPLIES,OHANA TRADING CORPORATION,0,0,0
4.80007E+12,MEDIPLAST STD STRIPS X100,MEDIPLAST STD STRIPS X100,0,0,0,2,1.68,MEDICAL SUPPLIES,N/A,0,0,0
4.80007E+12,MEDIPLAST SURGICAL GLOVES 6 1/2,MEDIPLAST SURGICAL GLOVES 6 1/2-STERILIZED,0,0,0,25,22.71,MEDICAL SUPPLIES,OHANA TRADING CORPORATION,0,0,0
4.80007E+12,MEDIPLAST SURGICAL GLOVES 7 1/2,MEDIPLAST SURGICAL GLOVES 7 1/2-STERILIZED,0,0,0,25,22.71,MEDICAL SUPPLIES,OHANA TRADING CORPORATION,0,0,0
6879225887,MEFENAMIC 250MG TAB (MEFESAPH) X100,MEFENAMIC 250MG TAB (MEFESAPH) X100,0,0,0,2,0.92,GENERICS-OTC,N/A,0,0,0
4.80652E+12,MEFENAMIC ACID (MYREFEN) 250MG CAP X100,MEFENAMIC ACID (MYREFEN) 250MG CAP X100,0,0,200,2,0.7,GENERICS-RX,N/A,0,0,0
4.80652E+12,MEFENAMIC ACID 250MG CAP (ANALMIN) X100,MEFENAMIC ACID 250MG CAP (ANALMIN) X100,0,0,-15,2,0.65,GENERICS-OTC,N/A,0,0,0
4797528573,MEFENAMIC ACID 500MG CAP (MEGYXAN) X100,MEFENAMIC ACID 500MG CAP (MEGYXAN) X100,0,0,346,2,0.68,GENERICS-RX,N/A,0,0,0
4.80652E+12,MEFENAMIC ACID 500MG CAP (MYREFEN) X100,MEFENAMIC ACID 500MG CAP (MYREFEN) X100,0,0,4108,2,0.73,GENERICS-RX,N/A,0,0,0
4.80653E+12,MEFENAMIC ACID 50MG/5ML SUSP (INFAMIX) 60ML,MEFENAMIC ACID 50MG/5ML SUSP (INFAMIX) 60ML,0,0,19,35,14,GENERICS-RX,N/A,0,0,0
8.90604E+12,MEFENAMIC ACID 50MG/5ML SUSP (MEFESAPH) 60ML,MEFENAMIC ACID 50MG/5ML SUSP (MEFESAPH) 60ML,0,0,0,25,11.5,GENERICS-OTC,N/A,0,0,0
4.80652E+12,MEFENAMIC ACID 50MG/ML (MYREFEN) 60ML,MEFENAMIC ACID 50MG/ML (MYREFEN) 60ML,0,0,0,35,15.5,GENERICS-RX,N/A,0,0,0
8.90418E+12,MEGANOVA FISH OIL 1000MG,MEGANOVA FISH OIL 1000MG CAP X30,0,0,206,10,3.25,GENERICS-OTC,N/A,0,0,0
4.80653E+12,MELMAG SUSP 60ML,ALUMINUM MAGNESIUM  SUSP (MELMAG) 60ML,0,0,15,36,16,GENERICS-OTC,N/A,0,0,0
4.80654E+12,MELOXICAM 15MG (MELEXA) TABX100,MELOXICAM 15MG (MELEXA) TABX100,0,0,500,3,1.3,GENERICS-RX,PRIMECARE,0,0,0
1.89042E+13,MELOXICAM 15MG (MELOX) TAB X100,MELOXICAM 15MG (MELOX) TAB X100,0,0,10,3,1.09,GENERICS-RX,N/A,0,0,0
1.89042E+13,MELOXICAM 15MG (RUMALOX) TAB X100,MELOXICAM 15MG (RUMALOX) TAB X100,0,0,120,3,1.2,GENERICS-RX,N/A,0,0,0
4.80653E+12,MELOXICAM 15MG TAB (MELOFAR) X100,MELOXICAM 15MG TAB (MELOFAR) X100,0,0,0,3,1.2,GENERICS-RX,N/A,0,0,0
5756528201,MELOXICAM 15MG TAB (MELOTAB) X50,MELOXICAM 15MG TAB (MELOTAB) X50,0,0,0,3,1.3,GENERICS-RX,N/A,0,0,0
4.80653E+12,MELOXICAM 7.5MG TAB (MELOFAR) X100,MELOXICAM 7.5MG TAB (MELOFAR) X100,0,0,0,3,1.05,GENERICS-RX,N/A,0,0,0
4.80901E+12,MEMO PLUS GOLD X30,MEMO PLUS GOLD X30,0,0,25,15,13.97,BRANDED-OTC,N/A,0,0,0
4.80651E+12,MEMORX SYRUP 120ML,MEMORX SYRUP 120ML,0,0,3,247,235.2,BRANDED-OTC,DYNA DRUG CORP.,0,0,0
4.80779E+12,MEMRY 10MG TAB X30,MEMRY 10MG TAB X30,0,0,37,40,37.57,BRANDED-RX,N/A,0,0,0
8.85907E+12,MENA FACE CREAM PINK 3G X12,MENA FACE CREAM PINK 3G X12,0,0,10,22,19.28888889,PERSONAL CARE,N/A,0,0,0
4.8065E+12,MENA PAPAYA SOAP 150G,MENA PAPAYA SOAP 150G,0,0,0,40,32.61,PERSONAL CARE,0,0,0,0
8.85907E+12,MENA PAPAYA SOAP 75G,MENA PAPAYA SOAP 75G,0,0,2,45,40.25,PERSONAL CARE,N/A,0,0,0
8.85907E+12,MENA PEARL CREAM,MENA PEARL CREAM,0,0,4,30,25.9,PERSONAL CARE,N/A,0,0,0
4.80007E+12,MENTOPAS PLASTER X10,MENTOPAS PLASTER X10,0,0,0,55,50.31578947,DRHR,N/A,0,0,0
4.80604E+12,MEOXICLAV 312.5MG SUSP 60ML,MEOXICLAV 312.5MG SUSP 60ML,0,0,30,200,98.08704062,GENERICS-RX,N/A,0,0,0
1.89061E+14,MEOXICLAV-DS 457 SUSP 70ML,CO-AMOXICLAV 457MG/5ML SUSP (MEOXICLAV-DS) 70ML,0,0,18,250,122.8189677,PERSONAL CARE,N/A,0,0,0
64798571,MEPTIN 25MCG TAB X100,MEPTIN 25MCG TAB X100,0,0,28,15,12.54,BRANDED-RX,DYNA DRUG CORP.,0,0,0
5.73324E+14,MEPTIN 50MCG TAB X100,MEPTIN 50MCG TAB X100,0,0,78,20,18.24,PERSONAL CARE,N/A,0,0,0
4.80035E+12,MEPTIN 5MCG/ML SYR 60ML,MEPTIN 5MCG/ML SYR 60ML,0,0,7,225,207.5700008,BRANDED-RX,N/A,0,0,0
4.80007E+12,MESTIZA SOAP 125G,MESTIZA SOAP 125G,0,0,5,70,69,PERSONAL CARE,N/A,0,0,0
4.80034E+12,METFORMIN 250MG TAB (METROL) X100,METFORMIN 250MG TAB (METROL) X100,0,0,100,8,3.95,GENERICS-RX,N/A,0,0,0
4.80651E+12,METFORMIN 500MG TAB (FORMET) X100,METFORMIN 500MG TAB (FORMET) X100,0,0,1130,2,0.59,GENERICS-RX,N/A,0,0,0
4485695449,METHYCOBAL 500MCG TAB X100,METHYCOBAL 500MCG TAB X100,0,0,0,23,21.6,PERSONAL CARE,N/A,0,0,0
4.80034E+12,METHYLDOPA 250MG (DOPAMAINE) X100 TAB,METHYLDOPA 250MG (DOPAMAINE) X100 TAB,0,0,404,8,3.45,GENERICS-RX,N/A,0,0,0
8.90602E+12,METHYLDOPA 250MG TAB (BP-LOW) X100,METHYLDOPA 250MG TAB (BP-LOW) X100,0,0,23,8,3.5,GENERICS-RX,N/A,0,0,0
8.90435E+12,METHYLDOPA 250MG TAB X100,METHYLDOPA 250MG TAB X100,0,0,0,6,3,GENERICS-RX,N/A,0,0,0
4.80653E+12,METHYLERGOMETRINE 125MCG TAB (ERGON) X100,METHYLERGOMETRINE 125MCG TAB (ERGON) X100,0,0,0,5,1.65,GENERICS-RX,N/A,0,0,0
4.80653E+12,METHYLERGOMETRINE 125MCG TAB (MERGO) X100,METHYLERGOMETRINE 125MCG TAB (MERGO) X100,0,0,0,5,1.65,GENERICS-RX,N/A,0,0,0
8.90608E+12,METHYLPREDNISOLONE 16MG (METHYDEN) TAB X100,METHYLPREDNISOLONE 16MG (METHYDEN) TAB X100,0,0,0,16,6.4,GENERICS-RX,N/A,0,0,0
4.80604E+12,METHYLPREDNISOLONE 16MG (METPREZ 16) TAB X100,METHYLPREDNISOLONE 16MG (METPREZ 16) TAB X100,0,0,306,10,4.35,GENERICS-RX,N/A,0,0,0
8.9042E+12,METHYLPREDNISOLONE 16MG TAB (PREDNIVEX) X30,METHYLPREDNISOLONE 16MG TAB (PREDNIVEX) X30,0,0,0,18,9,GENERICS-RX,N/A,0,0,0
8.90604E+12,METHYLPREDNISOLONE(METHYLPREDSAPH) 16MG X100 TAB,METHYLPREDNISOLONE(METHYLPREDSAPH) 16MG X100 TAB,0,0,0,13,6.1,GENERICS-RX,,0,0,0
4.80652E+12,METOCLAPRAMIDE 10MG TAB (MYCLOSIL) X100,METOCLAPRAMIDE 10MG TAB (MYCLOSIL) X100,0,0,-15,2,0.65,GENERICS-RX,N/A,0,0,0
4.80651E+12,METOCLOPRAMIDE 10MG (METO) TAB X100,METOCLOPRAMIDE 10MG (METO) TAB X100,0,0,579,2,0.84,GENERICS-RX,N/A,0,0,0
4.80652E+12,METOCLOPRAMIDE 5MG/5ML SYR (MYCLOSIL) 60ML,METOCLOPRAMIDE 5MG/5ML SYR (MYCLOSIL) 60ML,0,0,44,40,15.75,PERSONAL CARE,N/A,0,0,0
9.83944E+14,METOCLOPRAMIDE AMP (METOCLOSIL)2ML X10,METOCLOPRAMIDE AMP (METOCLOSIL)2ML X10,0,0,86,20,5.015966387,INTRAVENOUS SOLN,N/A,0,0,0
4.80651E+12,METOPROLOL 100MG (PROLOL) X100,METOPROLOL 100MG (PROLOL) X100,0,0,390,3,1.18,GENERICS-RX,N/A,0,0,0
6014641569,METOPROLOL 100MG TAB (PROMETIN) X100,METOPROLOL 100MG TAB (PROMETIN) X100,0,0,0,3,1.2,GENERICS-RX,N/A,0,0,0
8.90604E+12,METOPROLOL 50MG TAB (PROLED) X100,METOPROLOL 50MG TAB (PROLED) X100,0,0,34,2,0.55,GENERICS-RX,N/A,0,0,0
4.80651E+12,METOPROLOL 50MG TAB (PROLOL) X100,METOPROLOL 50MG TAB (PROLOL) X100,0,0,980,2,0.62320878,GENERICS-RX,N/A,0,0,0
6951660166,METOPROLOL 50MG TAB (PROMETIN) X100,METOPROLOL 50MG TAB (PROMETIN) X100,0,0,100,2,0.85,GENERICS-RX,N/A,0,0,0
4.8003E+12,METRONIDAZOLE 125MG (METROZOLE) SYR 60ML,METRONIDAZOLE 125MG (METROZOLE) SYR 60ML,0,0,0,35,16.5,GENERICS-RX,N/A,0,0,0
4.80653E+12,METRONIDAZOLE 125MG/5ML SUSP (DARYL) 60ML,METRONIDAZOLE 125MG/5ML SUSP (DARYL) 60ML,0,0,0,35,17,GENERICS-RX,N/A,0,0,0
4.80652E+12,METRONIDAZOLE 500MG TAB (FLAGEX) X100,METRONIDAZOLE 500MG TAB (FLAGEX) X100,0,0,442,2,0.85,GENERICS-RX,N/A,0,0,0
8.906E+12,MEZACAR 200MG TAB,CARBAMAZEPINE 200MG TAB (MEZACAR) X5,0,0,0,10,4.5,GENERICS-RX,N/A,0,0,0
4.80029E+12,MICARDIS PLUS TAB 40MG/12.5MG X30,MICARDIS PLUS TAB 40MG/12.5MG X30,0,0,66,28,26.22,BRANDED-RX,N/A,0,0,0
4.80029E+12,MICARDIS PLUS TAB 80MG/12.5MG X30,MICARDIS PLUS TAB 80MG/12.5MG X30,0,0,38,48,45.40075424,BRANDED-RX,N/A,0,0,0
4.80029E+12,MICARDIS TAB 40MG X30,MICARDIS TAB 40MG X30,0,0,38,28,25.03,BRANDED-RX,N/A,0,0,0
4.80029E+12,MICARDIS TAB 80MG X30,MICARDIS TAB 80MG X30,0,0,16,46,43.83987575,BRANDED-RX,N/A,0,0,0
8.91704E+14,MICONAZOLE 20MG/G (MICOZINE) CREAM 20G,MICONAZOLE 20MG/G (MICOZINE) CREAM 20G,0,0,0,160,80,BRANDED-RX,N/A,0,0,0
4.80653E+12,MICONAZOLE 20MG/G (MIKA) 10G,MICONAZOLE 20MG/G (MIKA) 10G,0,0,0,230,114,GENERICS-RX,N/A,0,0,0
4.80653E+12,MICROPIL 21,MICROPIL 21,0,0,7,76,68.00374199,BRANDED-OTC,N/A,0,0,0
4.80653E+12,MICROPIL PLUS 28,MICROPIL PLUS 28,0,0,5,110,95.08,BRANDED-OTC,N/A,0,0,0
8.90136E+12,MICROPORE 1 INCH TAPE X12,MICROPORE 1 INCH TAPE X12,0,0,60,50,39.22840506,MEDICAL SUPPLIES,N/A,0,0,0
8.08126E+14,MICROPORE 1/2 INCH X24,MICROPORE 1/2 INCH X24,0,0,92,30,19.62353982,MEDICAL SUPPLIES,N/A,0,0,0
4.80031E+12,MICROPORE 12.7MM X 2.5M X12,MICROPORE 12.7MM X 2.5M X12,0,0,0,26,21.42307692,MEDICAL SUPPLIES,N/A,0,0,0
4.80652E+12,MICROSET PEDIA,MICROSET PEDIA,0,0,28,35,12.05090498,MEDICAL SUPPLIES,N/A,0,0,0
7938865601,MIDOL 200MG TAB X100,MIDOL 200MG TAB X100,0,0,158,15,13.78981982,BRANDED-OTC,N/A,0,0,0
4.80901E+12,MILCU DEO POWDER 40G,MILCU DEO POWDER 40G,0,0,8,58,52.25,PERSONAL CARE,N/A,0,0,0
4.80901E+12,MILCU DEO POWDER 80G,MILCU DEO POWDER 80G,0,0,10,101,84.48,PERSONAL CARE,N/A,0,0,0
4.80901E+12,MILCU ROLL-ON DEO 50ML,MILCU ROLL-ON DEO 50ML,0,0,6,85,71.8,PERSONAL CARE,N/A,0,0,0
4.80901E+12,MILCU SPORTS DEO 80G,MILCU SPORTS DEO 80G,0,0,10,110,86.4,PERSONAL CARE,N/A,0,0,0
4.80652E+12,MILGESIC 125MG/5ML 60ML,PARACETAMOL (MILGESIC 125MG/5ML 60ML),0,0,-1,30,13.5,GENERICS-RX,MEDTRIO CONSUMER GOODS TRADING,0,0,0
4.80653E+12,MILGESIC FORTE TAB,PARACETAMOL 500 (MILGESIC FORTE) TAB X100,0,0,0,2,0.51,GENERICS-RX,MEDTRIO CONSUMER GOODS TRADING,0,0,0
8.16708E+14,MILKY POP LOLLY MILK CHOCO,MILKY POP LOLLY MILK CHOCO,0,0,5,12,9.88,FOOD & BEVERAGES,N/A,0,0,0
4.80036E+12,MILO 300G POWDER CHOCO,MILO 300 POWDER CHOCO,0,0,0,98,93.28,FOOD & BEVERAGES,GG&G DISTRIBUTORS,0,0,0
6.90241E+12,MINGS PEI PA KOA CANDY 120G,MINGS PEI PA KOA CANDY 120G,0,0,8,105,93.38,FOOD & BEVERAGES,N/A,0,0,0
21234566,MINI CUP CHOCO,MINI CUP CHOCO,0,0,-1,15,11.44,FOOD & BEVERAGES,,0,0,0
3387794353,MINI CUPS BERRY CHOCO,MINI CUPS BERRY CHOCO,0,0,1,15,11.44,FOOD & BEVERAGES,N/A,0,0,0
4.80651E+12,MINI CUPS CHOCO MARBLE,MINI CUPS CHOCO MARBLE,0,0,19,15,11.44,FOOD & BEVERAGES,N/A,0,0,0
4.80651E+12,MINI CUPS MELON,MINI CUPS MELON,0,0,0,15,11.44,FOOD & BEVERAGES,N/A,0,0,0
4.80651E+12,MINI CUPS UBE,MINI CUPS UBE,0,0,0,15,11.44,FOOD & BEVERAGES,N/A,0,0,0
4.80198E+12,MINUTE MAID APPLE TETRA PACK,MINUTE MAID APPLE TETRA PACK,0,0,0,12,8.8,FOOD & BEVERAGES,N/A,0,0,0
4.80198E+12,MINUTE MAID FRESH 250ML,MINUTE MAID FRESH 250ML,0,0,26,20,14.33,FOOD & BEVERAGES,N/A,0,0,0
4.80198E+12,MINUTE MAID ORANGE TETRA PACK,MINUTE MAID ORANGE TETRA PACK,0,0,0,12,8.8,FOOD & BEVERAGES,N/A,0,0,0
4.80652E+12,MMFRED 10G,MOMETASONE FUROATE (MMFRED)10G,0,0,2,170,85,PERSONAL CARE,N/A,0,0,0
4.80101E+12,MODESS ALL NIGHT W/ WINGS 10S,MODESS ALL NIGHT W/ WINGS 10S,0,0,0,130,114.91,SANPRO,N/A,0,0,0
4.80101E+12,MODESS ALL NIGHT W/ WINGS 4S,MODESS ALL NIGHT W/ WINGS 4S,0,0,1,55,49.73,SANPRO,N/A,0,0,0
8.85001E+12,MODESS CS REG W/ WINGS 8S,MODESS CS REG W/ WINGS 8S,0,0,7,45,39,SANPRO,N/A,0,0,0
8.85001E+12,MODESS CS REGULAR NON-WING 8S,MODESS CS REGULAR NON-WING 8S,0,0,3,45,39,PERSONAL CARE,N/A,0,0,0
8.85001E+12,MODESS DRYMAX REG NO WING 8S,MODESS DRYMAX REG NO WING 8S,0,0,-2,47,42.6,SANPRO,N/A,0,0,0
4.80101E+12,MODESS MATERNITY NON-WING 7PADS,MODESS MATERNITY NON-WING 7PADS,0,0,5,110,97.41,PERSONAL CARE,,0,0,0
8.85039E+12,MOGU MOGU COCONUT 320ML,MOGU MOGU COCONUT 320ML,0,0,2,50,40.42,FOOD & BEVERAGES,N/A,0,0,0
4.80652E+12,MOHSIDEX 4MG/ML AMP X10 ,DEXAMETHASONE SODIUM PHOSPATE (MOHSIDEX) 4MG/ML,0,0,0,70,29,INTRAVENOUS SOLN,NTPK,0,0,0
8.90602E+12,MOLEAIR TAB,LEVO+MONTE 5/10MG (MOLEAIR) TAB X100,0,0,0,13,6.45,GENERICS-RX,MEDTRIO CONSUMER GOODS TRADING,0,0,0
8.90604E+12,MOMETASONE 1MG/G CREAM (MOMETASAPH),MOMETASONE 1MG/G CREAM (MOMETASAPH),0,0,0,165,135,GENERICS-RX,N/A,0,0,0
4.80652E+12,MONTELUKAS+LEVOCET 10MG/5MG TAB (MOLEV) X30,MONTELUKAS+LEVOCET 10MG/5MG TAB (MOLEV) X30,0,0,2,27,20.62,GENERICS-RX,N/A,0,0,0
8.90604E+12,MONTELUKAST + LEVOCETIRIZINE (LEVOSAPHZINE PLUS) 10MG/5MG X30TAB,MONTELUKAST + LEVOCETIRIZINE (LEVOSAPHZINE PLUS) 10MG/5MG X30TAB,0,0,0,10,5,GENERICS-RX,,0,0,0
4.8065E+12,MONTELUKAST 10MG (AZMONT) X100,MONTELUKAST 10MG (AZMONT) X100,0,0,998,6,1.95,GENERICS-RX,N/A,0,0,0
4.80652E+12,MONTELUKAST 10MG (LEUKOREX) X100,MONTELUKAST 10MG (LEUKOREX) X100,0,0,0,6,2.1,GENERICS-RX,N/A,0,0,0
37156851,MONTELUKAST 10MG (MONTRIL-10) X100 TAB ,MONTELUKAST 10MG (MONTRIL-10) X100 TAB ,0,0,19,6,1.2,GENERICS-RX,N/A,0,0,0
4.80652E+12,MONTELUKAST 4MG TAB (AUROHEX) X100,MONTELUKAST 4MG TAB (AUROHEX) X100,0,0,107,5,2.409382477,GENERICS-RX,N/A,0,0,0
8.90418E+12,MONTELUKAST 4MG TAB (NOVAKAST) X100,MONTELUKAST 4MG TAB (NOVAKAST) X100,0,0,485,5,1.95,GENERICS-RX,PRIMECARE,0,0,0
4.80652E+12,MONTELUKAST 5MG TAB (AUROHEX) X100,MONTELUKAST 5MG TAB (AUROHEX) X100,0,0,100,7,3.4,GENERICS-RX,N/A,0,0,0
8.90418E+12,MONTELUKAST 5MG TAB (GENTAKAST) X100,MONTELUKAST 5MG TAB (GENTAKAST) X100,0,0,138,5,1.75,GENERICS-RX,N/A,0,0,0
8.90418E+12,MONTELUKAST 5MG TAB (NOVAKAST) X100,MONTELUKAST 5MG TAB (NOVAKAST) X100,0,0,500,5,1.95,GENERICS-RX,PRIMECARE,0,0,0
4.80604E+12,MONTEPHIL-L 10MG/5MG TAB X30,MONTEPHIL-L 10MG/5MG TAB X30,0,0,300,12,6,GENERICS-RX,N/A,0,0,0
8.90417E+12,MONTI PLUS 10MG/5MG TAB X30,MONTI PLUS 10MG/5MG TAB X30,0,0,17,28,25.11628092,BRANDED-RX,N/A,0,0,0
8.964E+12,MONTIGET 10MG TAB X14,MONTIGET 10MG TAB X14,0,0,19,35,32.35,BRANDED-RX,N/A,0,0,0
8.964E+12,MONTIGET 4MG GRANULES X14,MONTIGET 4MG GRANULES X14,0,0,8,30,26.48,BRANDED-RX,N/A,0,0,0
8.964E+12,MONTIGET 4MG TAB X14,MONTIGET 4MG TAB X14,0,0,34,21,18.76820846,BRANDED-RX,N/A,0,0,0
8.964E+12,MONTIGET 5MG TAB X14,MONTIGET 5MG TAB X14,0,0,17,25,22.19,BRANDED-RX,N/A,0,0,0
4.80651E+12,MORIAMIN FTE CAP X100,MORIAMIN FTE CAP X100,0,0,25,13,11.8,GENERICS-OTC,N/A,0,0,0
4.80652E+12,MORINGA 500MG CAP X100,MORINGA 500MG CAP X100,0,0,-17,4,1.65,GENERICS-OTC,N/A,0,0,0
4.80651E+12,MORINGA VITA COFFEE MIX 21G X10,MORINGA VITA COFFEE MIX 21G X10,0,0,9,20,17,BRANDED-OTC,N/A,0,0,0
2.13817E+12,MOSEGOR VITA CAP X500,MOSEGOR VITA CAP X500,0,0,25,67,61.52381818,BRANDED-RX,N/A,0,0,0
9382827607,MOSVIT ELITE SOFTGEL X100,MOSVIT ELITE SOFTGEL X100,0,0,71,15,13.69999971,BRANDED-OTC,N/A,0,0,0
1256559077,MOTILIUM 10MG TAB X100,MOTILIUM 10MG TAB X100,0,0,104,38,34.98968813,BRANDED-OTC,N/A,0,0,0
4.80652E+12,MOTILLEX 5MG/5ML 60ML,METOCLOPRAMIDE HCL (MOTILLEX) 60ML,0,0,-1,35,15.325,GENERICS-RX,NTPK,0,0,0
44940578,MOUNTAIN DEW,MOUNTAIN DEW,0,0,0,20,15.83,FOOD & BEVERAGES,,0,0,0
4.8003E+12,MOXYLOR 125MG SUSP 60ML,AMOXICILLIN 125MG/5ML SUSP (MOXYLOR) 60ML,0,0,37,40,15.5,GENERICS-RX,N/A,0,0,0
4.8003E+12,MOXYLOR 250MG SUSP 60ML,AMOXICILLIN 250MG/5ML SUSP (MOXYLOR) 60ML,0,0,0,45,22,GENERICS-RX,N/A,0,0,0
4.8003E+12,MOXYLOR DROPS 10ML,AMOXICILLIN 100MG/ML DROPS (MOXYLOR) 10ML,0,0,0,30,14.5,GENERICS-RX,N/A,0,0,0
4.80393E+12,MT. DEW BOT 290ML,MT. DEW BOT 290ML,0,0,6,20,15.33,FOOD & BEVERAGES,N/A,0,0,0
4.8065E+12,MUCOBRON SYR 60ML,MUCOBRON SYR 60ML,0,0,1,135,123.95,BRANDED-OTC,N/A,0,0,0
4.8065E+12,MUCOBRON-D SYR 60ML,MUCOBRON-D SYR 60ML,0,0,0,150,142.2,PERSONAL CARE,N/A,0,0,0
4.80651E+12,MUCOFLEM 500MG TAB,CARBOCISTEINE 500MG (MUCOFLEM) X100,0,0,545,2,0.85,GENERICS-OTC,N/A,0,0,0
4.80653E+12,MUCORIGHT 600MG TABX20,ACETYLCYSTEINE (MUCORIHT) 600MG TABX200,0,0,0,25,11,GENERICS-RX,MEDTRIO,0,0,0
4115146706,MUCOSOLVAN 30MG TAB X100,MUCOSOLVAN 30MG TAB X100,0,0,34,20,18.23,BRANDED-OTC,N/A,0,0,0
4.80014E+12,MUCOSOLVAN 30MG/5ML SYR 125ML,MUCOSOLVAN 30MG/5ML SYR 125ML,0,0,1,350,331.65,BRANDED-OTC,N/A,0,0,0
4.80014E+12,MUCOSOLVAN 30MG/5ML SYR 60ML,MUCOSOLVAN 30MG/5ML SYR 60ML,0,0,5,201,191.07,BRANDED-OTC,N/A,0,0,0
9.46244E+14,MUCOSOLVAN 75MG CAP X100,MUCOSOLVAN 75MG CAP X100,0,0,47,50,46.28213433,BRANDED-RX,N/A,0,0,0
4.80014E+12,MUCOSOLVAN DROPS 6MG/ML 15ML,MUCOSOLVAN DROPS 6MG/ML 15ML,0,0,0,135,123.88,BRANDED-OTC,N/A,0,0,0
4.80014E+12,MUCOSOLVAN KIDS 15MG/5ML 125ML,MUCOSOLVAN KIDS 15MG/5ML 125ML,0,0,0,240,227.7,BRANDED-OTC,N/A,0,0,0
4.80014E+12,MUCOSOLVAN KIDS 15MG/5ML 60ML,MUCOSOLVAN KIDS 15MG/5ML 60ML,0,0,3,155,146.52,BRANDED-OTC,N/A,0,0,0
4.80035E+12,MUCOSTA 100MG TAB X100,MUCOSTA 100MG TAB X100,0,0,51,33,30.09,BRANDED-RX,N/A,0,0,0
4.80037E+12,MUCOTUSS FORTE TAB X100,MUCOTUSS FORTE TAB X100,0,0,732,8,3.45,GENERICS-OTC,N/A,0,0,0
4.80653E+12,MUCULER SYRUP 60ML,MUCULER SYRUP 60ML,0,0,4,45,20.75,GENERICS-OTC,N/A,0,0,0
34355551,MULTIVITAMINS + BUCLIZINE+ IRON (APPECZIN) X100,MULTIVITAMINS + BUCLIZINE+ IRON (APPECZIN) X100,0,0,75,8,3.7,GENERICS-OTC,N/A,0,0,0
4.80653E+12,MULTIVITAMINS + BUCLIZINE+ IRON (NERVITEX) X100,MULTIVITAMINS + BUCLIZINE+ IRON (NERVITEX) X100,0,0,114,7,3.5,GENERICS-OTC,N/A,0,0,0
4.8065E+12,MULTIVITAMINS + MINERALS (EURIVIT) X100,MULTIVITAMINS + MINERALS (EURIVIT) X100,0,0,0,4,1.79,GENERICS-OTC,N/A,0,0,0
4.80653E+12,MULTIVITAMINS CAP (MULTICAP) X100,MULTIVITAMINS CAP (MULTICAP) X100,0,0,0,3,1.2,GENERICS-OTC,N/A,0,0,0
4.8003E+12,MULTIVITAMINS CAP (MULTILEM) X100,MULTIVITAMINS CAP (MULTILEM) X100,0,0,0,3,0.98,GENERICS-OTC,N/A,0,0,0
4.8065E+12,MULTIVITAMINS+IRON CAP (FORALIVIT) X100,MULTIVITAMINS+IRON CAP (FORALIVIT) X100,0,0,346,4,1.5,GENERICS-OTC,N/A,0,0,0
4.80653E+12,MULTIVITAMINS+IRON CAP (HANIZYN) X100,MULTIVITAMINS+IRON CAP (HANIZYN) X100,0,0,1400,2,0.77,GENERICS-RX,N/A,0,0,0
4.80604E+12,MUPICAN OINT 5G,MUPIROCIN (MUPICAN) OINT 5G,0,0,0,96,48,GENERICS-RX,NTPK,0,0,0
101802731,MUPICARE OINT 5G,MUPIROCIN (MUPICARE) OINT 5G,0,0,0,130,65,GENERICS-OTC,MEDCARE,0,0,0
4.80653E+12,MUPIROCIN (BACTROMED) OINT 5G,MUPIROCIN (BACTROMED) OINT 5G,0,0,-6,80,38,GENERICS-RX,N/A,0,0,0
2.69245E+14,MUPIROCIN (KAPTROBAN) OINT 5G,MUPIROCIN (KAPTROBAN) OINT 5G,0,0,-4,80,40,GENERICS-RX,N/A,0,0,0
8.90604E+12,MUPIROCIN (MUPISAPH) 5G,MUPIROCIN (MUPISAPH) 5G,0,0,57,80,36.58076923,BRANDED-RX,N/A,0,0,0
4.80652E+12,MUPIROCIN (NOBRACIN) OINT 5G,MUPIROCIN (NOBRACIN) OINT 5G,0,0,0,100,50,GENERICS-RX,N/A,0,0,0
4.80902E+12,MUPIROCIN (WUDENCIN)  5G,MUPIROCIN (WUDENCIN)  5G,0,0,0,80,35,GENERICS-RX,N/A,0,0,0
2.69516E+14,MUPIROCIN 20MG/G (MUCIN) OINT 5G,MUPIROCIN 20MG/G (MUCIN) OINT 5G,0,0,0,90,45,GENERICS-RX,N/A,0,0,0
8.90104E+12,MUPIROCIN 20MG/G OINT (MUPIBAN) 5G,MUPIROCIN 20MG/G OINT (MUPIBAN) 5G,0,0,0,125,60,GENERICS-RX,N/A,0,0,0
4.80652E+12,MUPIROCIN 20MG/G OINT (MUPIDERM) 5G,MUPIROCIN 20MG/G OINT (MUPIDERM) 5G,0,0,0,80,40,GENERICS-OTC,N/A,0,0,0
8.90416E+12,MUPIROCIN OINT (MICROSCOT) 5G,MUPIROCIN OINT (MICROSCOT) 5G,0,0,0,130,65,GENERICS-RX,N/A,0,0,0
7871186896,MUSKELAX TAB X100,MUSKELAX TAB X100,0,0,0,13,11.59,BRANDED-OTC,N/A,0,0,0
4.80901E+12,MX3 CAP X60,MX3 CAP X60,0,0,27,18,14.45,BRANDED-OTC,N/A,0,0,0
4.80901E+12,MX3 COFFEE MIX 10G X10,MX3 COFFEE MIX 10G X10,0,0,27,21,19.14,BRANDED-OTC,N/A,0,0,0
9269058782,MYONAL 50MG TAB X100,MYONAL 50MG TAB X100,0,0,116,30,27.88179104,BRANDED-RX,N/A,0,0,0
4.80014E+12,MYRA E 400IU 30S,MYRA E 400IU 30S,0,0,5,366,344.25,BRANDED-OTC,N/A,0,0,0
4.80014E+12,MYRA E SOFTGEL 400IU X100,MYRA E SOFTGEL 400IU X100,0,0,66,13,11.58490486,BRANDED-OTC,N/A,0,0,0
4.80014E+12,MYRA FACIAL WAS SMOOTH GLOW 10ML,MYRA FACIAL WAS SMOOTH GLOW 10ML,0,0,7,15,13.95888889,PERSONAL CARE,N/A,0,0,0
4.80014E+12,MYRA FACIAL WASH BLUE 50ML,MYRA FACIAL WASH BLUE 50ML,0,0,0,75,37.5,PERSONAL CARE,N/A,0,0,0
4.80014E+12,MYRA FACIAL WASH FRESH GLOW 10ML,MYRA FACIAL WASH FRESH GLOW 10ML,0,0,10,16,13.96,PERSONAL CARE,N/A,0,0,0
4.80014E+12,MYRA FACIAL WASH RED 50ML,MYRA FACIAL WASH RED 50ML,0,0,-1,75,0,PERSONAL CARE,N/A,0,0,0
4.80014E+12,MYRA FMOIST BLUE SACH 7ML,MYRA FMOIST BLUE SACH 7ML,0,0,18,16,13.43971831,PERSONAL CARE,N/A,0,0,0
4.80014E+12,MYRA FMOIST RED SACH 7ML,MYRA FMOIST RED SACH 7ML,0,0,35,16,13.53071429,PERSONAL CARE,N/A,0,0,0
4.80014E+12,MYRA FMOISTURIZER BLUE 40ML,MYRA FMOISTURIZER BLUE 40ML,0,0,0,109,63,PERSONAL CARE,N/A,0,0,0
4.80014E+12,MYRA FMOISTURIZER RED 40ML,MYRA FMOISTURIZER RED 40ML,0,0,1,109,63,PERSONAL CARE,N/A,0,0,0
4.80014E+12,MYRA LOT WP VIOLET 200ML,MYRA LOT WP VIOLET 200ML,0,0,0,210,210,PERSONAL CARE,N/A,0,0,0
4.80014E+12,MYRA LOT WP VIOLET 50ML,MYRA LOT WP VIOLET 50ML,0,0,0,70,0,PERSONAL CARE,N/A,0,0,0
4.80014E+12,MYRA LOTION HYDRATING GLOW 100ML,MYRA LOTION HYDRATING GLOW 100ML,0,0,9,85,76.52,PERSONAL CARE,N/A,0,0,0
4.80014E+12,MYRA LOTION HYDRATING GLOW 200ML,MYRA LOTION HYDRATING GLOW 200ML,0,0,17,165,146.08,PERSONAL CARE,N/A,0,0,0
4.80014E+12,MYRA LOTION HYDRATING GLOW 50ML,MYRA LOTION HYDRATING GLOW 50ML,0,0,4,46,41.74,PERSONAL CARE,N/A,0,0,0
4.80014E+12,MYRA LOTION PROTECTPLUS GREEN 50ML,MYRA LOTION PROTECTPLUS GREEN 50ML,0,0,0,50,25,PERSONAL CARE,N/A,0,0,0
4.80014E+12,MYRA LOTION WHITENING GLOW 100ML,MYRA LOTION WHITENING GLOW 100ML,0,0,11,108,97.4,PERSONAL CARE,N/A,0,0,0
4.80014E+12,MYRA LOTION WHITENING GLOW 200ML,MYRA LOTION WHITENING GLOW 200ML,0,0,10,185,166.96,PERSONAL CARE,N/A,0,0,0
4.80014E+12,MYRA LOTION WHITENING GLOW 50ML,MYRA LOTION WHITENING GLOW 50ML,0,0,10,65,55.65,PERSONAL CARE,N/A,0,0,0
4.80014E+12,MYRA LOTION WHITENINGPLUS VIOLET 100ML,MYRA LOTION WHITENINGPLUS VIOLET 100ML,0,0,3,120,60,PERSONAL CARE,N/A,0,0,0
4.80014E+12,MYRA MOISTURIZING PLUS 100ML,MYRA MOISTURIZING PLUS 100ML,0,0,1,120,60,PERSONAL CARE,,0,0,0
4.80014E+12,MYRA MOISTURIZING PLUS LOT 200ML,MYRA MOISTURIZING PLUS LOT 200ML,0,0,0,155,136.52,PERSONAL CARE,RHODESIAN SALES CORP.,0,0,0
4.80014E+12,MYRA SOAP 45G,MYRA SOAP 45G,0,0,29,25,21.74,PERSONAL CARE,N/A,0,0,0
4.80014E+12,MYRA SOAP WHITENING BLUE 90G,MYRA SOAP WHITENING BLUE 90G,0,0,19,52,46.96,PERSONAL CARE,N/A,0,0,0
4.80014E+12,MYRA ULTIMATE CAP X30,MYRA ULTIMATE CAP X30,0,0,112,22,19.1,BRANDED-OTC,N/A,0,0,0
7501671222,MYRACOF 30MG TAB X100,MYRACOF 30MG TAB X100,0,0,122,8,7.488461538,BRANDED-OTC,N/A,0,0,0
4.80652E+12,MYREMOL 500MG TAB X100,PARACETAMOL (MYREMOL) 500MG TAB X100,0,0,0,2,0.47,GENERICS-OTC,MEDTRIO,0,0,0
4.80652E+12,MYREVIT CAP X100,MULTIVITAMINS CAP (MYREVIT) X100,0,0,627,2,0.669816362,GENERICS-OTC,N/A,0,0,0
4.80652E+12,MYREVIT-C 500MG TAB,ASCORBIC ACID 500MG TAB (MYREVIT-C) X100,0,0,1270,2,0.427955635,GENERICS-OTC,N/A,0,0,0
4.80652E+12,MYREVIT-C PLUS FC TAB  X100,ASCORBIC ACID + ZINC (MYREVIT-C PLUS) 500MG TAB  X100,0,0,980,3,0.999869291,GENERICS-OTC,N/A,0,0,0
2.62286E+14,MYRIN-P FORTE TAB X100,MYRIN-P FORTE TAB X100,0,0,6,16,15.14,BRANDED-RX,N/A,0,0,0
4.8065E+12,MYTEEKID 120 ML,MYTEEKID 120 ML,0,0,0,110,55,GENERICS-OTC,N/A,0,0,0
2.96623E+14,NA ASCORBATE (MED-CEE) CAP X100,NA ASCORBATE (MED-CEE) CAP X100,0,0,51,2,0.75,GENERICS-OTC,N/A,0,0,0
6.55432E+14,NA ASCORBATE + ZN (PROTEC-ZINC,NA ASCORBATE + ZN (PROTEC-ZINC,0,0,50,3,0.95,GENERICS-OTC,N/A,0,0,0
4.80652E+12,NA ASCORBATE 568.18MG CAP (RANI-C) X100,NA ASCORBATE 568.18MG CAP (RANI-C) X100,0,0,0,3,1.04,GENERICS-OTC,N/A,0,0,0
4.80653E+12,NA ASCORBTAE+ZINC CAP (PER-C PLUS) X100,NA ASCORBTAE+ZINC CAP (PER-C PLUS) X100,0,0,0,5,1.85,GENERICS-OTC,N/A,0,0,0
4.80779E+12,NAFARIN TAB X100,NAFARIN TAB X100,0,0,118,9,8.053367961,BRANDED-OTC,N/A,0,0,0
4.80652E+12,NAFLORA MOISTURE 150ML,NAFLORA MOISTURE 150ML,0,0,0,190,171,PERSONAL CARE,N/A,0,0,0
4.80652E+12,NAFLORA MOISTURE 60ML,NAFLORA MOISTURE 60ML,0,0,0,75,65.55,PERSONAL CARE,N/A,0,0,0
4.80652E+12,NAFLORA PROTECT 60ML,NAFLORA PROTECT 60ML,0,0,0,75,65.55,PERSONAL CARE,N/A,0,0,0
4.80652E+12,NAFLORA RESTORE 60ML,NAFLORA RESTORE 60ML,0,0,0,75,65.55,PERSONAL CARE,N/A,0,0,0
4.80901E+12,NAIL POLISH REMOVER 30ML,NAIL POLISH REMOVER 30ML,0,0,2,7,6,DRHR,N/A,0,0,0
4.80901E+12,NAIL TINT 30ML,NAIL TINT 30ML,0,0,2,5,4,DRHR,N/A,0,0,0
7.61303E+12,NAN ALL 110 400G,NAN ALL 110 400G,0,0,1,960,911.21,MILK,N/A,0,0,0
8.90604E+12,NAPROXEN 550MG TAB (SAPHROXEN 550) X100,NAPROXEN 550MG TAB (SAPHROXEN 550) X100,0,0,2,10,3.85,GENERICS-RX,N/A,0,0,0
4.80652E+12,NASAL CANNULA PEDIA,NASAL CANNULA PEDIA,0,0,10,50,15,MEDICAL SUPPLIES,N/A,0,0,0
4.80652E+12,NASAL OXYGEN CANNULA ADULT,NASAL OXYGEN CANNULA ADULT,0,0,9,50,15,MEDICAL SUPPLIES,N/A,0,0,0
4.80653E+12,NASATAPP DROPS 15ML,NASATAPP DROPS 15ML,0,0,9,115,106.4095804,BRANDED-OTC,N/A,0,0,0
4.80653E+12,NASATAPP SYRUP 60ML,NASATAPP SYRUP 60ML,0,0,6,121,111.1296875,BRANDED-OTC,N/A,0,0,0
2168207552,NASATAPP TAB X100,NASATAPP TAB X100,0,0,125,9,7.783447923,BRANDED-OTC,N/A,0,0,0
4.80779E+12,NASOCLEAR NASAL SPRAY,NASOCLEAR NASAL SPRAY,0,0,5,92,86.29,BRANDED-OTC,N/A,0,0,0
8.40165E+11,NASONEX 500MCG AQUENOS NASAL SPRAY 10G,MOMETASONE FURDATE(NASONEX) AQUENOS NASAL SPRAY 10G,0,0,3,522,498.055,BRANDED-RX,DYNA DRUG CORP.,0,0,0
4.80035E+12,NATRAVOX 457MG/5ML 70ML,NATRAVOX 457MG/5ML 70 ML,0,0,2,308,292.75,BRANDED-RX,N/A,0,0,0
4.80035E+12,NATRAVOX 642.9MG/5ML 70ML,NATRAVOX 642.9MG/5ML 70ML,0,0,1,288,273.42,BRANDED-RX,N/A,0,0,0
4.80005E+12,NATURE'S SPRING DISTILLED 10L,NATURE'S SPRING DISTILLED 10L,0,0,-1,110,95,FOOD & BEVERAGES,N/A,0,0,0
4.80005E+12,NATURE'S SPRING PURIFIED 1L,NATURE'S SPRING PURIFIED 1L,0,0,113,25,13.7,FOOD & BEVERAGES,N/A,0,0,0
4.80005E+12,NATURE'S SPRING PURIFIED 350ML,NATURE'S SPRING PURIFIED 350ML,0,0,-1,10,6.38,FOOD & BEVERAGES,N/A,0,0,0
2996839432,NATURE'S SPRING PURIFIED 500ML,NATURE'S SPRING PURIFIED 500ML,0,0,287,15,8.72,FOOD & BEVERAGES,N/A,0,0,0
4.80652E+12,NEB KIT ADULT (SUREGUARD) WITH MASK,NEB KIT ADULT (SUREGUARD) WITH MASK,0,0,0,100,30,MEDICAL SUPPLIES,N/A,0,0,0
4.80652E+12,NEB KIT NO MASK PEDIA (SUREGUARD),NEB KIT NO MASK PEDIA (SUREGUARD),0,0,1,80,40,MEDICAL SUPPLIES,N/A,0,0,0
4.80652E+12,NEB KIT PEDIA SUREGUARD,NEB KIT PEDIA SUREGUARD,0,0,-1,100,45,MEDICAL SUPPLIES,N/A,0,0,0
4.80652E+12,NEB KIT W/ MASK ADULT,NEB KIT W/ MASK ADULT,0,0,9,100,47,MEDICAL SUPPLIES,N/A,0,0,0
4.80652E+12,NEB KIT W/ MASK PEDIA,NEB KIT W/ MASK PEDIA,0,0,24,100,47,MEDICAL SUPPLIES,N/A,0,0,0
8.964E+12,NEBIL 2.5MG TAB X14,NEBIL 2.5MG TAB X14,0,0,102,13,12.12,BRANDED-RX,N/A,0,0,0
8.964E+12,NEBIL 5MG TAB X14,NEBIL 5MG TAB X14,0,0,56,18,16.37501887,BRANDED-RX,N/A,0,0,0
4.80652E+12,NEBILET 5MG TAB X30,NEBILET 5MG TAB X30,0,0,34,20,18.16,BRANDED-RX,N/A,0,0,0
4.80652E+12,NEBIVOL 5MG TAB X30,NEBIVOLOL (NEBIVOL) 5MG TAB X30,0,0,0,12,6,GENERICS-RX,N/A,0,0,0
4.80652E+12,NEBIVOLOL 5MG TAB X100,NEBIVOLOL 5MG TAB X100,0,0,17,25,12.5,GENERICS-RX,N/A,0,0,0
4.80652E+12,NEBLIE 5MG TAB,NEBIVOLOL 5MG (NEBLIE) TAB X100,0,0,0,12,5.9,GENERICS-RX,PRIMECARE,0,0,0
4.80652E+12,NEBULIZING KIT (SURGITECH),NEBULIZING KIT (SURGITECH),0,0,-2,80,38,MEDICAL SUPPLIES,N/A,0,0,0
3.75967E+14,NEBULIZING KIT ACCUMAX,NEBULIZING KIT ACCUMAX,0,0,29,70,35,MEDICAL SUPPLIES,N/A,0,0,0
4.80652E+12,NEO+POLY+DEXA OTIC DROPS (SYNTEMAX) 5ML,NEO+POLY+DEXA OTIC DROPS (SYNTEMAX) 5ML,0,0,0,190,94,GENERICS-RX,N/A,0,0,0
1542398827,NEOBLOC 100MG TAB X100,NEOBLOC 100MG TAB X100,0,0,97,8,6.9,BRANDED-RX,N/A,0,0,0
6658213857,NEOBLOC 50MG TAB X500,NEOBLOC 50MG TAB X500,0,0,522,5,4.147012431,BRANDED-RX,N/A,0,0,0
4.8065E+12,NEOFLU TAB X100,NEOFLU TAB X100,0,0,212,4,1.95,BRANDED-OTC,N/A,0,0,0
4.80779E+12,NEOZEP DROPS 10ML,NEOZEP DROPS 10ML,0,0,9,108,102.39,BRANDED-OTC,N/A,0,0,0
4.80779E+12,NEOZEP FTE TAB X500,NEOZEP FTE TAB X500,0,0,801,8,6.470296264,BRANDED-OTC,N/A,0,0,0
4.80779E+12,NEOZEP NON-DROWSY TAB X100,NEOZEP NON-DROWSY TAB X100,0,0,47,10,7.771960177,GENERICS-OTC,N/A,0,0,0
4.80779E+12,NEOZEP SYR 60ML,NEOZEP SYR 60ML,0,0,9,111,105.3675642,BRANDED-OTC,N/A,0,0,0
4.80651E+12,NERVIA CAP X100,NERVIA CAP X100,0,0,0,18,15.9,CONSIGNMENT ITEM,N/A,0,0,0
9.95352E+14,NESTEA APPLE 350ML,NESTEA APPLE 350ML,0,0,49,35,21.33,FOOD & BEVERAGES,N/A,0,0,0
4.80036E+12,NESTLE CHUCKIE 180ML,NESTLE CHUCKIE 180ML,0,0,88,30,21.72686957,FOOD & BEVERAGES,N/A,0,0,0
4.80036E+12,NESTLE FRESH MILK  1L X2,NESTLE FRESH MILK  1L X2,0,0,6,120,110.8,MILK,N/A,0,0,0
4.80036E+12,NESTLE FRESH MILK 250ML,NESTLE FRESH MILK 250ML,0,0,14,40,36.23,MILK,,0,0,0
4.80036E+12,NESTOGEN 1 1.3KG,NESTOGEN 1 1.3KG,0,0,2,760,719.63,MILK,N/A,0,0,0
4.80036E+12,NESTOGEN 1 110G,NESTOGEN 0-6 110G,0,0,5,60,51.4,MILK,GG&G DISTRIBUTORS,0,0,0
4.80036E+12,NESTOGEN 1 135G,NESTOGEN 1 135G,0,0,2,80,73.75,MILK,N/A,0,0,0
4.80036E+12,NESTOGEN 1 340G,NESTOGEN 1 340G,0,0,5,200,186.92,MILK,N/A,0,0,0
4.80036E+12,NESTOGEN 2 1.3KG,NESTOGEN 2 1.3KG,0,0,6,750,710.28,MILK,N/A,0,0,0
4.80036E+12,NESTOGEN 2 110G,NESTOGEN 2 110G,0,0,41,60,51.4,MILK,N/A,0,0,0
4.80036E+12,NESTOGEN 2 135G,NESTOGEN 2 135G,0,0,4,80,73.87,MILK,N/A,0,0,0
4.80036E+12,NESTOGEN 2 340G,NESTOGEN 2 340G,0,0,37,200,188.4554545,MILK,N/A,0,0,0
4.80036E+12,NESTOGEN 3 1.3KG,NESTOGEN 3 1.3KG,0,0,2,730,691.59,MILK,N/A,0,0,0
4.80036E+12,NESTOGEN 3 110G,NESTOGEN 3 110G,0,0,48,60,52.34012245,MILK,GG&G DISTRIBUTORS,0,0,0
4.80036E+12,NESTOGEN 3 135G,NESTOGEN 3 135G,0,0,0,80,73.89,MILK,N/A,0,0,0
4.80036E+12,NESTOGEN 3 340G,NESTOGEN 3 340G,0,0,16,195,182.24,MILK,N/A,0,0,0
4.80036E+12,NESTOGEN CLASSIC 110G,NESTOGEN CLASSIC 110G,0,0,22,55,47.98652174,MILK,N/A,0,0,0
4.80036E+12,NESTOGEN CLASSIC 135G,NESTOGEN CLASSIC 135G,0,0,0,65,58.13,MILK,N/A,0,0,0
4.80036E+12,NESTOGEN KID 3+,NESTOGEN KID 3+,0,0,0,190,179.19,MILK,,0,0,0
8.96101E+12,NESTOGEN LOW LACTOSE 400G,NESTOGEN LOW LACTOSE 400G,0,0,3,395,373.83,MILK,N/A,0,0,0
4.80653E+12,NEUROBEXOL FORTE CAP X100,NEUROBEXOL FORTE CAP X100,0,0,679,8,4,GENERICS-RX,N/A,0,0,0
3210366170,NEUROBION FTE TAB X100,NEUROBION FTE TAB X100,0,0,20,56,53.15857143,BRANDED-RX,N/A,0,0,0
4.80025E+12,NEUROBION TAB X100,NEUROBION TAB X100,0,0,120,25,20.39305785,BRANDED-OTC,N/A,0,0,0
4.80779E+12,NEUROGEN E TAB X100,NEUROGEN E TAB X100,0,0,91,21,19.34,BRANDED-OTC,N/A,0,0,0
4.80036E+12,NIDO 3+ 1.2KG,NIDO 3+ 1.2KG,0,0,4,825,797.5,MILK,N/A,0,0,0
4.80036E+12,NIDO 3+ 1.6KG,NIDO 3+ 1.6KG,0,0,0,1000,934.58,MILK,N/A,0,0,0
4.80036E+12,NIDO 3+ 2.4KG,NIDO 3+ 2.4KG,0,0,1,1370,1344,MILK,N/A,0,0,0
4.80036E+12,NIDO 3+ 370G,NIDO 3+ 370G,0,0,12,270,252.6625,MILK,N/A,0,0,0
4.80036E+12,NIDO 3+ 700G,NIDO 3+ 700G,0,0,4,540,514.02,MILK,N/A,0,0,0
4.80036E+12,NIDO 5+ 1.2KG,NIDO 5+ 1.2KG,0,0,3,815,775.73,MILK,N/A,0,0,0
4.80036E+12,NIDO 5+ 370G,NIDO 5+ 370G,0,0,11,255,238.3117647,MILK,N/A,0,0,0
4.80036E+12,NIDO FORTIGROW 1.2KG,NIDO FORTIGROW 1.2KG,0,0,1,635,603.46,MILK,N/A,0,0,0
4.80036E+12,NIDO FORTIGROW 370G,NIDO FORTIGROW 370G,0,0,0,215,200.02,MILK,N/A,0,0,0
4.80036E+12,NIDO FORTIGROW 700G,NIDO FORTIGROW 700G,0,0,0,370,352.13,MILK,N/A,0,0,0
4.80036E+12,NIDO JR 1.2KG,NIDO JR 1.2KG,0,0,2,860,856,MILK,N/A,0,0,0
4.80036E+12,NIDO JR. 2.4KG ,NIDO JR. 2.4KG ,0,0,4,1375,1308.41225,MILK,N/A,0,0,0
4.80036E+12,NIDO JR. 2KG,NIDO JR. 2KG,0,0,3,1230,1168.22,MILK,N/A,0,0,0
4.80036E+12,NIDO JR. 400G,NIDO JR. 400G,0,0,15,295,278.78367,MILK,N/A,0,0,0
4.80036E+12,NIDO JR. 750G,NIDO JR. 750G,0,0,7,555,533.725,MILK,N/A,0,0,0
4.80651E+12,NIFEDIPINE 10MG CAP (CALCIGARD) X100,NIFEDIPINE 10MG CAP (CALCIGARD) X100,0,0,0,5,2.191100324,GENERICS-RX,N/A,0,0,0
8.90109E+12,NIFEDIPINE 10MG CAP (NICARDIA) X100 CAP,NIFEDIPINE 10MG CAP (NICARDIA) X100 CAP,0,0,138,5,1.95,GENERICS-RX,N/A,0,0,0
4.80651E+12,NIFEDIPINE 5MG CAP (CALCIGARD) X100,NIFEDIPINE 5MG CAP (CALCIGARD) X100,0,0,117,5,1.6039973,GENERICS-RX,N/A,0,0,0
8021259543,NIPPLE RUBBER (BEST),NIPPLE RUBBER (BEST),0,0,5,12,10,BABY PRODUCTS,N/A,0,0,0
4708730083,NIPPLE SIL WIDE NECK FAST FLOW (CORAL),NIPPLE SIL WIDE NECK FAST FLOW (CORAL),0,0,3,35,25,BABY PRODUCTS,N/A,0,0,0
8825688727,NIPPLE SIL WIDE NECK MED FLOW (CORAL),NIPPLE SIL WIDE NECK MED FLOW (CORAL),0,0,6,35,25,BABY PRODUCTS,N/A,0,0,0
1705559276,NIPPLE SILICONE CROSS CUT (BEST),NIPPLE SILICONE CROSS CUT (BEST),0,0,5,18,16,BABY PRODUCTS,N/A,0,0,0
9278557895,NIPPLE SILICONE LARGE (BEST),NIPPLE SILICONE LARGE (BEST),0,0,35,18,15,BABY PRODUCTS,N/A,0,0,0
7372031999,NIPPLE SILICONE MEDIUM (BEST),NIPPLE SILICONE MEDIUM (BEST),0,0,27,18,15,BABY PRODUCTS,N/A,0,0,0
2393570099,NIPPLE SILICONE SMALL (BEST),NIPPLE SILICONE SMALL (BEST),0,0,24,18,15,BABY PRODUCTS,N/A,0,0,0
4.00581E+12,NIVEA BABY HEAD TO TOE 500ML,NIVEA BABY HEAD TO TOE 500ML,0,0,0,250,210.15,PERSONAL CARE,N/A,0,0,0
4.00581E+12,NIVEA CREME 30ML,NIVEA CREME 30ML,0,0,0,110,59,PERSONAL CARE,N/A,0,0,0
4.00581E+12,NIVEA CREME 60ML,NIVEA CREME 60ML,0,0,1,170,153.64,PERSONAL CARE,N/A,0,0,0
4.00581E+12,NIVEA DEO BRIGHT & FIRM 50ML,NIVEA DEO BRIGHT & FIRM 50ML,0,0,0,146,74,PERSONAL CARE,N/A,0,0,0
42131946,NIVEA DEO EXTRA BRIGHT 25ML,NIVEA DEO EXTRA BRIGHT 25ML,0,0,4,90,75.6,PERSONAL CARE,N/A,0,0,0
4.0059E+12,NIVEA DEO EXTRA BRIGHT POWDER 50ML,NIVEA DEO EXTRA BRIGHT POWDER 50ML,0,0,0,175,96.58,PERSONAL CARE,N/A,0,0,0
4.00581E+12,NIVEA DEO EXTRA BRIGHT RADIANT 50ML,NIVEA DEO EXTRA BRIGHT RADIANT 50ML,0,0,4,175,106.892,PERSONAL CARE,N/A,0,0,0
4.0059E+12,NIVEA DEO EXTRA BRIGHT SAKURA 50ML,NIVEA DEO EXTRA BRIGHT SAKURA 50ML,0,0,0,175,77,PERSONAL CARE,N/A,0,0,0
4.00581E+12,NIVEA DEO EXTRA BRIGHT SMOOTH 50ML,NIVEA DEO EXTRA BRIGHT SMOOTH 50ML,0,0,5,175,149.2,PERSONAL CARE,WATSONS,0,0,0
42300052,NIVEA DEO EXTRA SERUM 25ML,NIVEA DEO EXTRA SERUM 25ML,0,0,0,85,49.5,PERSONAL CARE,N/A,0,0,0
4.0059E+12,NIVEA DEO EXTRA SERUM 40ML,NIVEA DEO EXTRA SERUM 40ML,0,0,0,160,82,PERSONAL CARE,N/A,0,0,0
4.006E+12,NIVEA DEO LOT COOL KICK 3ML,NIVEA DEO LOT COOL KICK 3ML,0,0,103,8,7.27,PERSONAL CARE,N/A,0,0,0
4.006E+12,NIVEA DEO LOT EXTRA BRIGHT 3ML,NIVEA DEO LOT EXTRA BRIGHT 3ML,0,0,6,10,3.64,PERSONAL CARE,N/A,0,0,0
4.00581E+12,NIVEA DEO PEARL 50ML,NIVEA DEO PEARL 50ML,0,0,0,150,89,PERSONAL CARE,N/A,0,0,0
42176022,NIVEA DEO RO XBRIGHT & FIRM 25ML,NIVEA DEO RO XBRIGHT & FIRM 25ML,0,0,-5,90,46.5,PERSONAL CARE,WATSONS,0,0,0
4.00581E+12,NIVEA DRY COMFORT 50ML,NIVEA DRY COMFORT 50ML,0,0,0,150,136.14,PERSONAL CARE,N/A,0,0,0
4.00581E+12,NIVEA EB SCRUB 100G,NIVEA EB SCRUB 100G,0,0,0,220,110,PERSONAL CARE,N/A,0,0,0
8.85003E+12,NIVEA FOR WOMEN BLACK&WHITE INVISIBLE FRESH 50ML,NIVEA FOR WOMEN BLACK&WHITE INVISIBLE FRESH 50ML,0,0,0,175,87,PERSONAL CARE,N/A,0,0,0
42316657,NIVEA INVISIBLE BLACK&WHITE 25ML,NIVEA INVISIBLE BLACK&WHITE 25ML,0,0,-17,85,52,PERSONAL CARE,N/A,0,0,0
4.00581E+12,NIVEA LIPCARE CHERRY 4.8G,NIVEA LIPCARE CHERRY 4.8G,0,0,0,170,152,PERSONAL CARE,N/A,0,0,0
4.00581E+12,NIVEA LIPCARE STRAW 4.8G,NIVEA LIPCARE STRAW 4.8G,0,0,0,160,145,PERSONAL CARE,N/A,0,0,0
42184676,NIVEA MEN COOL KICK 25ML,NIVEA MEN COOL KICK 25ML,0,0,4,90,64.92266667,PERSONAL CARE,N/A,0,0,0
4.0059E+12,NIVEA MEN DEEP CHARCOAL AMAZONIA 50ML,NIVEA MEN DEEP CHARCOAL AMAZONIA 50ML,0,0,0,155,81,PERSONAL CARE,N/A,0,0,0
4.0059E+12,NIVEA MEN DEEP CHARCOAL DARK WOOD 50ML,NIVEA MEN DEEP CHARCOAL DARK WOOD 50ML,0,0,0,125,73,PERSONAL CARE,N/A,0,0,0
4.0059E+12,NIVEA MEN DEEP CHARCOAL ESPRESSO 50ML,NIVEA MEN DEEP CHARCOAL ESPRESSO 50ML,0,0,0,160,97.88,PERSONAL CARE,N/A,0,0,0
4.00581E+12,NIVEA MEN DEO COOL KICK 50ML,NIVEA MEN DEO COOL KICK 50ML,0,0,5,160,144.98,PERSONAL CARE,N/A,0,0,0
4.00581E+12,NIVEA MEN DEO DRY IMPACT 50ML,NIVEA MEN DEO DRY IMPACT 50ML,0,0,5,166,150.48,PERSONAL CARE,N/A,0,0,0
4.0059E+12,NIVEA MEN DEO INVISIBLE FRESH 50ML,NIVEA MEN DEO INVISIBLE FRESH 50ML,0,0,0,175,80,PERSONAL CARE,N/A,0,0,0
42213888,NIVEA MEN DEO INVISIBLE ORIG 25ML,NIVEA MEN DEO INVISIBLE ORIG 25ML,0,0,15,90,57.47,PERSONAL CARE,N/A,0,0,0
4.0059E+12,NIVEA MEN DEO INVISIBLE ORIG 50ML,NIVEA MEN DEO INVISIBLE ORIG 50ML,0,0,5,146,92.5,PERSONAL CARE,N/A,0,0,0
4.00581E+12,NIVEA MEN DEO SILVER 50ML,NIVEA MEN DEO SILVER 50ML,0,0,4,156,141.78,PERSONAL CARE,N/A,0,0,0
4.00581E+12,NIVEA MEN DRY IMPACT 25ML,NIVEA MEN DRY IMPACT 25ML,0,0,0,80,64.89,PERSONAL CARE,N/A,0,0,0
4.0059E+12,NIVEA MEN INV FRESH SPRAY 150ML,NIVEA MEN INV FRESH SPRAY 150ML,0,0,0,250,134,PERSONAL CARE,N/A,0,0,0
4.00581E+12,NIVEA MEN RO BRIGHTENING 50ML,NIVEA MEN RO BRIGHTENING 50ML,0,0,0,160,143,PERSONAL CARE,N/A,0,0,0
42218937,NIVEA MEN RO WHITENING 25ML,NIVEA MEN RO WHITENING 25ML,0,0,0,80,71.05,PERSONAL CARE,N/A,0,0,0
42187608,NIVEA MEN SILVER PROTECT 25ML,NIVEA MEN SILVER PROTECT 25ML,0,0,2,75,82.5,PERSONAL CARE,N/A,0,0,0
4.0059E+12,NIVEA MICELLAR ACNE CLEAR 125ML,NIVEA MICELLAR ACNE CLEAR 125ML,0,0,0,125,61.5,PERSONAL CARE,N/A,0,0,0
4.0059E+12,NIVEA MICELLAR BRIGHT&GLOW 125ML,NIVEA MICELLAR BRIGHT&GLOW 125ML,0,0,0,136,68,PERSONAL CARE,N/A,0,0,0
4.0059E+12,NIVEA MICELLAR EXTRA WHITE 125ML,NIVEA MICELLAR EXTRA WHITE 125ML,0,0,0,115,59,PERSONAL CARE,N/A,0,0,0
40062631,NIVEA RO BRIGHT SMOOTH(YELLOW) 25ML,NIVEA RO BRIGHT SMOOTH(YELLOW) 25ML,0,0,3,105,92.14,PERSONAL CARE,N/A,0,0,0
4.00581E+12,NIVEA RO DRY COMFORT 25ML,NIVEA RO DRY COMFORT 25ML,0,0,0,90,52,PERSONAL CARE,N/A,0,0,0
42126706,NIVEA RO PEARL&BEAUTY 25ML,NIVEA RO PEARL&BEAUTY 25ML,0,0,5,90,58.12363636,PERSONAL CARE,N/A,0,0,0
4.0059E+12,NIVEO DEO HOKKAIDO 50ML,NIVEO DEO HOKKAIDO 50ML,0,0,0,175,80,PERSONAL CARE,N/A,0,0,0
5.03663E+12,NIZORAL 20MG/ML SHAMPOO 6ML,NIZORAL 20MG/ML SHAMPOO 6ML,0,0,43,72,64.26313609,PERSONAL CARE,N/A,0,0,0
4.80035E+12,NIZORAL CREAM 3.5G,NIZORAL CREAM 3.5G,0,0,3,175,164.9,BRANDED-OTC,N/A,0,0,0
4.80035E+12,NIZORAL CREAM 5G,NIZORAL CREAM 5G,0,0,1,243,231.03,BRANDED-OTC,N/A,0,0,0
4.80652E+12,NOMOCOF DROPS 15ML,CARBOCISTEINE 50MG/ML DROPS (NOMOCOF) 15ML,0,0,29,30,12.16895787,GENERICS-OTC,N/A,0,0,0
4.80652E+12,NOMOCOF SYR 60ML,CARBOCISTEINE 100MG/5ML (NOMOCOF) SYR 60ML,0,0,33,30,12.4912892,GENERICS-OTC,N/A,0,0,0
4.80651E+12,NORFLOXACIN 400MG TAB (URINOX) X100,NORFLOXACIN 400MG TAB (URINOX) X100,0,0,0,3,1.3,GENERICS-RX,N/A,0,0,0
3.81629E+12,NORGESIC FORTE TAB X100,NORGESIC FORTE TAB X100,0,0,17,40,36.55,BRANDED-RX,N/A,0,0,0
4.80779E+12,NORTEN 10MG TAB X100,NORTEN 10MG TAB X100,0,0,3,20,17.67,BRANDED-RX,N/A,0,0,0
4.85573E+14,NORVASC 10MG TAB X100,NORVASC 10MG TAB X100,0,0,30,39,36.317,BRANDED-RX,N/A,0,0,0
7.90151E+14,NORVASC 5MG TAB X100,NORVASC 5MG TAB X100,0,0,39,23,20.9153913,BRANDED-RX,N/A,0,0,0
4.80034E+12,NORVATROL 10MG TAB,AMLODIPINE 10MG TAB (NORVATROL) X100,0,0,1016,3,1.051035847,GENERICS-RX,N/A,0,0,0
4.80034E+12,NORVATROL 5MG TAB,AMLODIPINE 5MG TAB (NORVATROL) X100,0,0,2060,2,0.88,GENERICS-RX,N/A,0,0,0
4.80652E+12,NOVOMIT 25MG TABX100,MECLIZINE (NOVOMIT) 25MG TABX100,0,0,77,3,1.45,GENERICS-OTC,,0,0,0
4.80049E+12,NURSY BABY WIPES POWDER 30s,NURSY BABY WIPES POWDER 30s,0,0,13,45,36.96,PERSONAL CARE,N/A,0,0,0
4.80049E+12,NURSY BABY WIPES POWDER 60s,NURSY BABY WIPES POWDER 60s,0,0,16,65,57.95,PERSONAL CARE,N/A,0,0,0
4.80049E+12,NURSY BABY WIPES POWDER 90s,NURSY BABY WIPES POWDER 90s,0,0,10,97,87.37,PERSONAL CARE,N/A,0,0,0
4.80049E+12,NURSY BABY WIPES UNSCENTED 30s,NURSY BABY WIPES UNSCENTED 30s,0,0,1,45,35.28,PERSONAL CARE,N/A,0,0,0
4.80049E+12,NURSY BABY WIPES UNSCENTED 60s,NURSY BABY WIPES UNSCENTED 60s,0,0,14,65,55.50048,PERSONAL CARE,N/A,0,0,0
4.80049E+12,NURSY BABY WIPES UNSCENTED 90s,NURSY BABY WIPES UNSCENTED 90s,0,0,8,95,81.22,PERSONAL CARE,N/A,0,0,0
4.80779E+12,NUTRILLIN DROPS 15ML,NUTRILLIN DROPS 15ML,0,0,4,90,85.44,BRANDED-OTC,N/A,0,0,0
4.80779E+12,NUTRILLIN DROPS 30ML,NUTRILLIN DROPS 30ML,0,0,2,137,129.54,BRANDED-OTC,N/A,0,0,0
4.80779E+12,NUTRILLIN SYR 120ML,NUTRILLIN SYR 120ML,0,0,4,201,190.7,BRANDED-OTC,N/A,0,0,0
4.80779E+12,NUTRILLIN SYR 250ML,NUTRILLIN SYR 250ML,0,0,0,335,318.39,BRANDED-OTC,N/A,0,0,0
4.80779E+12,NUTROPLEX SYR 120ML,NUTROPLEX SYR 120ML,0,0,3,182,172.0445286,BRANDED-OTC,N/A,0,0,0
4.80779E+12,NUTROPLEX SYR 250ML,NUTROPLEX SYR 250ML,0,0,0,285,271.31,BRANDED-OTC,N/A,0,0,0
4.80779E+12,NUTROPLEX SYR 60ML,NUTROPLEX SYR 60ML,0,0,0,92,86.72,BRANDED-OTC,N/A,0,0,0
4.80653E+12,NYSTATIN (Z-NYST) SUSP 30ML,NYSTATIN (Z-NYST) SUSP 30ML,0,0,-1,120,55,GENERICS-RX,N/A,0,0,0
4.80901E+12,NYSTATIN DROPS (MYCONIL) 30ML  ,NYSTATIN DROPS (MYCONIL) 30ML,0,0,0,180,88,GENERICS-RX,N/A,0,0,0
4.80902E+12,NYSTATIN DROPS (NYSTRIN) 30ML,NYSTATIN DROPS (NYSTRIN) 30ML,0,0,0,115,55.5,GENERICS-RX,N/A,0,0,0
4.80653E+12,NYSTATIN DROPS (NYSZAC) 12ML,NYSTATIN DROPS (NYSZAC) 12ML,0,0,0,180,90,GENERICS-RX,N/A,0,0,0
4.80653E+12,"NYTASETH 1000,000 UNIT/ML X30ML","NYSTATIN (NYTASETH) 1000,000 UNIT/ML SUSP X 30ML",0,0,29,120,60,GENERICS-RX,ELISET PHARMACEUTICAL INC,0,0,0
4.80779E+12,OBIMIN PLUS SOFTGEL X30,OBIMIN PLUS SOFTGEL X30,0,0,115,21,19.07,BRANDED-OTC,N/A,0,0,0
4.80034E+12,OBITRON CAP X100,OBITRON CAP X100,0,0,253,12,9.511147613,CONSIGNMENT ITEM,ZEUTICA INC.,0,0,0
4.80123E+12,OFF BABY LOTION 100ML,OFF BABY LOTION 100ML,0,0,7,242,219.52,DRHR,RHODESIAN SALES CORP.,0,0,0
4.80123E+12,OFF BABY LOTION 50ML,OFF BABY LOTION 50ML,0,0,6,150,123.19,DRHR,N/A,0,0,0
4.80123E+12,OFF BABY LOTION SACH 6ML,OFF BABY LOTION SACH 6ML,0,0,47,10,8.6,PERSONAL CARE,N/A,0,0,0
4.80123E+12,OFF FAM CARE 50ML,OFF FAM CARE 50ML,0,0,0,95,86.15,PERSONAL CARE,N/A,0,0,0
4.80123E+12,OFF FAMILY CARE LOTION 6ML,OFF FAMILY CARE LOTION 6ML,0,0,-2,10,9.2,PERSONAL CARE,N/A,0,0,0
4.80123E+12,OFF KIDS LOTION 100ML,OFF KIDS LOTION 100ML,0,0,4,210,189.63,DRHR,N/A,0,0,0
48038355,OFF KIDS LOTION 50ML,OFF KIDS LOTION 50ML,0,0,4,130,118.85,PERSONAL CARE,N/A,0,0,0
48038379,OFF KIDS LOTION 6ML,OFF KIDS LOTION 6ML,0,0,134,10,8.17,PERSONAL CARE,N/A,0,0,0
4.80123E+12,OFF OVERTIME LOTION 100ML,OFF OVERTIME LOTION 100ML,0,0,7,220,199.14,DRHR,N/A,0,0,0
48031837,OFF OVERTIME LOTION 50ML,OFF OVERTIME LOTION 50ML,0,0,3,150,123.19,DRHR,N/A,0,0,0
48031813,OFF OVERTIME LOTION SACHET,OFF OVERTIME LOTION SACHET,0,0,115,10,8.58,DRHR,N/A,0,0,0
4.80651E+12,OFLOXACIN 200MG TAB (FLOXA) X100,OFLOXACIN 200MG TAB (FLOXA) X100,0,0,28,0,0,GENERICS-RX,N/A,0,0,0
4.80026E+12,OFLOXACIN 3MG/ML OTIC SOLN (OFLOBIZ),OFLOXACIN 3MG/ML OTIC SOLN (OFLOBIZ),0,0,0,256,128,GENERICS-RX,N/A,0,0,0
4.80651E+12,OFLOXACIN 400MG TAB (FLOXA) X100,OFLOXACIN 400MG TAB (FLOXA) X100,0,0,0,6,2.98,GENERICS-RX,N/A,0,0,0
4.80653E+12,OFPLEMED 300MG TAB X100,OFPLEMED 300MG TAB X100,0,0,0,3,1.2,GENERICS-OTC,N/A,0,0,0
4.80001E+12,OIL OF WINTERGREEN 50ML,OIL OF WINTERGREEN 50ML,0,0,3,36,32.5,PERSONAL CARE,N/A,0,0,0
4.90243E+12,OLAY AGELESS AURA 7.5G,OLAY AGELESS AURA 7.5G,0,0,-2,60,54,PERSONAL CARE,WATSONS,0,0,0
4.90243E+12,OLAY NATURAL AURA (B) 7.5G X12,OLAY NATURAL AURA (B) 7.5G X12,0,0,30,21,19.14,PERSONAL CARE,N/A,0,0,0
4.90243E+12,OLAY NW PINK GLOW CRM SACH 7.5G X12,OLAY NW PINK GLOW CRM SACH 7.5G X12,0,0,68,22,19.55162791,PERSONAL CARE,N/A,0,0,0
4.90243E+12,OLAY NW UV PROT CREAM RESEAL X6,OLAY NW UV PROT CREAM RESEAL X6,0,0,10,40,33.59,PERSONAL CARE,N/A,0,0,0
4.90243E+12,OLAY NW UV PRTCT CRM (Y) SACH 7.5G X12,OLAY NW UV PRTCT CRM (Y) SACH 7.5G X12,0,0,91,22,19.73,PERSONAL CARE,N/A,0,0,0
4.90243E+12,OLAY PINKISH GLOW CREAM RESEAL 7.5G X6,OLAY PINKISH GLOW CREAM RESEAL 7.5G X6,0,0,-2,31,28.07,PERSONAL CARE,N/A,0,0,0
8.90436E+12,OLLEN CO-AMOXICLAV 1G TAB X 14,OLLEN CO-AMOXICLAV 1G TAB X 14,0,0,18,52,18,GENERICS-RX,PRIMECARE,0,0,0
4.80001E+12,OMEGA ADV SPRAY 50ML,OMEGA ADV SPRAY 50ML,0,0,1,87,78.4,PERSONAL CARE,N/A,0,0,0
4.80001E+12,OMEGA PAIN KILLER 120ML,OMEGA PAIN KILLER 120ML,0,0,4,120,107.8,DRHR,N/A,0,0,0
4.80001E+12,OMEGA PAIN KILLER 15ML,OMEGA PAIN KILLER 15ML,0,0,12,25,19.85,DRHR,N/A,0,0,0
4.80001E+12,OMEGA PAIN KILLER 30ML,OMEGA PAIN KILLER 30ML,0,0,12,36,32.59,DRHR,N/A,0,0,0
4.80001E+12,OMEGA PAIN KILLER 60ML,OMEGA PAIN KILLER 60ML,0,0,8,67,58.57377778,DRHR,N/A,0,0,0
4.80001E+12,OMEGA PRO 60ML,OMEGA PRO 60ML,0,0,0,77,69.38,DRHR,N/A,0,0,0
8.90604E+12,OMEPRASAPH 20MG CAP,OMEPRAZOLE 20MG (OMEPRASAPH) CAP X100,0,0,0,2,0.61,GENERICS-RX,PRIMECARE,0,0,0
4.80652E+12,OMEPRAZOLE 20MG CAP (OMEPHIL) X100,OMEPRAZOLE 20MG CAP (OMEPHIL) X100,0,0,1,2,0.8,GENERICS-RX,N/A,0,0,0
4.80651E+12,OMEPRAZOLE 20MG TAB (ZOSEC) X100,OMEPRAZOLE 20MG TAB (ZOSEC) X100,0,0,428,5,1.65,GENERICS-RX,N/A,0,0,0
8.94416E+12,OMEPRAZOLE 40MG (INHIBITA) TAB X100,OMEPRAZOLE 40MG (INHIBITA) TAB X100,0,0,0,8,3.150846945,GENERICS-RX,N/A,0,0,0
8.90604E+12,OMEPRAZOLE 40MG (OMEPRASAPH) TAB X100,OMEPRAZOLE 40MG (OMEPRASAPH) TAB X100,0,0,0,8,2.82,GENERICS-RX,N/A,0,0,0
4.80604E+12,OMEPRAZOLE 40MG CAP (OMEPHIL-40) X100,OMEPRAZOLE 40MG CAP (OMEPHIL-40) X100,0,0,0,8,3.027158004,GENERICS-RX,N/A,0,0,0
4.80652E+12,OMEPRAZOLE 40MG IV (OPREX) X10,OMEPRAZOLE 40MG IV (OPREX) X10,0,0,8,50,20,INTRAVENOUS SOLN,N/A,0,0,0
8.98435E+14,OMEPRON 40MG TAB X28,OMEPRON 40MG TAB X28,0,0,6,73,68.02,BRANDED-OTC,N/A,0,0,0
4.80779E+12,OMEPRON CAP 20MG X20,OMEPRON CAP 20MG X20,0,0,20,50,46.28,BRANDED-RX,N/A,0,0,0
3507447850,OMX CAPSULE X60,OMX CAPSULE X60,0,0,58,45,41.67,BRANDED-OTC,N/A,0,0,0
4.80196E+12,OPIGESIC 125MG SUPP X24,OPIGESIC 125MG SUPP X24,0,0,0,20,17.85,BRANDED-RX,N/A,0,0,0
4.80196E+12,OPIGESIC 250MG SUPPOSITORY X24,OPIGESIC 250MG SUPPOSITORY X24,0,0,0,20,18.89,BRANDED-OTC,N/A,0,0,0
3105138165,OPTEIN CAP X100,OPTEIN CAP X100,0,0,37,28,26.11,BRANDED-OTC,N/A,0,0,0
8.90604E+12,ORABAC 200MG/5ML SUSP 15ML,AZITHROMYCIN(ORABAC)200ML/5ML SUSP 15ML,0,0,0,110,55,GENERICS-RX,PRIMECARE,0,0,0
4.80651E+12,ORAHEX REG 120ML,ORAHEX REG 120ML,0,0,10,120,108.2445455,PERSONAL CARE,N/A,0,0,0
4.80651E+12,ORAHEX-AF MINT 120ML,ORAHEX-AF MINT 120ML,0,0,-5,120,108.24,PERSONAL CARE,N/A,0,0,0
4.90243E+12,ORAL B TB CLASSIC ULTRACLEAN MED,ORAL B TB CLASSIC ULTRACLEAN MED,0,0,7,30,27.23,PERSONAL CARE,N/A,0,0,0
4.90243E+12,ORAL B TB SHINY CLEAN SOFT,ORAL B TB SHINY CLEAN SOFT,0,0,1,25,18.22,PERSONAL CARE,N/A,0,0,0
4.80654E+12,ORFAGEN 650MG/50MG TAB X 100,PARACETAMOL + ORPHENADRINE CITRATE (ORFAGEN) 650MG/50MG TAB X 100,0,0,128,15,6.5,GENERICS-RX,,0,0,0
8.90417E+12,ORPHENADRINE +PARA 650/35MG TAB X100,ORPHENADRINE +PARA 650/35MG TAB X100,0,0,23,15,7.5,GENERICS-RX,N/A,0,0,0
4.80652E+12,ORS 5.125G (AMBILYTE) X25,ORS 5.125G (AMBILYTE) X25,0,0,0,5,2.12,GENERICS-OTC,N/A,0,0,0
8.85951E+12,OXECURE ACNECLEAR MOIST 10ML,OXECURE ACNECLEAR MOIST 10ML,0,0,2,165,149,PERSONAL CARE,N/A,0,0,0
8.85951E+12,OXECURE ACNECLEAR POWDER MUD 5g,OXECURE ACNECLEAR POWDER MUD 5g,0,0,28,110,55.6,PERSONAL CARE,N/A,0,0,0
8.85951E+12,OXECURE DAILY SUNSCREEN SPF50 6G,OXECURE DAILY SUNSCREEN SPF50 6G,0,0,0,75,64.5,PERSONAL CARE,N/A,0,0,0
8.85951E+12,OXECURE FC 50ML,OXECURE FC 50ML,0,0,3,150,133,PERSONAL CARE,,0,0,0
8.85951E+12,OXECURE SOAP 30G,OXECURE SOAP 30G,0,0,2,90,45,PERSONAL CARE,N/A,0,0,0
4.80653E+12,OXEED 125mg/5ml- 60 ml,CLOXACILLIN (OXEED) 125mg/5ml- 60 ml,0,0,0,60,29,GENERICS-RX,N/A,0,0,0
4.80653E+12,OXYGEN CANNULA PEDIA,OXYGEN CANNULA PEDIA,0,0,0,0,0,MEDICAL SUPPLIES,N/A,0,0,0
4.8001E+12,PAGODA LOTION 120ML,PAGODA LOTION 120ML,0,0,2,115,107.35,PERSONAL CARE,N/A,0,0,0
4.80889E+12,PALMOLIVE SHAMP ALOE 180ML,PALMOLIVE SHAMP ALOE 180ML,0,0,3,107,115.56,PERSONAL CARE,N/A,0,0,0
4.80889E+12,PALMOLIVE SHAMP ALOE 90ML,PALMOLIVE SHAMP ALOE 90ML,0,0,0,60,53.29,PERSONAL CARE,OHANA TRADING CORPORATION,0,0,0
4.80889E+12,PALMOLIVE SHAMP COCO 180ML,PALMOLIVE SHAMP COCO 180ML,0,0,1,125,115.56,PERSONAL CARE,N/A,0,0,0
8.85001E+12,PALMOLIVE SHAMP COOL & FRESH PEPPERMINT 15ML,PALMOLIVE SHAMP COOL & FRESH PEPPERMINT 15ML,0,0,9,8,5.16,PERSONAL CARE,N/A,0,0,0
4.80889E+12,PALMOLIVE SHAMP OLIVE 180ML,PALMOLIVE SHAMP OLIVE 180ML,0,0,0,107,113.25,PERSONAL CARE,N/A,0,0,0
8.85001E+12,PALMOLIVE SHAMP SILKY STRAIGHT OLIVE 15ML,PALMOLIVE SHAMP SILKY STRAIGHT OLIVE 15ML,0,0,0,8,5.24,PERSONAL CARE,N/A,0,0,0
8.85001E+12,PALMOLIVE SHAMP SMOOTH ALOE 15ML,PALMOLIVE SHAMP SMOOTH ALOE 15ML,0,0,4,8,5.24,PERSONAL CARE,N/A,0,0,0
4.90243E+12,PAMPERS BABY DRY TAPED M16,PAMPERS BABY DRY TAPED M16,0,0,1,205,177.92,BABY PRODUCTS,N/A,0,0,0
4.90243E+12,PAMPERS BABY-DRY L14,PAMPERS BABY-DRY L14,0,0,0,195,173.84,BABY PRODUCTS,N/A,0,0,0
4.90243E+12,PAMPERS BABY-DRY NB20,PAMPERS BABY-DRY NB20,0,0,0,215,190.15,BABY PRODUCTS,N/A,0,0,0
4.90243E+12,PAMPERS BABY-DRY S18,PAMPERS BABY-DRY S18,0,0,0,160,147.13,BABY PRODUCTS,N/A,0,0,0
4.90243E+12,PAMPERS BABY-DRY XL12,PAMPERS BABY-DRY XL12,0,0,0,180,163.56,BABY PRODUCTS,N/A,0,0,0
4.90243E+12,PAMPERS PANTS L14,PAMPERS PANTS L14,0,0,0,165,146.67,BABY PRODUCTS,N/A,0,0,0
4.90243E+12,PAMPERS PANTS M16,PAMPERS PANTS M16,0,0,-1,188,170.16,BABY PRODUCTS,N/A,0,0,0
4.98718E+12,PAMPERS PANTS XL12,PAMPERS PANTS XL12,0,0,0,150,131,BABY PRODUCTS,N/A,0,0,0
4.98718E+12,PAMPERS PANTS XXL11,PAMPERS PANTS XXL11,0,0,2,165,147.42,BABY PRODUCTS,N/A,0,0,0
8.90604E+12,PANTO + DOMPE 40/30MG (PANTOZISAPH) X30,PANTO + DOMPE 40/30MG (PANTOZISAPH) X30,0,0,190,25,5.33,GENERICS-RX,N/A,0,0,0
8.90605E+12,PANTO+DOMPE (PANTORIDONE) CAP X100,PANTO+DOMPE (PANTORIDONE) CAP X100,0,0,18,35,17,GENERICS-RX,N/A,0,0,0
8.90605E+12,PANTO+DOMPE (PANTORONE) X100,PANTO+DOMPE (PANTORONE) X100,0,0,15,20,9.5,GENERICS-RX,N/A,0,0,0
8.90605E+12,PANTO+DOMPE 40MG/30MG TAB (PANTOBET PLUS) X30,PANTO+DOMPE 40MG/30MG TAB (PANTOBET PLUS) X30,0,0,20,30,14.67,GENERICS-RX,N/A,0,0,0
8.90604E+12,PANTOPRAZOLE 40M (PANTOSAPH) TAB X30,PANTOPRAZOLE 40M (PANTOSAPH) TAB X30,0,0,61,7,3.17,GENERICS-RX,PRIMECARE,0,0,0
8.90409E+12,PANTOPRAZOLE 40MG (CYZOLE) TAB X100,PANTOPRAZOLE 40MG (CYZOLE) TAB X100,0,0,0,11,5.5,GENERICS-RX,N/A,0,0,0
4.80652E+12,PANTOPRAZOLE 40MG (H-PANTO) TAB X50,PANTOPRAZOLE 40MG (H-PANTO) TAB X50,0,0,50,8,3.5,GENERICS-RX,N/A,0,0,0
4.80604E+12,PANTOPRAZOLE 40MG (RESTON) TAB X30,PANTOPRAZOLE 40MG (RESTON) TAB X30,0,0,1,8,3.5,GENERICS-RX,N/A,0,0,0
8.90603E+12,PANTOPRAZOLE 40MG TAB (PANCER 40) X100,PANTOPRAZOLE 40MG TAB (PANCER 40) X100,0,0,0,7,3.4,GENERICS-RX,N/A,0,0,0
8.90604E+12,PARA + TRAMADOL TAB (DOLSAPH) X100,PARA + TRAMADOL TAB (DOLSAPH) X100,0,0,0,5,1.85,GENERICS-RX,N/A,0,0,0
4.80034E+12,PARA+B-COMPLEX (VINEURON PLUS) X10,PARA+B-COMPLEX (VINEURON PLUS) X10,0,0,0,10,4.6,BRANDED-RX,N/A,0,0,0
5216844804,PARA+IBUPROFEN (I-LAXX) X100,PARA+IBUPROFEN (I-LAXX) X100,0,0,20,3,1.05,GENERICS-OTC,N/A,0,0,0
4.80653E+12,PARA+TRAMADOL TAB (DUOTRAM) X100,PARA+TRAMADOL TAB (DUOTRAM) X100,0,0,8,6,2.8,GENERICS-RX,N/A,0,0,0
4.80902E+12,PARACETAMOL (AMADOL) 150MG AMP 2ml X10,PARACETAMOL (AMADOL) 150MG AMP 2ml X10,0,0,133,15,7,INTRAVENOUS SOLN,,0,0,0
4.80604E+12,PARACETAMOL (PARACY) 150MG AMP 2ml X10,PARACETAMOL (PARACY) 150MG AMP 2ml X10,0,0,0,15,7,INTRAVENOUS SOLN,,0,0,0
4.80654E+12,PARACETAMOL (PORTEMP) 150MG AMP 2ml X10,PARACETAMOL (PORTEMP) 150MG AMP,0,0,0,10,5,INTRAVENOUS SOLN,,0,0,0
4.80902E+12,PARACETAMOL + BCOMPLEX TAB (PBCARE) X100,PARACETAMOL + BCOMPLEX TAB (PBCARE) X100,0,0,163,10,3.92,GENERICS-RX,N/A,0,0,0
4.80652E+12,PARACETAMOL + TRAMADOL TAB (DUO-GESIC) X100,PARACETAMOL + TRAMADOL TAB (DUO-GESIC) X100,0,0,232,10,4.31,GENERICS-RX,N/A,0,0,0
4.80653E+12,PARACETAMOL 100MG/5ML DROPS (BIOGIC) 15ML,PARACETAMOL 100MG/5ML DROPS (BIOGIC) 15ML,0,0,-1,25,12.5,GENERICS-OTC,N/A,0,0,0
4.80652E+12,PARACETAMOL 100MG/ML DROPS (MILGESIC) 15ML,PARACETAMOL 100MG/ML DROPS (MILGESIC) 15ML,0,0,0,30,12,GENERICS-OTC,N/A,0,0,0
4.80652E+12,PARACETAMOL 100MG/ML DROPS (NOVAMOL) 15ML,PARACETAMOL 100MG/ML DROPS (NOVAMOL) 15ML,0,0,0,27,13,GENERICS-OTC,N/A,0,0,0
4.80653E+12,PARACETAMOL 100MG/ML DROPS (PARA100) 15ML,PARACETAMOL 100MG/ML DROPS (PARA100) 15ML,0,0,25,25,12.45833333,GENERICS-OTC,N/A,0,0,0
4.80652E+12,PARACETAMOL 125MG (NOVAMOL) SUSP 60ML,PARACETAMOL 125MG (NOVAMOL) SUSP 60ML,0,0,0,26,12.85,GENERICS-OTC,N/A,0,0,0
4.80653E+12,PARACETAMOL 125MG (PARA125) SYR 60ML,PARACETAMOL 125MG (PARA125) SYR 60ML,0,0,34,30,12.02054508,GENERICS-OTC,MEDTRIO CONSUMER GOODS TRADING,0,0,0
4.80652E+12,PARACETAMOL 125MG/5ML (MYREMOL) 60ML,PARACETAMOL 125MG/5ML (MYREMOL) 60ML,0,0,0,0,0,GENERICS-OTC,N/A,0,0,0
4.80653E+12,PARACETAMOL 125MG/5ML SUSP (BIOGIC) 60ML,PARACETAMOL 125MG/5ML SUSP (BIOGIC) 60ML,0,0,0,26,13,GENERICS-OTC,N/A,0,0,0
4.80652E+12,PARACETAMOL 250MG (NOVAMOL) SUSP 60ML,PARACETAMOL 250MG (NOVAMOL) SUSP 60ML,0,0,0,30,13.75,GENERICS-OTC,N/A,0,0,0
4.80653E+12,PARACETAMOL 250MG (PARA250) SYR 60ML,PARACETAMOL 250MG (PARA250) SYR 60ML,0,0,48,30,13,GENERICS-OTC,N/A,0,0,0
4.80652E+12,PARACETAMOL 250MG/5ML (MYREMOL) 60ML,PARACETAMOL 250MG/5ML (MYREMOL) 60ML,0,0,0,0,0,GENERICS-OTC,N/A,0,0,0
4.80653E+12,PARACETAMOL 250MG/5ML SUSP (BIOGIC) 60ML,PARACETAMOL 250MG/5ML SUSP (BIOGIC) 60ML,0,0,0,30,13,GENERICS-OTC,N/A,0,0,0
4.80652E+12,PARACETAMOL 500MG (PHILPARA) X100,PARACETAMOL 500MG (PHILPARA) X100,0,0,1420,2,0.35,GENERICS-OTC,N/A,0,0,0
4.80651E+12,PARACETAMOL 500MG TAB (FLUGARD) X100,PARACETAMOL 500MG TAB (FLUGARD) X100,0,0,0,3,0.676242038,GENERICS-OTC,N/A,0,0,0
4.80652E+12,PARACETAMOL 500MG TAB (KIDICEF) X100,PARACETAMOL 500MG TAB (KIDICEF) X100,0,0,0,2,0.54,GENERICS-OTC,N/A,0,0,0
8.90604E+12,PARACETAMOL 50MMG TAB (ACETAMOL) X100,PARACETAMOL 50MMG TAB (ACETAMOL) X100,0,0,0,2,0.72,GENERICS-OTC,N/A,0,0,0
9749505586,PARACETAMOL+BCOMPLEX TAB (COM-B FTE) X100,PARACETAMOL+BCOMPLEX TAB (COM-B FTE) X100,0,0,66,10,3.9,GENERICS-RX,N/A,0,0,0
8.90604E+12,PARASAPH 125 SYR 60ML,PARACETAMOL 125MG (PARASAPH) SYR 60ML,0,0,2,25,11.75,GENERICS-RX,PRIMECARE,0,0,0
120966588,PARTNERS NEBULIZER MASK ADULT,PARTNERS NEBULIZER MASK ADULT,0,0,10,100,45,MEDICAL SUPPLIES,NTPK,0,0,0
20101431,PARTNERS NEBULIZER MASK PEDIA,PARTNERS NEBULIZER MASK PEDIA,0,0,20,90,45,MEDICAL SUPPLIES,NTPK,0,0,0
4.80653E+12,PARTNERS PREGNANCY TEST X100,PARTNERS PREGNANCY TEST X100,0,0,0,50,8.5,MEDICAL SUPPLIES,N/A,0,0,0
4.80651E+12,PAU DE ARCO CAP X100,PAU DE ARCO CAP X100,0,0,188,17,13.5,BRANDED-OTC,N/A,0,0,0
4.80651E+12,PAU LINIMENT 15ML,PAU LINIMENT 15ML,0,0,0,30,23.4,CONSIGNMENT ITEM,N/A,0,0,0
4.80651E+12,PAU LINIMENT 30ML,PAU LINIMENT 30ML,0,0,1,80,70.2,CONSIGNMENT ITEM,N/A,0,0,0
4.80651E+12,PAU LINIMENT 60ML,PAU LINIMENT 60ML,0,0,4,141,121.6,CONSIGNMENT ITEM,N/A,0,0,0
4.80651E+12,PAU MASAJE CLASSIC 60ML,PAU MASAJE CLASSIC 60ML,0,0,1,80,65.25,CONSIGNMENT ITEM,N/A,0,0,0
4.80651E+12,PAU MASAJE FLORAL 60ML,PAU MASAJE FLORAL 60ML,0,0,6,75,66.38277778,CONSIGNMENT ITEM,N/A,0,0,0
4.80651E+12,PAU MASAJE ORANGE SCENT 60ML,PAU MASAJE ORANGE SCENT 60ML,0,0,7,80,63.45,CONSIGNMENT ITEM,N/A,0,0,0
4.80651E+12,PAU MASAJE PEPPERMINT 60ML,PAU MASAJE PEPPERMINT 60ML,0,0,2,85,76,CONSIGNMENT ITEM,N/A,0,0,0
8.90409E+12,PECOF  TABLET X10,PECOF  TABLET X10,0,0,50,18,16.22490566,BRANDED-RX,N/A,0,0,0
4.80651E+12,PECOF SYRUP 100ML,PECOF SYRUP 100ML,0,0,4,242,230.12,BRANDED-RX,N/A,0,0,0
4.8065E+12,PEDIAFORTAN AS SYR 120ML,PEDIAFORTAN AS SYR 120ML,0,0,3,338,321.1,BRANDED-OTC,,0,0,0
4.8065E+12,PEDIAFORTAN AS SYR 60ML,PEDIAFORTAN AS SYR 60ML,0,0,3,218,207.23,BRANDED-OTC,N/A,0,0,0
4.80022E+12,PEDIALYTE 45 BUBBLE 500ML,PEDIALYTE 45 BUBBLE 500ML,0,0,0,135,126.76,BRANDED-OTC,N/A,0,0,0
4.80022E+12,PEDIALYTE MILD 30 APPLE 500ML,PEDIALYTE MILD 30 APPLE 500ML,0,0,4,135,118.45,BRANDED-OTC,N/A,0,0,0
4.80022E+12,PEDIALYTE MILD 30 GRAPE 500ML,PEDIALYTE MILD 30 GRAPE 500ML,0,0,0,135,118.4504762,BRANDED-OTC,N/A,0,0,0
4.80022E+12,PEDIALYTE MILD 30 STRAW 500ML,PEDIALYTE MILD 30 STRAW 500ML,0,0,6,135,118.45,BRANDED-OTC,N/A,0,0,0
4.80022E+12,PEDIALYTE MILD 45 FRUIT 500ML,PEDIALYTE MILD 45 FRUIT 500ML,0,0,0,135,126.76,BRANDED-OTC,N/A,0,0,0
4.80779E+12,PEDIAMOX 100MG/ML DROPS 10ML,PEDIAMOX 100MG/ML DROPS 10ML,0,0,4,90,84.46,BRANDED-RX,N/A,0,0,0
4.80779E+12,PEDIAMOX 250MG/5ML SYR 60ML,PEDIAMOX 250MG/5ML SYR 60ML,0,0,3,150,138.65,BRANDED-RX,N/A,0,0,0
4.80022E+12,PEDIASURE 1-3 370G,PEDIASURE 1-3 370G,0,0,5,710,673.57,MILK,N/A,0,0,0
4.80022E+12,PEDIASURE 1-3 900G,PEDIASURE 1-3 900G,0,0,0,1326,1224.96,MILK,N/A,0,0,0
4.80022E+12,PEDIASURE 3+ (VANILLA) 370G,PEDIASURE 3+ (VANILLA) 370G,0,0,4,720,681.36,MILK,N/A,0,0,0
70074580500,PEDIASURE RTD 237ML,PEDIASURE RTD 237ML,0,0,0,160,137.46,MILK,N/A,0,0,0
4.80651E+12,PEDZINC PLUS C DROPS 30ML,PEDZINC PLUS C DROPS 30ML,0,0,4,147,137.2,BRANDED-OTC,N/A,0,0,0
4.80651E+12,PEDZINC PLUS C SYR 120ML,PEDZINC PLUS C SYR 120ML,0,0,3,147,136.616,BRANDED-OTC,N/A,0,0,0
4.80651E+12,PEDZINC SYR 250ML,PEDZINC SYR 250ML,0,0,0,265,249.58,BRANDED-OTC,N/A,0,0,0
4.80652E+12,PEFTRIN 1G VIALX10,CEFTRIAXONE 1G VIAL (PEFTRIN) X10,0,0,25,36,17.8,GENERICS-RX,,0,0,0
81364361693,PEI PA KOA SYRUP 150ML,NIM JEOM PEI PA KOA SYRUP 150ML,0,0,2,432,392,CONSIGNMENT ITEM,N/A,0,0,0
81364361686,PEI PA KOA SYRUP 300ML,NIM JEOM PEI PA KOA SYRUP,0,0,1,380,343,CONSIGNMENT ITEM,N/A,0,0,0
81364361709,PEI PA KOA SYRUP 75ML,PEI PA KOA SYRUP 75ML,0,0,2,302,274.4,CONSIGNMENT ITEM,N/A,0,0,0
4.80604E+12,PER C PLUS D X100,PER C PLUS D X100,0,0,313,5,1.95,GENERICS-OTC,N/A,0,0,0
4.90243E+12,PERLA PAPAYA 110G,PERLA PAPAYA 110G,0,0,1,16,14,PERSONAL CARE,N/A,0,0,0
4.90243E+12,PERLA SOAP WHITE 110G,PERLA SOAP WHITE 110G,0,0,0,16,14,PERSONAL CARE,N/A,0,0,0
4.80007E+12,PETROLEUM JELLY APOLLO 25G X12,PETROLEUM JELLY APOLLO 25G X12,0,0,0,45,39.69,DRHR,N/A,0,0,0
4.80007E+12,PETROLEUM JELLY APOLLO 50G,PETROLEUM JELLY APOLLO 50G,0,0,0,65,56.74,PERSONAL CARE,OHANA TRADING CORPORATION,0,0,0
4.80901E+12,PETROLEUM JELLY DANN'S 20G,PETROLEUM JELLY DANN'S 20G,0,0,0,26,23.52,DRHR,N/A,0,0,0
4.80901E+12,PETROLEUM JELLY DANN'S 50G,PETROLEUM JELLY DANN'S 50G,0,0,-1,45,39.9,DRHR,N/A,0,0,0
4.80014E+12,PH CARE COOLCOM 50ML SPRAY,PH CARE COOLCOM 50ML SPRAY,0,0,1,162,146.68,PERSONAL CARE,UNITED LINK PHARMACEUTICAL DISTRIBUTION,0,0,0
4.80014E+12,PH CARE COOLING 5ML SACH X12,PH CARE COOLING 5ML SACH X12,0,0,23,7,5.559,PERSONAL CARE,N/A,0,0,0
4.80014E+12,PH CARE FLORAL 5ML SACH X12,PH CARE FLORAL 5ML SACH X12,0,0,4,7,4.67,PERSONAL CARE,N/A,0,0,0
4.80014E+12,PH CARE FW COOLING 150ML,PH CARE FW COOLING 150ML,0,0,14,150,129.58,PERSONAL CARE,N/A,0,0,0
4.80014E+12,PH CARE FW COOLING 50ML,PH CARE FW COOLING 50ML,0,0,5,65,51.13875,PERSONAL CARE,N/A,0,0,0
4.80014E+12,PH CARE FW DELICATE 150ML,PH CARE FW DELICATE 150ML,0,0,2,155,134.588,PERSONAL CARE,N/A,0,0,0
4.80014E+12,PH CARE FW DELICATE 50ML,PH CARE FW DELICATE 50ML,0,0,6,60,53.97571429,PERSONAL CARE,OHANA TRADING CORPORATION,0,0,0
4.80014E+12,PH CARE FW FLORAL 150ML,PH CARE FW FLORAL 150ML,0,0,3,135,120.5616667,PERSONAL CARE,N/A,0,0,0
4.80014E+12,PH CARE FW FLORAL 50ML,PH CARE FW FLORAL 50ML,0,0,24,55,46.73,PERSONAL CARE,OHANA TRADING CORPORATION,0,0,0
4.80014E+12,PH CARE FW NATURAL 150ML,PH CARE FW NATURAL 150ML,0,0,6,145,129.58,PERSONAL CARE,N/A,0,0,0
4.80014E+12,PH CARE FW NATURAL 50ML,PH CARE FW NATURAL 50ML,0,0,4,57,51.41,PERSONAL CARE,N/A,0,0,0
4.80014E+12,PH CARE NATPRO 50 ML SPRAY,PH CARE NATPRO 50ML SPRAY,0,0,2,162,146.68,PERSONAL CARE,UNITED LINK PHARMACEUTICAL DISTRIBUTION,0,0,0
4.80014E+12,PH CARE NATURAL 5ML SACH X12,PH CARE NATURAL 5ML SACH X12,0,0,24,7,5.56,PERSONAL CARE,N/A,0,0,0
4.80014E+12,PH CARE ULTRA PURE 50ML FEMINE WASH,PH CAREA ULTRA PURE 50ML FEMINE WASH,0,0,3,60,53.7,PERSONAL CARE,UNITED LINK PHARMACEUTICAL DISTRIBUTION,0,0,0
4381901139,PHAREX B-COMPLEX TAB X400,PHAREX B-COMPLEX TAB X400,0,0,403,5,3.883846154,BRANDED-OTC,N/A,0,0,0
2234263333,PHAREX E 400I.U CAP X30,PHAREX E 400I.U CAP X30,0,0,71,10,7.78,BRANDED-OTC,N/A,0,0,0
8774134106,PHARMATON CAP X100,PHARMATON CAP X100,0,0,18,25,22.43,BRANDED-OTC,N/A,0,0,0
4.80604E+12,PHILCEF-DS 250 SUSP 60ML ,CEFUROXIME 250MG (PHILCEF-DS) SUSP 60ML,0,0,37,155,77,GENERICS-RX,N/A,0,0,0
4.80604E+12,PHILRX SODIUM CHLORIDE 9MG  50Ml,PHILRX SODIUM CHLORIDE 9MG  50Ml,0,0,7,80,39,INTRAVENOUS SOLN,,0,0,0
4.80604E+12,PHILZITS-100 MG TABX30,SITAGLIPTIN 100MG (PHILZITS) TABX30,0,0,0,25,10.5,GENERICS-RX,MEDTRIO CONSUMER GOODS TRADING,0,0,0
8087576010,PHOSPHOLIPIDS+ MV 300MG CAP (SAPHLIVE) X100,PHOSPHOLIPIDS+ MV 300MG CAP (SAPHLIVE) X100,0,0,359,10,4.9,GENERICS-OTC,N/A,0,0,0
4.80651E+12,PINIPIG CHOCO REG,PINIPIG CHOCO REG,0,0,37,17,14.29,FOOD & BEVERAGES,N/A,0,0,0
4.80651E+12,PINIPIG STRAWBERRY REG,PINIPIG STRAWBERRY REG,0,0,18,17,14.29,FOOD & BEVERAGES,N/A,0,0,0
5599106,PINIPIG UBE KESO REG,PINIPIG UBE KESO REG,0,0,34,17,13.3,FOOD & BEVERAGES,CREAMLINE,0,0,0
4496792970,PINOY CLASSICS UBE MONGGO,PINOY CLASSICS UBE MONGGO,0,0,12,17,13.3,FOOD & BEVERAGES,N/A,0,0,0
8.90604E+12,PIOGLITASAPH-30 TAB X30,PIOGLITAZONE 30MG (PIOGLITASAPH-30) TAB X30,0,0,4,15,5.17,GENERICS-RX,MEDTRIO CONSUMER GOODS TRADING,0,0,0
4.80901E+12,PIOGLITAZONE 15MG (PIO-SOURCE) TAB X100,PIOGLITAZONE 15MG (PIO-SOURCE) TAB X100,0,0,286,7,2.3,GENERICS-RX,N/A,0,0,0
4.80652E+12,PIOGLITAZONE 15MG (ZEAL) TAB X28,PIOGLITAZONE 15MG (ZEAL) TAB X28,0,0,0,6,2.67,GENERICS-RX,N/A,0,0,0
8.90114E+12,PIOGLITAZONE 15MG TAB (GLITO 15) X100,PIOGLITAZONE 15MG TAB (GLITO 15) X100,0,0,266,7,2.636660617,GENERICS-RX,N/A,0,0,0
4.80652E+12,PIOGLITAZONE 30MG (PIODART) TAB X100,PIOGLITAZONE 30MG (PIODART) TAB X100,0,0,0,10,4.8,GENERICS-RX,N/A,0,0,0
8.90114E+12,PIOGLITAZONE 30MG TAB (GLITO) X100,PIOGLITAZONE 30MG TAB (GLITO) X100,0,0,1,10,4.85,GENERICS-RX,N/A,0,0,0
8.90803E+12,PIOGLITAZONE 30MG TAB (PIOMED) X100,PIOGLITAZONE 30MG TAB (PIOMED) X100,0,0,280,6,2.8,GENERICS-RX,N/A,0,0,0
7783691381,PIOGLITAZONE 30MG TAB (PIO-SOURCE) X100,PIOGLITAZONE 30MG TAB (PIO-SOURCE) X100,0,0,0,10,3.36,GENERICS-RX,N/A,0,0,0
4.80652E+12,PIOGLITAZONE 30MG TAB (ZEAL) X30,PIOGLITAZONE 30MG TAB (ZEAL) X30,0,0,0,9,4.48,GENERICS-RX,N/A,0,0,0
8.906E+12,PIRACETAM 800MG TAB (RETENTO) X30,PIRACETAM 800MG TAB (RETENTO) X30,0,0,311,16,6.28125,GENERICS-RX,N/A,0,0,0
4.80652E+12,PIROXICAM 10MG CAP (DM) X100,PIROXICAM 10MG CAP (DM) X100,0,0,-10,3,0.98,GENERICS-RX,N/A,0,0,0
4.80652E+12,PIROXICAM 20MG CAP (DM) X100,PIROXICAM 20MG CAP (DM) X100,0,0,641,4,1.385703179,GENERICS-RX,N/A,0,0,0
6.81124E+14,PLASIL 10MG TAB X100,PLASIL 10MG TAB X100,0,0,-2,21,19.776,BRANDED-RX,N/A,0,0,0
4.80901E+12,PLEMEX FORTE CAP 600MG X100,PLEMEX FORTE CAP 600MG X100,0,0,254,8,7.041384083,BRANDED-OTC,N/A,0,0,0
4.80901E+12,PLEMEX FTE 600MG/5ML SYR 120ML,PLEMEX FTE 600MG/5ML SYR 120ML,0,0,4,175,161.96,BRANDED-OTC,N/A,0,0,0
4.80901E+12,PLEMEX FTE 600MG/5ML SYR 60ML,PLEMEX FTE 600MG/5ML SYR 60ML,0,0,9,130,122.3430769,BRANDED-OTC,N/A,0,0,0
4.80901E+12,PLEMEX KIDS SYR 120ML,PLEMEX KIDS SYR 120ML,0,0,6,142,136.261965,BRANDED-OTC,N/A,0,0,0
4.80901E+12,PLEMEX KIDS SYR 60ML,PLEMEX KIDS SYR 60ML,0,0,10,100,94.18,BRANDED-OTC,N/A,0,0,0
4.80023E+12,PLENDIL ER 5MG,FELODIPINE (PLENDIL ER) 5MG X30TAB,0,0,41,40,37.49,BRANDED-RX,,0,0,0
4.80651E+12,PLURADEC SYR 120ML,PLURADEC SYR 120ML,0,0,0,100,48,GENERICS-OTC,N/A,0,0,0
4.80651E+12,PLURADEC SYR 60ML,PLURADEC SYR 60ML,0,0,27,60,27,GENERICS-OTC,N/A,0,0,0
4.80057E+12,PNSS EUROMED 50ML X20,PNSS EUROMED 50ML X20,0,0,33,90,44,INTRAVENOUS SOLN,N/A,0,0,0
1.76885E+14,PNSS IRRIGATING SOLN 1L,PNSS IRRIGATING SOLN 1L,0,0,18,120,61.93548387,INTRAVENOUS SOLN,N/A,0,0,0
8.99704E+12,POCARI SWEAT 2L,POCARI SWEAT 2L,0,0,7,180,142.2,FOOD & BEVERAGES,N/A,0,0,0
8.99704E+12,POCARI SWEAT 350ML,POCARI SWEAT 350ML,0,0,-1,35,32,FOOD & BEVERAGES,N/A,0,0,0
8.99704E+12,POCARI SWEAT 500ML,POCARI SWEAT 500ML,0,0,80,55,39.6,FOOD & BEVERAGES,N/A,0,0,0
4.80035E+12,POCARI SWEAT 900ML,POCARI SWEAT 900ML,0,0,22,95,84.25,FOOD & BEVERAGES,N/A,0,0,0
9.55602E+12,POLIDENT ADHESIVE CRM 20G,POLIDENT ADHESIVE CRM 20G,0,0,12,135,121.01,PERSONAL CARE,N/A,0,0,0
9.31004E+12,POLIDENT ADHESIVE CRM 60G,POLIDENT ADHESIVE CRM 60G,0,0,0,345,172.67,PERSONAL CARE,N/A,0,0,0
9.55602E+12,POLIDENT CLEANSER TAB X6,POLIDENT CLEANSER TAB X6,0,0,0,15,13.13,PERSONAL CARE,N/A,0,0,0
4.80026E+12,POLY+NEO+DEXA OPTH SOLN (ISORE) 5ML,POLY+NEO+DEXA OPTH SOLN (ISORE) 5ML,0,0,10,210,100,GENERICS-RX,N/A,0,0,0
4.80089E+12,PONDS ACNE CLEAR TONER 60ML,PONDS ACNE CLEAR TONER 60ML,0,0,6,67,60.79,PERSONAL CARE,N/A,0,0,0
4.80089E+12,PONDS AGE DEFENSE CRM 10ML,PONDS AGE DEFENSE CRM 10ML,0,0,0,48,43.4,PERSONAL CARE,N/A,0,0,0
8.85193E+12,POND'S AGE MIRACLE DC 10G,POND'S AGE MIRACLE DC 10G,0,0,0,145,131.48,PERSONAL CARE,N/A,0,0,0
4.80089E+12,POND'S AGE MIRACLE NIGHT CREAM 10G,POND'S AGE MIRACLE NIGHT CREAM 10G,0,0,0,160,144.64,PERSONAL CARE,N/A,0,0,0
8.85193E+12,POND'S BB POWDER 50G,POND'S BB POWDER 50G,0,0,1,105,93.73,PERSONAL CARE,N/A,0,0,0
4.80089E+12,PONDS FACIAL FOAM ULTIMATE CLARITY  10G X12,PONDS FACIAL FOAM ULTIMATE CLARITY  10G X12,0,0,14,20,16.07,PERSONAL CARE,N/A,0,0,0
4.80089E+12,PONDS FC FOAM ACNE(THYMO-BHA) 10G X12,PONDS FC FOAM ACNE(THYMO-BHA) 10G X12,0,0,38,18,16.45811847,PERSONAL CARE,N/A,0,0,0
4.80089E+12,PONDS FC SCRUB ACNE(CLAY BHA) 10G X12,PONDS FC SCRUB ACNE(CLAY BHA) 10G X12,0,0,19,20,16.48,PERSONAL CARE,N/A,0,0,0
4.80089E+12,PONDS FF CHARCOAL OIL CONTROL(DETOX) 10G X12,PONDS FF CHARCOAL OIL CONTROL(DETOX) 10G X12,0,0,3,18,16.054,PERSONAL CARE,N/A,0,0,0
4.80089E+12,PONDS HYDRA MIRACLE  ULTRA LIGHT BIOME GEL 10G,PONDS HYDRA MIRACLE  ULTRA LIGHT BIOME GEL 10G,0,0,5,87,78.54,PERSONAL CARE,,0,0,0
4.80089E+12,PONDS MEN FW ENERGY 12G X12,PONDS MEN FW ENERGY 12G X12,0,0,8,20,17.15,PERSONAL CARE,N/A,0,0,0
4.80089E+12,POND'S MICELLAR BRIGHT ROSE 100ML,POND'S MICELLAR BRIGHT ROSE 100ML,0,0,0,116,83.5,PERSONAL CARE,N/A,0,0,0
4.80089E+12,POND'S MICELLAR WATER MILK 100ML,POND'S MICELLAR WATER MILK 100ML,0,0,0,116,80.5,PERSONAL CARE,N/A,0,0,0
4.80089E+12,PONDS MIR DAY CREAM SERUM 12G X12,PONDS MIR DAY CREAM SERUM 12G X12,0,0,27,30,26.21,PERSONAL CARE,N/A,0,0,0
4.80089E+12,PONDS MIR DAY CREAM SERUM 7G X12,PONDS MIR DAY CREAM SERUM 7G X12,0,0,32,18,15.45,PERSONAL CARE,N/A,0,0,0
4.80089E+12,PONDS MIR DAY CREAM SERUM DETOX 12G X12,PONDS MIR DAY CREAM SERUM DETOX 12G X12,0,0,21,30,26.12666667,PERSONAL CARE,N/A,0,0,0
4.80089E+12,PONDS MIR DAY CREAM SERUM DETOX 7G X12,PONDS MIR DAY CREAM SERUM DETOX 7G X12,0,0,28,18,15.58965517,PERSONAL CARE,N/A,0,0,0
4.80089E+12,PONDS MIR SERUM BURST CRM 7G X6,PONDS MIR SERUM BURST CRM 7G X6,0,0,14,45,38.88846154,PERSONAL CARE,N/A,0,0,0
4.80089E+12,PONDS SUNSCREEN SPF50 CRM 30G,PONDS SUNSCREEN SPF50 CRM 30G,0,0,1,310,280.24,PERSONAL CARE,N/A,0,0,0
4.80089E+12,PONDS TONE UP MILK 6G,PONDS TONE UP MILK 6G,0,0,16,15,13.51443478,PERSONAL CARE,N/A,0,0,0
8.85193E+12,POND'S TONE UP POWDER 40G,POND'S TONE UP POWDER 40G,0,0,0,100,87.77,PERSONAL CARE,N/A,0,0,0
4.80089E+12,PONDS TONER ACNE CLEAR 100ML,PONDS TONER ACNE CLEAR 100ML,0,0,5,106,97.12333333,PERSONAL CARE,N/A,0,0,0
4.80089E+12,PONDS TONER PINK 60ML,PONDS TONER PINK 60ML,0,0,4,81,74.025,PERSONAL CARE,N/A,0,0,0
4.80089E+12,PONDS UV BRIGHT NIASORCINOL SUNSCREEN 30G SPF50++++,PONDS UV BRIGHT NIASORCINOL SUNSCREEN 30G SPF50++++,0,0,2,215,192.78,PERSONAL CARE,215,0,0,0
4.80089E+12,PONDS UV MIRACLE BRIGHT SPF 50++++ NIASORCINOL SUNSCREEN,PONDS UV MIRACLE BRIGHT SPF 50++++ NIASORCINOL SUNSCREEN ,0,0,-1,132,120,PERSONAL CARE,,0,0,0
4.80089E+12,PONDS UV MIRACLE HYDRATE SPF 50++++ HYA-CERAMIDE SUNSCREEN,PONDS UV MIRACLE HYDRATE SPF 50++++ HYA-CERAMIDE SUNSCREEN,0,0,1,132,120,PERSONAL CARE,,0,0,0
3509785837,PONSTAN FCT 500MG TAB X200,PONSTAN FCT 500MG TAB X200,0,0,0,37,39.21,BRANDED-RX,N/A,0,0,0
2.29366E+14,PONSTAN SF 250MG CAP X100,PONSTAN SF 250MG CAP X100,0,0,32,21,19.5,BRANDED-OTC,N/A,0,0,0
4.80014E+12,PONSTAN SF 500MG CAP X100,PONSTAN SF 500MG CAP X100,0,0,13,42,39.21,BRANDED-RX,N/A,0,0,0
8.90604E+12,POTASIUM CITRATE 1.080G TAB (SAPHTRATE) X30,POTASIUM CITRATE 1.080G TAB (SAPHTRATE) X30,0,0,59,8,3.07,GENERICS-RX,N/A,0,0,0
4.80057E+12,POTASSIUM CHLORIDE (EUROMED) VIAL 20ML,POTASSIUM CHLORIDE 2MEQ/ML SOLUTION FOR INJECTION (IV) 20ML,0,0,59,90,43,INTRAVENOUS SOLN,NTPK,0,0,0
7.86301E+14,POTASSIUM CHLORIDE 600MG (KALIUSAPHRIDE) TAB X100,POTASSIUM CHLORIDE 600MG (KALIUSAPHRIDE) TAB X100,0,0,0,20,6.33,GENERICS-RX,N/A,0,0,0
4.80651E+12,POTASSIUM CHLORIDE 600MG TAB (K-LYTE) X100,POTASSIUM CHLORIDE 600MG TAB (K-LYTE) X100,0,0,228,20,9.204407295,GENERICS-RX,N/A,0,0,0
4.80902E+12,POTASSIUM CITRATE 1080MG (KELCITRA) TAB X100,POTASSIUM CITRATE 1080MG (KELCITRA) TAB X100,0,0,0,9,4.2,GENERICS-RX,N/A,0,0,0
4.80603E+12,POTENCEE + C COLLAGEN CAP X10,POTENCEE + C COLLAGEN CAP X10,0,0,26,20,18.45934875,BRANDED-OTC,N/A,0,0,0
4.80603E+12,POTENCEE + ZN ADVANCE CAP X100,POTENCEE + ZN ADVANCE CAP X100,0,0,31,7,6.17,BRANDED-OTC,N/A,0,0,0
4989458969,POTENCEE FORTE 1G TAB X100,POTENCEE FORTE 1G TAB X100,0,0,73,11,8.92,BRANDED-OTC,N/A,0,0,0
6.04599E+14,POTENCEE NA 500MG CAP X100,POTENCEE NA 500MG CAP X100,0,0,0,7,3.94,BRANDED-OTC,N/A,0,0,0
4.8002E+12,POTENCEE SC 500MG TAB X100,POTENCEE SC 500MG TAB X100,0,0,6,6,5.421612903,BRANDED-OTC,N/A,0,0,0
4.8002E+12,POTENCEE SUGAR FREE TAB X100,POTENCEE SUGAR FREE TAB X100,0,0,-40,6,5.19,GENERICS-OTC,N/A,0,0,0
4.80653E+12,POVIDONE IODINE (BETASOL) 120ML,BETASOL 120ML,0,0,0,65,55,DRHR,ELISET PHARMACEUTICAL INC,0,0,0
4.80653E+12,PPA 12.5MG/5ML SYR (COLDS-OFF) 60ML,PPA 12.5MG/5ML SYR (COLDS-OFF) 60ML,0,0,0,25,12,GENERICS-OTC,N/A,0,0,0
4.8065E+12,PPA+GUIAFENESIN 6.25MG/100MG SYR (CHERRYL) 60ML,PPA+GUIAFENESIN 6.25MG/100MG SYR (CHERRYL) 60ML,0,0,1,60,29.5,GENERICS-OTC,N/A,0,0,0
4.80034E+12,PRADOL 325MG/37.5MG TAB X100,PARACETAMOL + TRAMADOL HYDROCHLORIDE (PRADOL 325MG/37.5MG TAB X100),0,0,-88,15,7.5,GENERICS-RX,,0,0,0
4294114595,PRED 10 TAB X500,PRED 10 TAB X500,0,0,242,6,4.7,BRANDED-RX,N/A,0,0,0
4.80651E+12,PRED 20 SYR 30ML,PRED 20 SYR 30ML,0,0,0,200,190,BRANDED-OTC,N/A,0,0,0
4.80651E+12,PRED 20 SYR 60ML,PRED 20 SYR 60ML,0,0,0,320,304,BRANDED-RX,N/A,0,0,0
2737567308,PRED 20 TAB X500,PRED 20 TAB X500,0,0,124,8,7.41,BRANDED-RX,N/A,0,0,0
1504130963,PRED 30 TAB X100,PRED 30 TAB X100,0,0,31,13,11.44643822,BRANDED-RX,N/A,0,0,0
4.80651E+12,PRED 5 TAB X100,PRED 5 TAB X100,0,0,83,3,2.28,GENERICS-OTC,N/A,0,0,0
2.03879E+14,PREDNISONE 10MG (PREDEX) SUSP 60ML,PREDNISONE 10MG (PREDEX) SUSP 60ML,0,0,0,110,55,GENERICS-RX,N/A,0,0,0
4.80603E+12,PREDNISONE 10MG TAB (VONWELT) X100,PREDNISONE 10MG TAB (VONWELT) X100,0,0,562,2,0.75,GENERICS-RX,N/A,0,0,0
4.80654E+11,PREDNISONE 10MG/5ML SUSP (LEFESONE) 60ML,PREDNISONE 10MG/5ML SUSP (LEFESONE) 60ML,0,0,7,100,49.83333333,GENERICS-RX,N/A,0,0,0
4.8065E+12,PREDNISONE 10MG/5ML SUSP (PREND) 60ML,PREDNISONE 10MG/5ML SUSP (PREND) 60ML,0,0,0,100,49,GENERICS-RX,N/A,0,0,0
4.80653E+12,PREDNISONE 20MG TAB (CORT) X100,PREDNISONE 20MG TAB (CORT) X100,0,0,526,5,2.194822716,GENERICS-RX,N/A,0,0,0
4.8065E+12,PREDNISONE 20MG TAB (PREND) X100,PREDNISONE 20MG TAB (PREND) X100,0,0,0,5,2.32,GENERICS-RX,N/A,0,0,0
4.80652E+12,PREDNISONE 5MG TAB (DEPRESON) X100,PREDNISONE 5MG TAB (DEPRESON) X100,0,0,0,1.5,0.49,GENERICS-RX,N/A,0,0,0
4.80652E+12,PREDNISONE 5MG TAB (SYSTOCOR) X100,PREDNISONE 5MG TAB (SYSTOCOR) X100,0,0,730,2,0.51612408,GENERICS-RX,N/A,0,0,0
8.9042E+12,PREGABALIN 50MG CAP (VEXER) X20,PREGABALIN 50MG CAP (VEXER) X20,0,0,0,25,12.25,GENERICS-RX,N/A,0,0,0
4.80653E+12,PREGABALIN 75MG (GRABALIN) X28,PREGABALIN 75MG (GRABALIN) X28,0,0,0,10,3.776983373,GENERICS-RX,N/A,0,0,0
4.80604E+12,PREGABALIN 75MG (NEURORITE) X100,PREGABALIN 75MG (NEURORITE) X100,0,0,361,6,2.870048019,GENERICS-RX,N/A,0,0,0
8.90417E+12,PREGABALIN 75MG CAP (GABLURICA) X56,PREGABALIN 75MG CAP (GABLURICA) X56,0,0,0,11,5.45,GENERICS-RX,N/A,0,0,0
7174598973,PREGABALIN 75MG CAP (PREGABASAPH) X30,PREGABALIN 75MG CAP (PREGABASAPH) X30,0,0,7,8,3.83,GENERICS-RX,N/A,0,0,0
8.9013E+12,PREGABALIN 75MG CAP X30,PREGABALIN 75MG CAP X30,0,0,0,20,10,GENERICS-RX,N/A,0,0,0
4.80652E+12,PREGNANCY TEST (ADVAN) X50,PREGNANCY TEST (ADVAN) X50,0,0,272,40,7,MEDICAL SUPPLIES,N/A,0,0,0
4.80652E+12,PREGNANCY TEST (SUREGUARD),PREGNANCY TEST (SUREGUARD),0,0,0,40,6.25,MEDICAL SUPPLIES,N/A,0,0,0
4.80653E+12,PROBIOFLORA 2B 5ML X6,PROBIOFLORA 2B 5ML X6,0,0,0,36,18,CONSIGNMENT ITEM,N/A,0,0,0
4.80779E+12,PROGLIN 50MG TAB X14,VILDAGLIPTIN (PROGLIN) 50MG TAB X14,0,0,22,30,28.33,BRANDED-RX,,0,0,0
4.80779E+12,PROGLINMET 50/500MG TAB X30,PROGLINMET 50/500MG TAB X30,0,0,0,32,31.2,BRANDED-RX,N/A,0,0,0
4.80779E+12,PROGLINMET 50/850MG TAB X30,PROGLINMET 50/850MG TAB X30,0,0,0,32,29.7,BRANDED-RX,N/A,0,0,0
4.80652E+12,PROPAN SYR 120ML,PROPAN SYR 120ML,0,0,4,635,607.5825,BRANDED-RX,N/A,0,0,0
4.80652E+12,PROPAN SYRUP 60ML,PROPAN SYRUP 60ML,0,0,0,335,317.14,BRANDED-RX,N/A,0,0,0
4.80652E+12,PROPAN TLC 250ML,PROPAN TLC 250ML,0,0,0,305,288.84,BRANDED-OTC,N/A,0,0,0
4.80652E+12,PROPAN TLC DROPS 15ML,PROPAN TLC DROPS 15ML,0,0,3,97,91.7,BRANDED-OTC,N/A,0,0,0
4.80652E+12,PROPAN TLC DROPS 30ML,PROPAN TLC DROPS 30ML,0,0,0,166,157.65,BRANDED-OTC,N/A,0,0,0
4.80652E+12,PROPAN TLC SYR 120ML,PROPAN TLC SYR 120ML,0,0,5,201,190.92,BRANDED-OTC,N/A,0,0,0
4.80652E+12,PROPAN TLC SYR 60ML,PROPAN TLC SYR 60ML,0,0,3,125,116.97,BRANDED-OTC,N/A,0,0,0
4.8002E+12,PROPAN W/ IRON CAP X500,PROPAN W/ IRON CAP X500,0,0,65,33,30.0773617,BRANDED-OTC,N/A,0,0,0
4.80651E+12,PROPPRANOLOL 40MG TAB (ORANOL) X100,PROPPRANOLOL 40MG TAB (ORANOL) X100,0,0,230,2,0.7,GENERICS-RX,N/A,0,0,0
4.80651E+12,PROPRANOLOL 10MG TAB (ORANOL) X100,PROPRANOLOL 10MG TAB (ORANOL) X100,0,0,805,2,0.623217341,GENERICS-RX,N/A,0,0,0
8013607088,PROVERA 10MG TAB X100,PROVERA 10MG TAB X100,0,0,12,92,87.02,BRANDED-RX,N/A,0,0,0
4.80652E+12,PROZINC 2G X60 SACHETS,PROZINC 2G X60 SACHETS,0,0,4,70,64,BRANDED-OTC,,0,0,0
4.80651E+12,QUASSINOIDS(OILGANICS SHAMPOO)10ML,QUASSINOIDS(OILGANICS SHAMPOO)10ML,0,0,23,16,10.53971429,PERSONAL CARE,N/A,0,0,0
4.80651E+12,R.I.P.E (QUADMAX) TAB X80,R.I.P.E (QUADMAX) TAB X80,0,0,0,18,8.91,GENERICS-RX,N/A,0,0,0
4.80652E+12,RABAPHEN X10 AMP,DIPHENHYDRAMINE HYDROCHLORIDE (RABAPHEN 50MG/ML) X10 AMP,0,0,140,55,21.64285714,INTRAVENOUS SOLN,NTPK,0,0,0
4.80031E+12,RACECADOTRIL 30MG SACHET (RASEC) X16,RACECADOTRIL 30MG SACHET (RASEC) X16,0,0,0,55,45,BRANDED-RX,N/A,0,0,0
8.90417E+12,RACECORE 30MG X16 SACHETS ,RACECADOTRIL (RACECORE) 30MG X16 SACHETS ,0,0,53,40,35,BRANDED-RX,,0,0,0
4.80653E+12,RAMAVIT TAB,B-COMPLEX (RAMAVIT) X100,0,0,1273,2,0.88,GENERICS-RX,N/A,0,0,0
4.80604E+12,RANICLAV 625MG TAB X100,CO-AMOXICLAV 625MG TAB (RANICLAV) X100,0,0,308,15,6.988226415,GENERICS-RX,N/A,0,0,0
4.80651E+12,RANITIDINE 150MG TAB (RANITEIN) X100,RANITIDINE 150MG TAB (RANITEIN) X100,0,0,254,3,0.744619289,GENERICS-RX,N/A,0,0,0
4.80651E+12,RANITIDINE 25MG (RANITEIN) X10,RANITIDINE 25MG (RANITEIN) X10,0,0,-18,35,15.5,INTRAVENOUS SOLN,N/A,0,0,0
8.90604E+12,RANITIDINE 300MG TAB (GASTROSAPH) X100,RANITIDINE 300MG TAB (GASTROSAPH) X100,0,0,-4,3.5,1.49,GENERICS-RX,N/A,0,0,0
4.80651E+12,RANITIDINE 300MG TAB (RANITEIN) X100,RANITIDINE 300MG TAB (RANITEIN) X100,0,0,519,5,1.76,GENERICS-RX,N/A,0,0,0
4.80604E+12,RANITIDINE 300MG TAB (ZENTEK) X100,RANITIDINE 300MG TAB (ZENTEK) X100,0,0,500,3,1.3,GENERICS-RX,PRIMECARE,0,0,0
4.80652E+12,RANZOLE 20MG CAP X100,OMEPRAZOLE (RANZOLE) 20MG CAP X100,0,0,0,2,0.92,BRANDED-RX,PRIMECARE,0,0,0
4.80652E+12,RANZOLE 40MG CAP X100,OMEPRAZOLE 40MG CAP (RANZOLE) X100,0,0,457,8,2.882635659,GENERICS-RX,N/A,0,0,0
8.908E+12,RAPAMOL T 325MG/37.5MG ,PARACETAMOL + TRAMADOL HYDROCHLORIDE 325MG/37.5MG (RAPAMOL T) TAB X100,0,0,2,10,4.5,GENERICS-RX,,0,0,0
4.80026E+12,RAPIDAX OTIC SOLN 5ML,POLY+NEO+DEXA (RAPIDAX) OTIC SOLN 5ML,0,0,10,220,105,GENERICS-RX,MEDTRIO CONSUMER GOODS TRADING,0,0,0
4.80901E+12,RDL BABYFACE #1 30ML,RDL BABYFACE #1 30ML,0,0,14,36,31.85,PERSONAL CARE,N/A,0,0,0
4.80901E+12,RDL BABYFACE #1 60ML,RDL BABYFACE #1 60ML,0,0,14,65,55.62,PERSONAL CARE,N/A,0,0,0
4.80901E+12,RDL BABYFACE #2 30ML,RDL BABYFACE #2 30ML,0,0,6,37,32.06,PERSONAL CARE,N/A,0,0,0
4.80901E+12,RDL BABYFACE #2 60ML,RDL BABYFACE #2 60ML,0,0,10,66,59.5437,PERSONAL CARE,N/A,0,0,0
4.80901E+12,RDL BABYFACE #3 30ML,RDL BABYFACE #3 30ML,0,0,5,45,39.49,PERSONAL CARE,OHANA TRADING CORPORATION,0,0,0
4.80901E+12,RDL BABYFACE #3 60ML,RDL BABYFACE #3 60ML,0,0,6,70,62.54538462,PERSONAL CARE,N/A,0,0,0
4.80901E+12,RDL BABYFACE FC AVOCADO 150ML,RDL BABYFACE FC AVOCADO 150ML,0,0,3,40,36.11,PERSONAL CARE,N/A,0,0,0
4.80901E+12,RDL BABYFACE FC AVOCADO 250ML,RDL BABYFACE FC AVOCADO 250ML,0,0,1,55,50.67,PERSONAL CARE,OHANA TRADING CORPORATION,0,0,0
4.80901E+12,RDL BABYFACE FC AVOCADO 75ML,RDL BABYFACE FC AVOCADO 75ML,0,0,6,30,24.04,PERSONAL CARE,N/A,0,0,0
4.80901E+12,RDL BABYFACE FC CUCUMBER 150ML,RDL BABYFACE FC CUCUMBER 150ML,0,0,7,40,36.11,PERSONAL CARE,N/A,0,0,0
4.80901E+12,RDL BABYFACE FC CUCUMBER 250ML,RDL BABYFACE FC CUCUMBER 250ML,0,0,0,60,51.7,PERSONAL CARE,N/A,0,0,0
4.80901E+12,RDL BABYFACE FC CUCUMBER 75ML,RDL BABYFACE FC CUCUMBER 75ML,0,0,0,30,24.04,PERSONAL CARE,N/A,0,0,0
4.80901E+12,RDL BABYFACE FC KALAMANSI 150ML,RDL BABYFACE FC KALAMANSI 150ML,0,0,4,40,35.01,PERSONAL CARE,N/A,0,0,0
4.80901E+12,RDL BABYFACE FC KALAMANSI 250ML,RDL BABYFACE FC KALAMANSI 250ML,0,0,0,60,49.12,PERSONAL CARE,N/A,0,0,0
4.80901E+12,RDL BABYFACE FC KALAMANSI 75ML,RDL BABYFACE FC KALAMANSI 75ML,0,0,-1,30,24.79,PERSONAL CARE,N/A,0,0,0
4.80652E+12,RDL BABYFACE FC KOJIC+GLUTA 150ML,RDL BABYFACE FC KOJIC+GLUTA 150ML,0,0,6,45,37.7,PERSONAL CARE,N/A,0,0,0
4.80652E+12,RDL BABYFACE FC KOJIC+GLUTA 75ML,RDL BABYFACE FC KOJIC+GLUTA 75ML,0,0,2,30,26.95,PERSONAL CARE,N/A,0,0,0
4.80901E+12,RDL BABYFACE FC PAPAYA 150ML,RDL BABYFACE FC PAPAYA 150ML,0,0,4,40,36.11,PERSONAL CARE,N/A,0,0,0
4.80901E+12,RDL BABYFACE FC PAPAYA 250ML,RDL BABYFACE FC PAPAYA 250ML,0,0,1,60,50.67,PERSONAL CARE,N/A,0,0,0
4.80901E+12,RDL BABYFACE FC PAPAYA 75ML,RDL BABYFACE FC PAPAYA 75ML,0,0,4,30,24.79,PERSONAL CARE,N/A,0,0,0
4.80901E+12,RDL BABYFACE FC PLAIN 75ML,RDL BABYFACE FC PLAIN 75ML,0,0,1,26,23,PERSONAL CARE,N/A,0,0,0
4.80901E+12,RDL BABYFACE SUNBLOCK 6G X12,RDL BABYFACE SUNBLOCK 6G X12,0,0,0,15,13.23,PERSONAL CARE,N/A,0,0,0
4.80901E+12,RDL BABYFACE WHITENING CREAM 12G X12,RDL BABYFACE WHITENING CREAM 12G X12,0,0,3,56,50.23,PERSONAL CARE,OHANA TRADING CORPORATION,0,0,0
4.80901E+12,RDL BABYFACE WHITENING CREAM 6G X12,RDL BABYFACE WHITENING CREAM 6G X12,0,0,65,30,24.46,PERSONAL CARE,N/A,0,0,0
4.80901E+12,RDL BLEACHING SOAP 135G,RDL BLEACHING SOAP 135G,0,0,0,0,0,PERSONAL CARE,N/A,0,0,0
4.80901E+12,RDL SOAP PAPAYA MILK 135G,RDL SOAP PAPAYA MILK 135G,0,0,2,48,41.8,PERSONAL CARE,N/A,0,0,0
4.80901E+12,RDL SOAP PAPAYA SUNSCREEN 135G,RDL SOAP PAPAYA SUNSCREEN 135G,0,0,6,48,42.02,PERSONAL CARE,N/A,0,0,0
4.80901E+12,RDL SUNBLOCK CREAM 12G,RDL SUNBLOCK CREAM 12G,0,0,-9,30,26.46,PERSONAL CARE,N/A,0,0,0
4.80901E+12,RDL SUNBLOCK CREAM 15G,RDL SUNBLOCK CREAM 15G,0,0,0,35,28.42,PERSONAL CARE,N/A,0,0,0
4.80652E+12,RDL SUNBLOCK CREAM SPF15 25ML,RDL SUNBLOCK CREAM SPF15 25ML,0,0,6,50,44.41,PERSONAL CARE,RHODESIAN SALES CORP.,0,0,0
9677145869,RED ALINGATONG PLUS X100,RED ALINGATONG PLUS X100,0,0,-104,16,14.08,CONSIGNMENT ITEM,N/A,0,0,0
8.85023E+12,RED BULL SUPREME 150ML,RED BULL SUPREME 150ML,0,0,2,40,33.3,FOOD & BEVERAGES,N/A,0,0,0
4.80196E+12,REDOXON EFF TAB 15S,REDOXON EFF TAB 15S,0,0,0,240,228.03,BRANDED-OTC,N/A,0,0,0
4.80604E+12,REGIFER 104.84MG TAB,IRON(REGIFER) 104.84MG TAB,0,0,0,2,0.95,GENERICS-OTC,NTPK,0,0,0
9.9886E+14,REJUVENEX CAP X100,REJUVENEX CAP X100,0,0,-47,18,16.47,BRANDED-OTC,N/A,0,0,0
4.8002E+12,RE-LEAF FORTE 500MG,SAMBONG LEAF (RE-LEAF FORTE500MG) X60TAB,0,0,51,8,6.710000011,BRANDED-OTC,,0,0,0
4.80779E+12,RELESTAL 10MG/5ML SYR 60ML,RELESTAL 10MG/5ML SYR 60ML,0,0,2,205,194.95,BRANDED-RX,N/A,0,0,0
4.80779E+12,RELESTAL 5MG/ML DROPS 15ML,RELESTAL 5MG/ML DROPS 15ML,0,0,0,195,185.36,BRANDED-OTC,N/A,0,0,0
4.8065E+12,RENALOG X100 TAB,RENALOG X100 TAB,0,0,25,28,25.08586115,BRANDED-RX,N/A,0,0,0
4.80901E+12,RENEW PLACENTA SOAP 135G,RENEW PLACENTA SOAP 135G,0,0,5,87,78.4,PERSONAL CARE,N/A,0,0,0
4.80901E+12,RENEW PLACENTA SOAP 90G,RENEW PLACENTA SOAP 90G,0,0,1,57,51.2,PERSONAL CARE,N/A,0,0,0
8.85023E+12,RENOW-D CREAM 7G,RENOW-D CREAM 7G,0,0,0,36,32.49,PERSONAL CARE,N/A,0,0,0
4.80779E+12,RESTIME 40MG CHEWTAB X10,RESTIME 40MG CHEWTAB X10,0,0,70,10,8.925,BRANDED-OTC,N/A,0,0,0
4.80779E+12,RESTIME 40MG/ML DROPS,RESTIME 40MG/ML DROPS,0,0,7,130,122.99,BRANDED-OTC,N/A,0,0,0
4.80779E+12,REVICON FORTE 30S,REVICON FORTE 30S,0,0,0,165,155.67,BRANDED-OTC,N/A,0,0,0
47161815,REVICON REFORM TAB X100,REVICON REFORM TAB X100,0,0,185,9,8.49,BRANDED-OTC,N/A,0,0,0
4.80779E+12,REVICON TAB X100,REVICON TAB X100,0,0,-1,6,6.244381355,BRANDED-OTC,N/A,0,0,0
4.80604E+12,REVLOMER 800MG TABX30,SEVELAMER CARBONATE (REVLOMER) 800MG TABX30,0,0,8,20,7.670370861,GENERICS-RX,,0,0,0
4.80779E+12,REXIDOL FORTE TAB 565MG X100,REXIDOL FORTE TAB 565MG X100,0,0,186,7,5.925629019,BRANDED-OTC,N/A,0,0,0
4.80089E+12,REXON MEN RO SPORT 25ML,REXON MEN RO SPORT 25ML,0,0,5,85,74.93,PERSONAL CARE,N/A,0,0,0
4.80089E+12,REXONA   UNDERARM AND FOOT POWDER- ALOE SOOTHE 80G,REXONA   UNDERARM AND FOOT POWDER- ALOE SOOTHE 80G,0,0,0,90,81.55,PERSONAL CARE,CRYSTAL CITY MARKETING,0,0,0
4.80089E+12,REXONA FOOT AND UNDERARM POWDER 80G- PEPPERMINT COOL,REXONA FOOT AND UNDERARM POWDER 80G- PEPPERMINT COOL,0,0,0,105,91.54,PERSONAL CARE,CRYSTAL CITY MARKETING,0,0,0
4.80089E+12,REXONA FRESH ROSE 50ML,REXONA FRESH ROSE 50ML,0,0,0,120,124.9,PERSONAL CARE,N/A,0,0,0
4.80089E+12,REXONA FRESH SAKURA 50ML,REXONA FRESH SAKURA 50ML,0,0,0,120,124.9,PERSONAL CARE,N/A,0,0,0
4.80089E+12,REXONA INVSIBLE ANTIBAC 45ML,REXONA INVISIBLE ANTIBAC 45ML,0,0,0,140,124.9,PERSONAL CARE,CRYSTAL CITY MARKETING,0,0,0
4.80089E+12,REXONA MEN DLN ICECOOL 3ML,REXONA MEN DLN ICECOOL 3ML,0,0,91,8,5.336296949,PERSONAL CARE,N/A,0,0,0
4.80089E+12,REXONA MEN DLN QUANTUM 3ML,REXONA MEN DLN QUANTUM 3ML,0,0,8,8,6.591875,PERSONAL CARE,N/A,0,0,0
4.80089E+12,REXONA MEN ICE COOL 45ML,REXONA MEN ICE COOL 45ML,0,0,9,135,121.605213,PERSONAL CARE,N/A,0,0,0
4.80089E+12,REXONA MEN INVISIBLE DRY 45ML,REXONA MEN INVISIBLE DRY 45ML,0,0,4,140,126.12,PERSONAL CARE,N/A,0,0,0
4.80089E+12,REXONA MEN NF CHARCOAL DETOX 50ML,REXONA MEN NF CHARCOAL DETOX 50ML,0,0,0,145,124.9,PERSONAL CARE,N/A,0,0,0
4.80089E+12,REXONA MEN NF LIME COOL 45ML,REXONA MEN NF LIME COOL 45ML,0,0,-2,135,124.9,PERSONAL CARE,N/A,0,0,0
4.80089E+12,REXONA MEN RO ICECOOL 25ML,REXONA MEN RO ICECOOL 25ML,0,0,7,75,65.53,PERSONAL CARE,N/A,0,0,0
4.80089E+12,REXONA MEN RO INVISIBLE 25ML,REXONA MEN RO INVISIBLE 25ML,0,0,0,85,74.94,PERSONAL CARE,N/A,0,0,0
4.80089E+12,REXONA MEN RO QUANTUM 25ML,REXONA MEN RO QUANTUM 25ML,0,0,5,75,65.62,PERSONAL CARE,N/A,0,0,0
4.80089E+12,REXONA MEN RO QUANTUM 45ML,REXONA MEN RO QUANTUM 45ML,0,0,8,135,121.69,PERSONAL CARE,N/A,0,0,0
4.80089E+12,REXONA MEN SPORTS 45ML,REXONA MEN SPORTS 45ML,0,0,4,140,126.12,PERSONAL CARE,N/A,0,0,0
4.80089E+12,REXONA POWDER DRY 45ML,REXONA POWDER DRY 45ML,0,0,8,140,123.8551538,PERSONAL CARE,N/A,0,0,0
4.80089E+12,REXONA VITAMIN BRIGHT 45ML,REXONA VITAMIN BRIGHT 45ML,0,0,0,138,124.9,PERSONAL CARE,N/A,0,0,0
4.80089E+12,REXONA WMEN DLN PASSION 3ML,REXONA WMEN DLN PASSION 3ML,0,0,26,8,6.8,PERSONAL CARE,N/A,0,0,0
4.80089E+12,REXONA WMEN DLN POWDER 3ML,REXONA WMEN DLN POWDER 3ML,0,0,19,8,5.405102041,PERSONAL CARE,N/A,0,0,0
4.80089E+12,REXONA WMEN DLN SHOWER 3ML,REXONA WMEN DLN SHOWER 3ML,0,0,6,8,6.73,PERSONAL CARE,N/A,0,0,0
4.80089E+12,REXONA WMEN RO ADV BRIGHT 25ML,REXONA WMEN RO ADV BRIGHT 25ML,0,0,0,72,64.97,PERSONAL CARE,N/A,0,0,0
4.80089E+12,REXONA WMEN RO ANTISTAIN 45ML,REXONA WMEN RO ANTISTAIN 45ML,0,0,0,155,124.9,PERSONAL CARE,N/A,0,0,0
4.80089E+12,REXONA WMEN RO PASSION 25ML,REXONA WMEN RO PASSION 25ML,0,0,5,75,65.61,PERSONAL CARE,N/A,0,0,0
4.80089E+12,REXONA WMEN RO PASSION 45ML,REXONA WMEN RO PASSION 45ML,0,0,5,136,122.62,PERSONAL CARE,N/A,0,0,0
4.80089E+12,REXONA WMEN RO POWDR DRY 25ML,REXONA WMEN RO POWDR DRY 25ML,0,0,1,75,65.37,PERSONAL CARE,N/A,0,0,0
4.80089E+12,REXONA WMEN RO SHOWER 25ML,REXONA WMEN RO SHOWER 25ML,0,0,8,75,65.15884354,PERSONAL CARE,N/A,0,0,0
4.80089E+12,REXONA WMEN RO SHOWER 45ML,REXONA WMEN RO SHOWER 45ML,0,0,4,135,122.784,PERSONAL CARE,N/A,0,0,0
48035606,RHEA AP-AP SOLUTION 15ML,RHEA AP-AP SOLUTION 15ML,0,0,0,26,20.7,DRHR,N/A,0,0,0
4.80007E+12,RHEA HYDROGEN 10V PEROXIDE 120ML,RHEA HYDROGEN 10V PEROXIDE 120ML,0,0,0,30,26.90001333,DRHR,N/A,0,0,0
4.80007E+12,RHEA HYDROGEN PEROXIDE 20V 120ML,RHEA HYDROGEN PEROXIDE 20V 120ML,0,0,0,37,32.63,DRHR,N/A,0,0,0
4.80007E+12,RHEA MENTOPAS PLASTER 2S,RHEA MENTOPAS PLASTER 2S,0,0,0,17,13.71,DRHR,N/A,0,0,0
48035491,RHEA PTU 50MG TAB X100,RHEA PTU 50MG TAB X100,0,0,0,11,8.91,BRANDED-RX,N/A,0,0,0
4.80007E+12,RHEA SODIUM CHLORIDE 1G X100,RHEA SODIUM CHLORIDE 1G X100,0,0,64,8,6.92,BRANDED-RX,N/A,0,0,0
4.80651E+12,RIMECOD FORTE 50MG TABX100,BUTAMIRATE CITRATE (RIMECOD FORTE) 50MG TABX100,0,0,31,15,6.4780798,GENERICS-OTC,N/A,0,0,0
8.964E+12,RISEK 20MG CAP X14,RISEK 20MG CAP X14,0,0,16,38,35.72,BRANDED-RX,N/A,0,0,0
8.964E+12,RISEK 40MG TAB X14,RISEK 40MG TAB X14,0,0,15,55,51.08,BRANDED-RX,N/A,0,0,0
4.80603E+12,RM AMBROXOL 30MG TAB X100,RM AMBROXOL 30MG TAB X100,0,0,50,7,6.39,BRANDED-RX,N/A,0,0,0
4.80603E+12,RM AMLODIPINE 10MG TAB X100,RM AMLODIPINE 10MG TAB X100,0,0,252,8,7.292352285,BRANDED-OTC,N/A,0,0,0
4.80603E+12,RM AMLODIPINE 5MG X100,RM AMLODIPINE 5MG X100,0,0,131,6,5.186495985,BRANDED-OTC,N/A,0,0,0
4.80603E+12,RM AMOXICILLIN 500MG CAP X100,RM AMOXICILLIN 500MG CAP X100,0,0,68,7,6,BRANDED-RX,N/A,0,0,0
9104331792,RM ATORVASTATIN 20MG  TAB X100,RM ATORVASTATIN 20MG  TAB X100,0,0,86,15,13.89,BRANDED-RX,N/A,0,0,0
4.75223E+14,RM ATORVASTATIN 40MG  TAB X100,RM ATORVASTATIN 40MG  TAB X100,0,0,23,25,19.17,BRANDED-RX,N/A,0,0,0
4.80603E+12,RM B-COMPLEX TAB X100,RM B-COMPLEX TAB X100,0,0,-165,5,2.89,BRANDED-OTC,N/A,0,0,0
4.80603E+12,RM CARBOCISTEINE 500MG CAP X100,RM CARBOCISTEINE 500MG CAP X100,0,0,37,6,5.07,BRANDED-OTC,N/A,0,0,0
4.80603E+12,RM CEFALEXIN 500MG CAP X100,RM CEFALEXIN 500MG CAP X100,0,0,97,16,15.99,BRANDED-RX,N/A,0,0,0
4.80603E+12,RM CETIRIZINE 10MG TABX100 ,RM CETIRIZINE DIHYDROCHLORIDE 10MG TABX100,0,0,97,15,12.8,BRANDED-OTC,UNITED LINK PHARMACEUTICAL DISTRIBUTION,0,0,0
4.80603E+12,RM CINNARIZINE 25 MG TABX100,RM CINNARIZINE 25MG TABX100,0,0,105,31,28.68,BRANDED-RX,UNITED LINK PHARMACEUTICAL DISTRIBUTION,0,0,0
4.80603E+12,RM CIPROFLOXACIN 500MG TABX100,RM CIPFROFLOXACIN 500MGTAB X100,0,0,118,26,23.99,BRANDED-RX,UNITED LINK PHARMACEUTICAL DISTRIBUTION,0,0,0
4.80603E+12,RM CLINDAMYCIN 300MG CAP X100,RM CLINDAMYCIN 300MG CAP X100,0,0,29,31,29.45,BRANDED-RX,,0,0,0
4.80603E+12,RM CLOPIDOGREL 5MG  X50,RM CLOPIDOGREL 5MG  X50,0,0,39,18,16.52781343,BRANDED-RX,N/A,0,0,0
4.80603E+12,RM FELODIPINE 5MG TAB X100,RM FELODIPINE 5MG TAB X100,0,0,0,11,9.95,BRANDED-RX,N/A,0,0,0
5693560147,RM LOSARITE 100MG/25MG TAB X50,RM LOSARITE 100MG/25MG TAB X50,0,0,68,15,14.04,BRANDED-OTC,N/A,0,0,0
4.80603E+12,RM LOSARITE 50MG/12.5MG TAB X50,RM LOSARITE 50MG/12.5MG TAB X50,0,0,70,13,11.91428571,BRANDED-RX,N/A,0,0,0
4.80603E+12,RM LOSARTAN 100MG TAB X30,RM LOSARTAN 100MG TAB X30,0,0,81,15,13.38990826,BRANDED-RX,N/A,0,0,0
4.80603E+12,RM LOSARTAN 50MG TAB X30,RM LOSARTAN 50MG TAB X30,0,0,240,13,10.57874318,BRANDED-RX,N/A,0,0,0
4.80603E+12,RM LOSARTAN+AMLODIPINE 50MG/5MG TABX30,RM LOSARTAN+AMLODIPINE 50MG/5MG TABX30,0,0,38,17,15.79,BRANDED-RX,UNITED LINK PHARMACEUTICAL DISTRIBUTION,0,0,0
4.80603E+12,RM MEFENAMIC 500MG TAB X100,RM MEFENAMIC 500MG TAB X100,0,0,180,5,4.115431979,BRANDED-RX,N/A,0,0,0
4.80603E+12,RM METFORMIN 1G TABX100,RM METFORMIN 1g TABX100,0,0,11,10,8.68,BRANDED-RX,N/A,0,0,0
4.80603E+12,RM METFORMIN 500MG TAB X100,RM METFORMIN 500MG TAB X100,0,0,148,5,3.396070686,BRANDED-RX,N/A,0,0,0
4.80603E+12,RM METOPROLOL 100MG TAB X100,RM METOPROLOL 100MG TAB X100,0,0,140,5,3.78,BRANDED-RX,N/A,0,0,0
4.80603E+12,RM METOPROLOL 50MG TAB X100,RM METOPROLOL 50MG TAB X100,0,0,155,3,2.371950845,BRANDED-RX,N/A,0,0,0
4.80603E+12,RM PARACETAMOL SUPP 125MG X24,RM PARACETAMOL SUPP 125MG X24,0,0,0,16,7.41,BRANDED-OTC,N/A,0,0,0
9415562308,RM REBAMIPIDE 100MG (MUCOPID) X100,RM REBAMIPIDE 100MG (MUCOPID) X100,0,0,151,20,15.98237835,BRANDED-RX,N/A,0,0,0
8.3069E+14,RM SALBUTAMOL 2MG TAB X100,RM SALBUTAMOL 2MG TAB X100,0,0,95,4,3.12,BRANDED-RX,N/A,0,0,0
4.80603E+12,RM SILDENAFIL 50MG TAB X4,RM SILDENAFIL 50MG TAB X4,0,0,6,131,123.5228571,BRANDED-RX,N/A,0,0,0
1003744595,RM SIMVASTATIN 20MG X100,RM SIMVASTATIN 20MG X100,0,0,0,15,14.03,BRANDED-RX,N/A,0,0,0
4.80603E+12,RM TELMISARTAN 40MG X30 TAB,RM TELMISARTAN 40MG X30 TAB,0,0,18,11,10.45,BRANDED-RX,,0,0,0
4.80603E+12,RM TELMISARTAN+HCTZ 40MG/12.5MG TABX30,RM TELMISARTAN+HCTZ 40MG/12.5MG TABX30,0,0,0,15,13,BRANDED-RX,UNITED LINK PHARMACEUTICAL DISTRIBUTION,0,0,0
4.80603E+12,RM TRIMETAZIDINE 35MG TABX60 ,RM TRIMETAZIDINE 35MG TABX60,0,0,32,13,12.29,BRANDED-RX,UNITED LINK PHARMACEUTICAL DISTRIBUTION,0,0,0
117229215,RM VITAMIN B-COMPLEX TAB X 240,RM VITAMIN B-COMPLEX  TAB X 240,0,0,10,5,2.9,BRANDED-OTC,UNITED LINK PHARMACEUTICAL DISTRIBUTION,0,0,0
4.80032E+12,ROBIKIDS 250MG/5ML SYR 60ML,ROBIKIDS 250MG/5ML SYR 60ML,0,0,3,118,111.72,BRANDED-OTC,N/A,0,0,0
4.80032E+12,ROBITUSSIN DM SYR 120ML,ROBITUSSIN DM SYR 120ML,0,0,1,205,193.1801328,BRANDED-OTC,N/A,0,0,0
4.80032E+12,ROBITUSSIN DM SYR 60ML,ROBITUSSIN DM SYR 60ML,0,0,6,146,137.467375,BRANDED-OTC,N/A,0,0,0
4.80032E+12,ROBITUSSIN EXPT SYR 120ML,ROBITUSSIN EXPT SYR 120ML,0,0,7,170,161.21,BRANDED-OTC,N/A,0,0,0
4.80032E+12,ROBITUSSIN EXPT SYR 60ML,ROBITUSSIN EXPT SYR 60ML,0,0,4,118,107.4866667,BRANDED-OTC,N/A,0,0,0
4.80032E+12,ROBITUSSIN LIQUIGEL 200MG X100,ROBITUSSIN LIQUIGEL 200MG X100,0,0,16,12,10.78,BRANDED-OTC,N/A,0,0,0
4.80652E+12,ROBUST EXTREME CAP 2S X12,ROBUST EXTREME CAP 2S X12,0,0,17,145,126,BRANDED-OTC,N/A,0,0,0
4.80652E+12,ROBUST TAB 2S X12,ROBUST TAB 2S X12,0,0,16,75,64.14359862,BRANDED-OTC,N/A,0,0,0
7676110128,ROGIN-E SOFTGEL CAP X6,ROGIN-E SOFTGEL CAP X6,0,0,51,25,20.83192902,BRANDED-OTC,N/A,0,0,0
9898320904,ROSMAR 24HR MILD KIT,ROSMAR 24HR MILD KIT,0,0,0,350,175,PERSONAL CARE,N/A,0,0,0
5512998737,ROSMAR BLEACHING SCRUB 100G,ROSMAR BLEACHING SCRUB 100G,0,0,1,150,80.3,PERSONAL CARE,N/A,0,0,0
8689368721,ROSMAR KAGAYAKU SOAP 70G X10,ROSMAR KAGAYAKU SOAP 70G X10,0,0,12,50,23.75,PERSONAL CARE,N/A,0,0,0
3.09285E+13,ROSUVASTATIN 10MG (ROSUSAPH) TAB X100,ROSUVASTATIN 10MG (ROSUSAPH) TAB X100,0,0,0,6,2.65,GENERICS-RX,N/A,0,0,0
5326292346,ROSUVASTATIN 10MG TAB (FIRSTMED) X30,ROSUVASTATIN 10MG TAB (FIRSTMED) X30,0,0,0,7,3.5,GENERICS-RX,N/A,0,0,0
4.8003E+12,ROSUVASTATIN 10MG TAB (ROSUMOND) X100,ROSUVASTATIN 10MG TAB (ROSUMOND) X100,0,0,0,6,2.95,GENERICS-RX,N/A,0,0,0
8.90604E+12,ROSUVASTATIN 20MG TAB (ROSUSAPH) X100,ROSUVASTATIN 20MG TAB (ROSUSAPH) X100,0,0,0,7,2.89,GENERICS-RX,N/A,0,0,0
8.9611E+12,ROSUVASTATIN 40MG TAB (AURORA) X100,ROSUVASTATIN 40MG TAB (AURORA) X100,0,0,0,20,0,GENERICS-RX,N/A,0,0,0
2480436000,ROSUVASTATIN 40MG TAB (ROSUSAPH) X100,ROSUVASTATIN 40MG TAB (ROSUSAPH) X100,0,0,25,13,6.2,GENERICS-RX,N/A,0,0,0
9.00677E+14,ROSWIN 5MG TAB X100,ROSWIN 5MG TAB X100,0,0,0,24,23.21,BRANDED-RX,N/A,0,0,0
8.964E+12,ROVISTA 10MG TAB X10,ROVISTA 10MG TAB X10,0,0,22,30,28.2,BRANDED-RX,,0,0,0
8.964E+12,ROVISTA 20MG TAB X10,ROSUVASTATIN (ROVISTA) 20MG TAB,0,0,10,35,33.03,BRANDED-RX,DYNA DRUG CORP.,0,0,0
8.964E+12,ROVISTA 5MG TAB X10,ROSUVASTATIN (ROVISTA) 5MG TAB X10,0,0,20,20,18.06,BRANDED-RX,DYNA DRUG CORP.,0,0,0
4.80028E+12,ROWACHOL CAP X100,ROWACHOL CAP X100,0,0,35,46,42.11615385,BRANDED-RX,N/A,0,0,0
4.80028E+12,ROWATINEX CAP X100,ROWATINEX CAP X100,0,0,31,32,28.67906348,BRANDED-RX,N/A,0,0,0
4.80198E+12,ROYAL MISMO 290ML X12,ROYAL MISMO 290ML X12,0,0,53,25,16.33,FOOD & BEVERAGES,N/A,0,0,0
121739896,ROYAL STRAWBERRY 250ML,ROYAL STRAWBERRY 250ML,0,0,-8,25,15.83,FOOD & BEVERAGES,,0,0,0
4.80604E+12,ROZATIN-10 TAB X100,ROSUVASTATIN 10MG (ROZATIN) TAB X100,0,0,494,6,2.000743991,GENERICS-RX,N/A,0,0,0
4.80604E+12,ROZATIN-20 TAB X100 ,ROSUVASTATIN (ROZATIN-20) TABX100,0,0,641,6,2.696172382,GENERICS-RX,,0,0,0
4.80604E+12,ROZATIN-5 5MG,ROSUVASTATIN (ROZATIN-5) 5MG X 100 TAB,0,0,317,5,1.65,GENERICS-RX,MEDCARE,0,0,0
4.80015E+12,S26 GOLD 0-6M 400G,S26 GOLD 0-6M 400G,0,0,3,845,803.74,MILK,,0,0,0
4.80015E+12,S26 ONE PINK 400G,S26 ONE PINK 400G,0,0,1,610,581,MILK,N/A,0,0,0
4.80015E+12,S26 TWO PINK 400G,S26 TWO PINK 400G,0,0,0,640,606.54,MILK,N/A,0,0,0
4.98718E+12,SAFEGUARD ARCTIC FRESH 115G,SAFEGUARD ARCTIC FRESH 115G,0,0,8,55,46.90555556,PERSONAL CARE,N/A,0,0,0
4.90243E+12,SAFEGUARD ARCTIC FRESH 160G,SAFEGUARD ARCTIC FRESH 160G,0,0,0,75,64.33,PERSONAL CARE,N/A,0,0,0
4.90243E+12,SAFEGUARD ARCTIC FRESH 55G,SAFEGUARD ARCTIC FRESH 55G,0,0,-1,25,17.15111111,PERSONAL CARE,N/A,0,0,0
4.90243E+12,SAFEGUARD FLORAL PINK 115G,SAFEGUARD FLORAL PINK 115G,0,0,8,50,48.45,PERSONAL CARE,N/A,0,0,0
4.90243E+12,SAFEGUARD FLORAL PINK 160g,SAFEGUARD FLORAL XL 160g,0,0,2,75,65.99,PERSONAL CARE,N/A,0,0,0
4.90243E+12,SAFEGUARD IVORY WHITE 135G,SAFEGUARD IVORY WHITE 135G,0,0,0,57,46.36,PERSONAL CARE,N/A,0,0,0
4.90243E+12,SAFEGUARD IVORY WHITE 60G,SAFEGUARD IVORY WHITE 60G,0,0,-1,25,19.61,PERSONAL CARE,N/A,0,0,0
4.98718E+12,SAFEGUARD LEMON 90G,SAFEGUARD LEMON 90G,0,0,0,31,27.41,PERSONAL CARE,N/A,0,0,0
4.90243E+12,SAFEGUARD LEMON FRESH 115G,SAFEGUARD LEMON FRESH 125G,0,0,1,55,49.19,PERSONAL CARE,N/A,0,0,0
4.90243E+12,SAFEGUARD LEMON FRESH 160G,SAFEGUARD LEMON FRESH 175G,0,0,5,75,65.99,PERSONAL CARE,N/A,0,0,0
4.90243E+12,SAFEGUARD LEMON FRESH 85G,SAFEGUARD LEMON FRESH 85G,0,0,0,45,36.84,PERSONAL CARE,N/A,0,0,0
4.90243E+12,SAFEGUARD PURE WHITE 115G,SAFEGUARD PURE WHITE 115G,0,0,2,55,48.21,PERSONAL CARE,N/A,0,0,0
4.90243E+12,SAFEGUARD PURE WHITE 85G,SAFEGUARD PURE WHITE 85G,0,0,0,41,35.84,PERSONAL CARE,N/A,0,0,0
4.98718E+12,SAFEGUARD PURE WHITE 90G,SAFEGUARD PURE WHITE 90G,0,0,-2,30,26.84,PERSONAL CARE,N/A,0,0,0
4.90243E+12,SAFEGUARD SOAP 85G,SAFEGUARD SOAP 85G,0,0,0,40,36.19,PERSONAL CARE,N/A,0,0,0
4.98718E+12,SAFEGUARD SOAP FLORAL JUMBO 90G,SAFEGUARD SOAP FLORAL JUMBO 90G,0,0,0,30,26.84,PERSONAL CARE,N/A,0,0,0
4.90243E+12,SAFEGUARD SOAP FLORAL PINK 60G,SAFEGUARD SOAP FLORAL PINK 60G,0,0,4,25,17.73916667,PERSONAL CARE,N/A,0,0,0
4.90243E+12,SAFEGUARD SOAP LEMON 60G,SAFEGUARD SOAP LEMON 60G,0,0,0,25,17.6,PERSONAL CARE,N/A,0,0,0
4.90243E+12,SAFEGUARD WHITE 160G,SAFEGUARD WHITE 160G,0,0,2,75,65.99,PERSONAL CARE,N/A,0,0,0
4.90243E+12,SAFEGUARD WHITE 60G,SAFEGUARD WHITE 60G,0,0,3,25,18.57851852,PERSONAL CARE,N/A,0,0,0
4.80604E+12,SAFEPLUS FACEMASK 3PLY BLUE  ,SAFEPLUS FACEMASK 3PLY BLUE ,0,0,196,4,0.69,MEDICAL SUPPLIES,,0,0,0
4.80653E+12,SALBU+GUAI SYR (ASMAIR) 60ML,SALBU+GUAI SYR (ASMAIR) 60ML,0,0,38,35,15.06666667,GENERICS-RX,N/A,0,0,0
4.80653E+12,SALBU+GUAI SYR (BUTAMOL PLUS) 60ML,SALBU+GUAI SYR (BUTAMOL PLUS) 60ML,0,0,-1,35,16.5,GENERICS-RX,N/A,0,0,0
4.80652E+12,SALBU+GUIA (VENTREX-G) CAP X100,SALBU+GUIA (VENTREX-G) CAP X100,0,0,541,3,0.85,GENERICS-RX,N/A,0,0,0
4.80057E+12,SALBU+IPATROPIUM NEB (HIVENT PLUS) 2.5ML,SALBU+IPATROPIUM NEB (HIVENT PLUS) 2.5ML,0,0,174,25,10.33,GENERICS-RX,N/A,0,0,0
6.82615E+14,SALBU+IPRA (RELAXASAPH) NEB 2.5ML,SALBU+IPRA (RELAXASAPH) NEB 2.5ML,0,0,0,25,11,GENERICS-RX,N/A,0,0,0
8.90608E+12,SALBUTAMOL (OPPUL) NEB X30,SALBUTAMOL (OPPUL) NEB X30,0,0,12,12,6,GENERICS-RX,N/A,0,0,0
6.90265E+12,SALBUTAMOL 100MCG/ACT (AERO-VENT) 200D,SALBUTAMOL 100MCG/ACT (AERO-VENT) 200D,0,0,-83,12,7.33,GENERICS-RX,N/A,0,0,0
4.80057E+12,SALBUTAMOL 1MG/ML NEB (HIVENT) X30,SALBUTAMOL 1MG/ML NEB (HIVENT) X30,0,0,178,17,8.5,GENERICS-RX,N/A,0,0,0
4.80652E+12,SALBUTAMOL 2MG TAB (VENTOMAX) X100,SALBUTAMOL 2MG TAB (VENTOMAX) X100,0,0,580,1,0.25,GENERICS-RX,N/A,0,0,0
4.80652E+12,SALBUTAMOL 2MG/5ML (NOBUTOL)  SYR 60ML,SALBUTAMOL 2MG/5ML (NOBUTOL)  SYR 60ML,0,0,53,30,12.5,GENERICS-RX,N/A,0,0,0
4.8003E+12,SALBUTAMOL 2MG/5ML SYR (ALBULEM) 60ML,SALBUTAMOL 2MG/5ML SYR (ALBULEM) 60ML,0,0,0,30,13.5,GENERICS-RX,N/A,0,0,0
4.80653E+12,SALBUTAMOL 2MG/5ML SYR (BUTAMOL) 60ML,SALBUTAMOL 2MG/5ML SYR (BUTAMOL) 60ML,0,0,2,25,13.15,GENERICS-RX,N/A,0,0,0
4.80652E+12,SALBUTAMOL 4MG TAB (VENTOMAX) X100,SALBUTAMOL 4MG TAB (VENTOMAX) X100,0,0,3220,1,0.390669512,GENERICS-RX,N/A,0,0,0
4.80652E+12,SALBUTAMOL INHALER (SALBUMIN) 200 ACT,SALBUTAMOL INHALER (SALBUMIN) 200 ACT,0,0,21,160,77.57142857,GENERICS-RX,N/A,0,0,0
6.92167E+12,SALBUTAMOL INHALER (SALBUSOL) 200 ACT,SALBUTAMOL INHALER (SALBUSOL) 200 ACT,0,0,13,250,123.4713939,GENERICS-RX,N/A,0,0,0
5851970658,SALBUTAMOL NEB (AEROVENT) X30,SALBUTAMOL NEB (AEROVENT) X30,0,0,288,14,7,GENERICS-RX,N/A,0,0,0
4.80779E+12,SALBUTAMOL NEB (ASMALIN) 2.5ML X20,SALBUTAMOL NEB (ASMALIN) 2.5ML X20,0,0,57,36,34.04691083,BRANDED-RX,N/A,0,0,0
5.55975E+13,SALBUTAMOL NEB (SALBUSAPH) 2.5ML,SALBUTAMOL NEB (SALBUSAPH) 2.5ML,0,0,559,12,5.450902263,BRANDED-RX,N/A,0,0,0
48033121,SALICYLIC ACID IPI 25ML,SALICYLIC ACID IPI 25ML,0,0,0,17,15.4,DRHR,N/A,0,0,0
4.80001E+12,SALICYLIC ACID IPI 50ML,SALICYLIC ACID IPI 50ML,0,0,-4,25,21.5,DRHR,N/A,0,0,0
4.80036E+12,SALINASE DROPS 30ML,SALINASE DROPS 30ML,0,0,6,86,80.25,BRANDED-OTC,N/A,0,0,0
4.80036E+12,SALINASE SPRAY 30ML,SALINASE SPRAY 30ML,0,0,5,115,97.75,BRANDED-OTC,N/A,0,0,0
8.90153E+12,SALMETEROL+FLUTICASONE 250MCG MDI (KOVENT SF) 120 ACT,SALMETEROL+FLUTICASONE 250MCG MDI (KOVENT SF) 120 ACT,0,0,0,545,271.2,PERSONAL CARE,N/A,0,0,0
8.9352E+12,SALONPAS PATCH 10S,SALONPAS PATCH 10S,0,0,85,65,55,DRHR,N/A,0,0,0
4.80651E+12,SAMBONG 500MG (URISAM) X100,SAMBONG 500MG (URISAM) X100,0,0,0,7,3.5,BRANDED-OTC,N/A,0,0,0
1660559715,SAMBONG 500MG CAP (AWANAY FTE) X100,SAMBONG 500MG CAP (AWANAY FTE) X100,0,0,0,8,6.4,GENERICS-RX,N/A,0,0,0
4.8065E+12,SAMBONG 500MG TAB (MIA FTE) X100,SAMBONG 500MG TAB (MIA FTE) X100,0,0,977,6,2.55,GENERICS-OTC,N/A,0,0,0
2881784913,SANGOBION CAP X100,SANGOBION CAP X100,0,0,15,28,22.06465052,BRANDED-OTC,N/A,0,0,0
4.80025E+12,SANGOBION DROPS 15ML,SANGOBION DROPS 15ML,0,0,3,225,213,BRANDED-OTC,N/A,0,0,0
8.00654E+12,SANGOBION DROPS 30ML,SANGOBION DROPS 30ML,0,0,3,343,326.66,BRANDED-RX,N/A,0,0,0
8.00654E+12,SANGOBION SYRUP 100ML (TUTTTI FRUTTI),SANGOBION SYRUP 100ML,0,0,1,366,347.86,BRANDED-OTC,N/A,0,0,0
2.34121E+14,SANITARY BALM 10G,SANITARY BALM 10G,0,0,13,26,21.38,PERSONAL CARE,N/A,0,0,0
4458682716,SANITARY BALM 20G X12,SANITARY BALM 20G X12,0,0,0,40,32.26,DRHR,N/A,0,0,0
7525660775,SANITARY BALM BIG 32G,SANITARY BALM BIG 32G,0,0,0,45,37.6,DRHR,N/A,0,0,0
8.90601E+12,SANIX 200MG TAB X30,CEFIXIME 200MG (SANIX) TAB X30,0,0,0,11,5.36,GENERICS-RX,N/A,0,0,0
4.80652E+12,SANLO SALABAT WITH HONEY 7.5G X10,SANLO SALABAT WITH HONEY 7.5G X10,0,0,4,15,12.95,BRANDED-OTC,N/A,0,0,0
4.80652E+12,SANLO SALABAT WITH MALUNGGAY 7.5G X10,SANLO SALABAT WITH MALUNGGAY 7.5G X10,0,0,0,15,12.5,FOOD & BEVERAGES,N/A,0,0,0
4.80652E+12,SANLO SALABAT WITH OREGANO 7.5G X10,SANLO SALABAT WITH OREGANO 7.5G X10,0,0,1,16,14.4,FOOD & BEVERAGES,N/A,0,0,0
4.80652E+12,SANLO SALABAT WITH TURMERIC 7.5G X10,SANLO SALABAT WITH TURMERIC 7.5G X10,0,0,0,15,13,FOOD & BEVERAGES,N/A,0,0,0
4.80652E+12,SANTE BARLEY 3G SACHET X30,SANTE BARLEY 3G SACHET X30,0,0,0,65,27.47,BRANDED-OTC,N/A,0,0,0
4.80652E+12,SANTE BARLEY CAP X60,SANTE BARLEY CAP X60,0,0,0,18,8.72,BRANDED-OTC,N/A,0,0,0
8.90604E+12,SAPHCODYL 5MG TAB,BISACODYL 5MG TAB (SAPHCODYL) X100,0,0,0,2,0.5,GENERICS-OTC,N/A,0,0,0
8.90604E+12,SAPHCONAZOLE CREAM 15G,KETOCONAZOLE (SAPHCONAZOLE) 20MG/MG CREAM,0,0,1,60,27,GENERICS-RX,PRIMECARE,0,0,0
8.90604E+12,SAPHFYLLINE 400MG TABX30,DOXOFYLLINE (SAPHYLLINE),0,0,30,13,6.17,GENERICS-RX,NTPK,0,0,0
8.90802E+12,SAPHLODINE 50MG/5MG TAB X100,SAPHLODINE 50MG/5MG TAB X100,0,0,196,5,2.1,GENERICS-RX,N/A,0,0,0
8.90802E+12,SAPHMIRATE-T50MG TAB,BUTAMIRATE 50MG (SAPHMIRATE-T50) TAB X100,0,0,200,10,4.5,GENERICS-OTC,N/A,0,0,0
8.90604E+12,SAPHRIVAX 400MG TAB,ACICLOVIR (SAPHRIVAX) 400MG TAB X100,0,0,100,10,4.6,GENERICS-RX,PRIMECARE,0,0,0
8.90604E+12,SAPHRIVAX CREAM 5G,ACICLOVIR (SAPHRIVAX) CREAM 5G,0,0,0,130,65,GENERICS-RX,,0,0,0
95646926,SAPHTINOIN CREAM,TRETINOIN 250MCG (SAPHTINOIN) CREAM 10G,0,0,0,160,80,GENERICS-OTC,PRIMECARE,0,0,0
4.80196E+12,SARIDON TAB X120,SARIDON TAB X120,0,0,84,7,6.415107627,BRANDED-OTC,N/A,0,0,0
4.80196E+12,SARIMAX 275MG TAB X100,SARIMAX 275MG TAB X100,0,0,0,10,5.5,PERSONAL CARE,N/A,0,0,0
9088097498,SARIMAX 550MG TAB X100,SARIMAX 550MG TAB X100,0,0,2,18,17.07,BRANDED-OTC,N/A,0,0,0
4.80034E+12,SCHEEPRIN 80MG TAB,ASPIRIN 80MG TAB (SCHEEPRIN) X100,0,0,680,2,0.58,GENERICS-RX,N/A,0,0,0
4.80032E+12,SCOTTS DHA PASTILLES OR 15S,SCOTTS DHA PASTILLES OR 15S,0,0,0,155,146.5,BRANDED-OTC,N/A,0,0,0
4.80032E+12,SCOTTS DHA PASTILLES OR 60S,SCOTTS DHA PASTILLES OR 60S,0,0,0,450,335,BRANDED-OTC,N/A,0,0,0
4.80032E+12,SCOTTS DHA PASTILLES STR 15S,SCOTTS DHA PASTILLES STR 15S,0,0,0,125,110.59,BRANDED-OTC,N/A,0,0,0
4.80032E+12,SCOTTS DHA PASTILLES STR 60S,SCOTTS DHA PASTILLES STR 60S,0,0,0,450,335,BRANDED-OTC,N/A,0,0,0
4.80032E+12,SCOTTS VIT C PASTILLES MB 15S,SCOTTS VIT C PASTILLES MB 15S,0,0,9,105,73.54,BRANDED-OTC,N/A,0,0,0
4.80032E+12,SCOTTS VIT C PASTILLES MB 50S,SCOTTS VIT C PASTILLES MB 50S,0,0,0,250,180,BRANDED-OTC,N/A,0,0,0
4.80032E+12,SCOTTS VIT C PASTILLES OR 15S,SCOTTS VIT C PASTILLES OR 15S,0,0,24,105,73.54,BRANDED-OTC,N/A,0,0,0
4.80032E+12,SCOTTS VIT C PASTILLES OR 50S,SCOTTS VIT C PASTILLES OR 50S,0,0,0,250,180,BRANDED-OTC,N/A,0,0,0
20800712675,SECRET DEO PLATINUM POWDER 45G,SECRET DEO PLATINUM POWDER 45G,0,0,1,220,198.24,PERSONAL CARE,N/A,0,0,0
20800713429,SECRET DEO PLATINUM SHOWER 45G,SECRET DEO PLATINUM SHOWER 45G,0,0,0,230,205.88,PERSONAL CARE,N/A,0,0,0
7.96365E+14,SENOKOT FORTE 17.54MG TAB X100,SENOKOT FORTE 17.54MG TAB X100,0,0,20,22,17.35914894,BRANDED-OTC,N/A,0,0,0
9.42713E+14,SENOKOT TAB X100,SENOKOT TAB X100,0,0,0,0,0,BRANDED-RX,N/A,0,0,0
8.99199E+12,SENSODYNE FRESHMINT 100G,SENSODYNE FRESHMINT 100G,0,0,7,110,88.2,PERSONAL CARE,N/A,0,0,0
4.80032E+12,SENSODYNE GUM CARE 100G,SENSODYNE GUM CARE 100G,0,0,0,146,132.46,PERSONAL CARE,N/A,0,0,0
4.89202E+12,SENSODYNE TP COMPLETE 100G,SENSODYNE TP COMPLETE 100G,0,0,0,135,120,PERSONAL CARE,HALEON PH,0,0,0
4.89378E+12,SENSODYNE WHITENING 100G,SENSODYNE WHITENING 100G,0,0,0,155,139.18,PERSONAL CARE,N/A,0,0,0
32567029,SERC 16MG ,BETAHISTINE (SERC)16MG,0,0,91,75,64.27,BRANDED-RX,N/A,0,0,0
34486674,SERC 8MG,BETAHISTINE (SERC) 8MG,0,0,24,58,53.90823529,BRANDED-RX,N/A,0,0,0
4.80033E+12,SERETIDE 25/50MCG 120A,SERETIDE 25/50MCG 120A,0,0,3,460,433.30375,BRANDED-RX,N/A,0,0,0
4.80033E+12,SERETIDE INHALER 25/125MCG 120ACT,SERETIDE INHALER 25/125MCG 120ACT,0,0,5,650,617.65,BRANDED-RX,N/A,0,0,0
4.80033E+12,SERETIDE INHALER 25/250MCG 120ACT,SERETIDE INHALER 25/250MCG 120ACT,0,0,3,906,862.29025,BRANDED-RX,N/A,0,0,0
4.80652E+12,SEVELAMER CARBONATE (BERSEVEL) 800MG TABX30,SEVELAMER CARBONATE (BERSEVEL) 800MG TABX30,0,0,0,20,9,GENERICS-RX,,0,0,0
4.80652E+12,SEVELAMER CARBONATE (SELAMER) 800MG TABX30,SEVELAMER CARBONATE (SELAMER) 800MG TABX30,0,0,0,20,9.01,GENERICS-RX,,0,0,0
8.90802E+12,SEVELAMER CARBONATE 800MG (SEVLARSAPH) TAB X30,SEVELAMER CARBONATE 800MG (SEVLARSAPH) TAB X30,0,0,-8,20,9,GENERICS-RX,ELISET PHARMACEUTICAL INC,0,0,0
4.80034E+12,SHELOGEL200/100MG TAB ,ALUM MAG OH 200/100MG TAB (SHELOGEL) X100,0,0,624,2,0.68,GENERICS-OTC,N/A,0,0,0
8.90607E+12,SI2NORM 100MG TAB X30,SITAGLIPTIN (SI2NORM) 100MG TAB X30,0,0,0,20,9,GENERICS-RX,MEDCARE,0,0,0
8.90604E+12,SILDENAFIL 100MG (SILDESAPH) TAB X4,SILDENAFIL 100MG (SILDESAPH) TAB X4,0,0,0,35,13.23275862,GENERICS-RX,N/A,0,0,0
4.80651E+12,SILDENAFIL 100MG (SPIAGRA) TAB X10,SILDENAFIL 100MG (SPIAGRA) TAB X10,0,0,0,35,14.5,GENERICS-RX,N/A,0,0,0
8.9024E+12,SILDENAFIL 100MG (VIVAX) TAB X8,SILDENAFIL 100MG (VIVAX) TAB X8,0,0,0,30,13,GENERICS-RX,N/A,0,0,0
4.80652E+12,SILDENAFIL 50MG (ERECTO) TAB X10,SILDENAFIL 50MG (ERECTO) TAB X10,0,0,0,25,11,GENERICS-RX,N/A,0,0,0
2.71521E+14,SILDENAFIL 50MG (SILDESAPH) TAB X4,SILDENAFIL 50MG (SILDESAPH) TAB X4,0,0,0,38,18.75,GENERICS-RX,N/A,0,0,0
4.80651E+12,SILKA DEO GREEN PAPAYA  25ML,SILKA DEO GREEN PAPAYA  25ML,0,0,-2,37,33.12,PERSONAL CARE,N/A,0,0,0
4.80651E+12,SILKA DEO GREEN PAPAYA  40ML,SILKA DEO GREEN PAPAYA  40ML,0,0,18,48,43.61,PERSONAL CARE,N/A,0,0,0
4.80651E+12,SILKA DEO PAPAYA  40ML,SILKA DEO PAPAYA  40ML,0,0,11,55,48.07769231,PERSONAL CARE,N/A,0,0,0
4.80651E+12,SILKA DEO SMOOTH&RADIENT  40ML,SILKA DEO SMOOTH&RADIENT  40ML,0,0,8,48,43.61,PERSONAL CARE,N/A,0,0,0
4.80651E+12,SILKA DEO WHITENING 40ML,SILKA DEO WHITENING 40ML,0,0,-1,48,42.61,PERSONAL CARE,N/A,0,0,0
4.80651E+12,SILKA FC AVOCADO 150ML,SILKA FC AVOCADO 150ML,0,0,3,47,42.45375,PERSONAL CARE,N/A,0,0,0
4.80651E+12,SILKA FC AVOCADO 75ML,SILKA FC AVOCADO 75ML,0,0,4,30,26.3375,PERSONAL CARE,N/A,0,0,0
4.80651E+12,SILKA FC CALAMANSI 75ML,SILKA FC CALAMANSI 75ML,0,0,0,26,23,PERSONAL CARE,N/A,0,0,0
4.80651E+12,SILKA FC CLEAR 150ML,SILKA FC CLEAR 150ML,0,0,3,47,42.58,PERSONAL CARE,N/A,0,0,0
4.80651E+12,SILKA FC CLEAR 75ML,SILKA FC CLEAR 75ML,0,0,3,30,26.95,PERSONAL CARE,N/A,0,0,0
4.80651E+12,SILKA FC GREEN PAPAYA 150ML,SILKA FC GREEN PAPAYA 150ML,0,0,-4,47,37.92,PERSONAL CARE,N/A,0,0,0
4.80651E+12,SILKA FC GREEN PAPAYA 75ML,SILKA FC GREEN PAPAYA 75ML,0,0,-2,30,24,PERSONAL CARE,N/A,0,0,0
4.80651E+12,SILKA FC ORANGE PAPAYA 75ML,SILKA FC ORANGE PAPAYA 75ML,0,0,5,30,26.94283333,PERSONAL CARE,N/A,0,0,0
4.80651E+12,SILKA FC PAPAYA 150ML,SILKA FC PAPAYA 150ML,0,0,2,47,42.54445,PERSONAL CARE,N/A,0,0,0
4.80651E+12,SILKA LOT GREEN 100ML,SILKA LOT GREEN 100ML,0,0,10,56,55.9,PERSONAL CARE,N/A,0,0,0
4.80651E+12,SILKA LOT GREEN 200ML,SILKA LOT GREEN 200ML,0,0,-3,115,101.43,PERSONAL CARE,N/A,0,0,0
4.80651E+12,SILKA LOT GREEN 50ML,SILKA LOT GREEN 50ML,0,0,5,45,36.75,PERSONAL CARE,N/A,0,0,0
4.80651E+12,SILKA LOTION GREEN PAPAYA 300ML,SILKA LOTION GREEN PAPAYA 300ML,0,0,0,165,146.3,PERSONAL CARE,N/A,0,0,0
4.80651E+12,SILKA LOTION PAPAYA 100ML,SILKA LOTION PAPAYA 100ML,0,0,7,65,56.10428571,PERSONAL CARE,N/A,0,0,0
4.80651E+12,SILKA LOTION PAPAYA 200ML,SILKA LOTION PAPAYA 200ML,0,0,21,115,99.75467532,PERSONAL CARE,N/A,0,0,0
4.80651E+12,SILKA LOTION PAPAYA 300ML,SILKA LOTION PAPAYA 300ML,0,0,0,150,134.4,PERSONAL CARE,N/A,0,0,0
4.80651E+12,SILKA LOTION PAPAYA 50ML,SILKA LOTION PAPAYA 50ML,0,0,11,40,33.81,PERSONAL CARE,N/A,0,0,0
4.80651E+12,SILKA LOTION PREM G.PAPAYA 200ML,SILKA LOTION PREM G.PAPAYA 200ML,0,0,3,190,95,PERSONAL CARE,N/A,0,0,0
4.80651E+12,SILKA LOTION PREM PAPAYA 200ML,SILKA LOTION PREM PAPAYA 200ML,0,0,0,180,90,PERSONAL CARE,N/A,0,0,0
4.80651E+12,SILKA PAPYA LOT 500ML,SILKA WHITENING PAPAYA LOT PUMP 500ML,0,0,0,250,223.25,PERSONAL CARE,RHODESIAN SALES CORP.,0,0,0
4.80651E+12,SILKA SOAP GREEN PAPAYA 135G,SILKA SOAP GREEN PAPAYA 135G,0,0,19,47,46.79,PERSONAL CARE,N/A,0,0,0
4.80651E+12,SILKA SOAP GREEN PAPAYA 65G,SILKA SOAP GREEN PAPAYA 65G,0,0,23,21,18.33,PERSONAL CARE,N/A,0,0,0
4.80651E+12,SILKA SOAP GREEN PAPAYA 90G,SILKA SOAP GREEN PAPAYA 90G,0,0,3,38,33.81,PERSONAL CARE,N/A,0,0,0
4.80651E+12,SILKA SOAP PAPAYA 135G,SILKA SOAP PAPAYA 135G,0,0,2,48,43.12,PERSONAL CARE,N/A,0,0,0
4.80651E+12,SILKA SOAP PAPAYA 65G,SILKA SOAP PAPAYA 65G,0,0,45,20,15.86212766,PERSONAL CARE,N/A,0,0,0
4.80651E+12,SILKA SOAP PAPAYA 90G,SILKA SOAP PAPAYA 90G,0,0,1,35,31.12,PERSONAL CARE,N/A,0,0,0
4.80651E+12,SILVER SULFADIAZINE (BURNSIL) 25G,SILVER SULFADIAZINE (BURNSIL) 25G,0,0,-2,140,69.93,GENERICS-RX,N/A,0,0,0
8.964E+12,SILVER SULFADIAZINE 10MG/G CRM 20G (MAZINE),SILVER SULFADIAZINE 10MG/G CRM 20G (MAZINE),0,0,15,120,59.01098901,GENERICS-RX,N/A,0,0,0
7512382202,SILVER SULFADIAZINE CREAM (SILVEDEX) 20G,SILVER SULFADIAZINE CREAM (SILVEDEX) 20G,0,0,0,106,53,GENERICS-RX,N/A,0,0,0
4.80653E+12,SILYMARIN + VITAMINS (POWER LIVER) X30,SILYMARIN + VITAMINS (POWER LIVER) X30,0,0,5,15,6.6,GENERICS-OTC,N/A,0,0,0
7.45111E+11,SILYMARIN NUMAX X100,SILYMARIN NUMAX X100,0,0,92,12,5.75,GENERICS-OTC,N/A,0,0,0
4.80015E+12,SIMECO TAB X100,SIMECO TAB X100,0,0,35,7,6.566666667,BRANDED-OTC,N/A,0,0,0
4.80022E+12,SIMILAC GAIN 6-12 400G,SIMILAC GAIN 6-12 400G,0,0,2,870,826.64,MILK,N/A,0,0,0
4.80022E+12,SIMILAC GAIN PLUS 1-3 400G,SIMILAC GAIN PLUS 1-3 400G,0,0,6,655,622.53,MILK,N/A,0,0,0
4.80022E+12,SIMILAC INFANT 0-6 400G ,SIMILAC INFANT 0-6 400G ,0,0,3,890,844.71,MILK,N/A,0,0,0
4.80022E+12,SIMILAC TUMMY CARE HW 1-3 400 G,SIMILAC TUMMY CARE HW 1-3 400 G,0,0,2,865,819.77,MILK,N/A,0,0,0
4.80651E+12,SIMVASTATIN 10MG TAB (ZIMVAST) X100,SIMVASTATIN 10MG TAB (ZIMVAST) X100,0,0,580,3,1.05,GENERICS-RX,N/A,0,0,0
8.90604E+12,SIMVASTATIN 20MG TAB (SAPHVAS) X100,SIMVASTATIN 20MG TAB (SAPHVAS) X100,0,0,-30,2,0.72,GENERICS-RX,N/A,0,0,0
4.80651E+12,SIMVASTATIN 20MG TAB (ZIMVAST) X100,SIMVASTATIN 20MG TAB (ZIMVAST) X100,0,0,868,5,1.65,GENERICS-RX,N/A,0,0,0
4.8003E+12,SIMVASTATIN 40MG TAB (DIASTATIN) X100,SIMVASTATIN 40MG TAB (DIASTATIN) X100,0,0,0,5,2.01,GENERICS-RX,N/A,0,0,0
4.80651E+12,SIMVASTATIN 40MG TAB (ZIMVAST) X100,SIMVASTATIN 40MG TAB (ZIMVAST) X100,0,0,430,6,2.1,GENERICS-RX,N/A,0,0,0
4.80032E+12,SINECOD FORTE SYR 120ML,SINECOD FORTE SYR 120ML,0,0,1,262,248.9,BRANDED-OTC,N/A,0,0,0
6165885467,SINECOD FTE 50MG TAB X100,SINECOD FTE 50MG TAB X100,0,0,172,22,19.81965951,BRANDED-OTC,N/A,0,0,0
4.8003E+12,SINUDRIN DROPS 15ML,PHENYLPROPANOLAMINE 6.25MG/5ML DROPS (SINUDRIN) 15ML,0,0,29,30,14.0727027,GENERICS-OTC,N/A,0,0,0
4.8003E+12,SINUDRIN SYR 60ML,PHENYLPROPANOLAMINE 12.5MG/5ML SYR (SINUDRIN) 60ML,0,0,35,30,14,GENERICS-OTC,N/A,0,0,0
4.0298E+12,SINUPRET FORTE TAB X20,SINUPRET FORTE TAB X20,0,0,32,18,16.91,BRANDED-OTC,N/A,0,0,0
2302542040,SINUPRET TAB X100,SINUPRET TAB X100,0,0,35,15,13.05877193,BRANDED-OTC,N/A,0,0,0
4.80101E+12,SINUTAB COLD PLUS TAB X200,SINUTAB COLD PLUS TAB X200,0,0,174,14,12.6,BRANDED-OTC,N/A,0,0,0
8345593009,SINUTAB COLD TAB X100,SINUTAB COLD TAB X100,0,0,95,11,10.16046154,BRANDED-OTC,N/A,0,0,0
4.80651E+12,SISTERS ALOE GREEN WITH WINGS 8S,SISTERS ALOE GREEN WITH WINGS 8S,0,0,33,26,23.04,SANPRO,N/A,0,0,0
4.80651E+12,SISTERS COTTONY NIGHT BLUE 8S,SISTERS COTTONY NIGHT BLUE 8S,0,0,47,28,22.7675,SANPRO,N/A,0,0,0
4.80651E+12,SISTERS COTTONY OVRNIGHT 4S,SISTERS COTTONY OVRNIGHT 4S,0,0,35,30,25.71,SANPRO,N/A,0,0,0
4.80651E+12,SISTERS COTTONY REG PINK 8S,SISTERS COTTONY REG PINK 8S,0,0,39,25,20.1289946,SANPRO,N/A,0,0,0
4.80651E+12,SISTERS DRY NIGHT VIOLET 8S,SISTERS DRY NIGHT VIOLET 8S,0,0,34,30,26.28265306,SANPRO,N/A,0,0,0
4.80651E+12,SISTERS OVERNIGHT DRY 10+1 ,SISTERS OVERNIGHT DRY 10+1,0,0,16,68,61.11,SANPRO,N/A,0,0,0
4.80651E+12,SISTERS PL LONGER 20S,SISTERS PL LONGER 20S,0,0,11,37,32.74,PERSONAL CARE,N/A,0,0,0
4.80651E+12,SISTERS PLINER COTTONY LONG 20S,SISTERS PLINER COTTONY LONG 20S,0,0,-3,30,26.4,SANPRO,N/A,0,0,0
4.80651E+12,SISTERS PLINER COTTONY VIOLET 20S,SISTERS PLINER COTTONY VIOLET 20S,0,0,24,20,17.7,SANPRO,N/A,0,0,0
4.80651E+12,SISTERS REGULAR NON-WING 8S,SISTERS REGULAR NON-WING 8S,0,0,12,21,17.7,SANPRO,N/A,0,0,0
8.90614E+12,SITAGLI-100 100MG TABX30,SITAGLIPTIN(SITAG-100)100MG TABX30,0,0,180,15,7.33,GENERICS-RX,PRIMECARE,0,0,0
50626324,SITAGLIPTIN + METFORMIN 50MG/500MG (SITIFORMIN) X30,SITAGLIPTIN + METFORMIN 50MG/500MG (SITIFORMIN) X30,0,0,90,8,7.28,GENERICS-RX,NTPK,0,0,0
4.80604E+12,SITAGLIPTIN + METFORMIN 50MG/500MG(PHILSITZ-M) TAB X100,SITAGLIPTIN + METFORMIN 50MG/500MG(PHILSITZ-M) TAB X100,0,0,64,15,6.16,GENERICS-RX,N/A,0,0,0
8.91642E+14,SITAGLIPTIN 50MG (DIASUTIN) TAB X30,SITAGLIPTIN 50MG (DIASUTIN) TAB X30,0,0,0,25,12,GENERICS-RX,N/A,0,0,0
4.80604E+12,SITAGLIPTIN 50MG (PHILSITZ) TAB X30,SITAGLIPTIN 50MG (PHILSITZ) TAB X30,0,0,88,17,5.5,GENERICS-RX,N/A,0,0,0
8.90607E+12,SITAGLIPTIN 50MG (SI2NORM) TAB X30,SITAGLIPTIN 50MG (SI2NORM) TAB X30,0,0,0,17,6.5,GENERICS-RX,N/A,0,0,0
4.80653E+12,SITAGLIPTIN 50MG (SITAG) TAB X100,SITAGLIPTIN 50MG (SITAG) TAB X100,0,0,90,17,6.3,GENERICS-RX,N/A,0,0,0
8.90614E+12,SITAGLIPTIN 50MG (SITAGLI-50) TAB X100,SITAGLIPTIN 50MG (SITAGLI-50) TAB X100,0,0,0,17,5.63,GENERICS-RX,N/A,0,0,0
8.90614E+12,SITAGLIPTIN 50MG (SITAGLIGO) TABX30,SITAGLIPTIN 50MG (SITAGLIGO) TABX30,0,0,150,17,5.33,GENERICS-RX,PRIMECARE,0,0,0
8.90373E+12,SITAGLIPTIN+METFORMIN 50MG/1G (METSITA) TAB X30,SITAGLIPTIN+METFORMIN 50MG/1G (METSITA) TAB X30,0,0,0,26,13,GENERICS-RX,N/A,0,0,0
4.80653E+12,SITAKEM-M 50MG/500MG TABX30,SITAGLIPTIN METFORMIN HCL 50MG/500MG (SITAKEM-M) TABX30,0,0,0,25,12,GENERICS-RX,MEDTRIO CONSUMER GOODS TRADING,0,0,0
51115148,SITIFIX 100MG SUSP,CEFIXIME 100MG (SITIFIX) SUSP 60ML,0,0,0,150,73,BRANDED-RX,N/A,0,0,0
6.17228E+14,SKELAN 220MG TAB X100,SKELAN 220MG TAB X100,0,0,14,10,8.74,BRANDED-OTC,N/A,0,0,0
4.80779E+12,SKELAN 550MG TAB X100,SKELAN 550MG TAB X100,0,0,50,21,19.83,BRANDED-RX,N/A,0,0,0
4.80651E+12,SKIN 911 TAWAS DEO FOOT 100G,SKIN 911 TAWAS DEO FOOT 100G,0,0,3,90,79.2,CONSIGNMENT ITEM,N/A,0,0,0
4.80651E+12,SKIN 911 TAWAS DEO UA 50G,SKIN 911 TAWAS DEO UA 50G,0,0,4,100,88.2,CONSIGNMENT ITEM,N/A,0,0,0
4.80012E+12,SKINWHITE ADV LIGHT BEIGE 7G,SKINWHITE ADV LIGHT BEIGE 7G,0,0,7,30,25.57,PERSONAL CARE,N/A,0,0,0
4.80012E+12,SKINWHITE CREAM ROSE WHITE 7G,SKINWHITE CREAM ROSE WHITE 7G,0,0,5,30,25.57,PERSONAL CARE,N/A,0,0,0
4.80012E+12,SKINWHITE DEO CLASSIC 40ML,SKINWHITE DEO CLASSIC 40ML,0,0,1,78,72.02,PERSONAL CARE,N/A,0,0,0
4.80012E+12,SKINWHITE DEO GLUTA+VIT. C 40ML,SKINWHITE DEO GLUTA+VIT. C,0,0,0,90,81.42,PERSONAL CARE,N/A,0,0,0
4.80012E+12,SKINWHITE DEO POWDER SILK 25ML,SKINWHITE DEO POWDER SILK 25ML,0,0,0,46,41.59,PERSONAL CARE,OHANA TRADING CORPORATION,0,0,0
4.80012E+12,SKINWHITE DEO POWERWHITE 25ML,SKINWHITE DEO POWERWHITE 25ML,0,0,1,55,47.34,PERSONAL CARE,OHANA TRADING CORPORATION,0,0,0
4.80012E+12,SKINWHITE DEO POWERWHITE 40ML,SKINWHITE DEO POWERWHITE 40ML,0,0,2,95,82.80333333,PERSONAL CARE,OHANA TRADING CORPORATION,0,0,0
4.80012E+12,SKINWHITE FC POWER PAPAYA 135ML,SKINWHITE FC POWER PAPAYA 135ML,0,0,0,48,43.16,PERSONAL CARE,N/A,0,0,0
4.80012E+12,SKINWHITE FC POWER PAPAYA 75ML,SKINWHITE FC POWER PAPAYA 75ML,0,0,1,35,30.99,PERSONAL CARE,N/A,0,0,0
4.80012E+12,SKINWHITE FC POWER PINK 135ML,SKINWHITE FC POWER PINK 135ML,0,0,5,55,48.75,PERSONAL CARE,N/A,0,0,0
4.80012E+12,SKINWHITE FC POWER PINK 75ML,SKINWHITE FC POWER PINK 75ML,0,0,5,40,35.16,PERSONAL CARE,N/A,0,0,0
4.80012E+12,SKINWHITE LOT LIGHT BLUE 100ML,SKINWHITE LOT LIGHT BLUE 100ML,0,0,0,85,74.62,PERSONAL CARE,N/A,0,0,0
4.80012E+12,SKINWHITE LOT LIGHT BLUE 200ML,SKINWHITE LOT LIGHT BLUE 200ML,0,0,0,155,137.25,PERSONAL CARE,N/A,0,0,0
4.80012E+12,SKINWHITE LOT LIGHT BLUE 50ML,SKINWHITE LOT LIGHT BLUE 50ML,0,0,0,55,0,PERSONAL CARE,N/A,0,0,0
4.80012E+12,SKINWHITE LOT PAPAYA MILK 100ML,SKINWHITE LOT PAPAYA MILK 100ML,0,0,0,80,71.3,PERSONAL CARE,N/A,0,0,0
4.80012E+12,SKINWHITE LOT PAPAYA MILK 200ML,SKINWHITE LOT PAPAYA MILK 200ML,0,0,0,141,124.8,PERSONAL CARE,N/A,0,0,0
4.80012E+12,SKINWHITE LOT POWER VIT BLUE 100ML,SKINWHITE LOT POWER VIT BLUE 100ML,0,0,0,105,0,PERSONAL CARE,N/A,0,0,0
4.80012E+12,SKINWHITE LOT POWER VIT BLUE 200ML,SKINWHITE LOT POWER VIT BLUE 200ML,0,0,0,195,174.29,PERSONAL CARE,N/A,0,0,0
4.80012E+12,SKINWHITE LOT POWER WHITE PINK 100ML,SKINWHITE LOT POWER WHITE PINK 100ML,0,0,0,146,129.31,PERSONAL CARE,N/A,0,0,0
4.80012E+12,SKINWHITE LOT POWER WHITE PINK 200ML,SKINWHITE LOT POWER WHITE PINK 200ML,0,0,1,280,128.38,PERSONAL CARE,N/A,0,0,0
4.80012E+12,SKINWHITE LOT POWER WHITE PINK 50ML,SKINWHITE LOT POWER WHITE PINK 50ML,0,0,0,71,0,PERSONAL CARE,N/A,0,0,0
4.80012E+12,SKINWHITE SOAP GLUTA 65G,SKIN WHITE (SOAP GLUTA) 65G,0,0,1,55,49.95,PERSONAL CARE,OHANA TRADING CORPORATION,0,0,0
4.80012E+12,SKINWHITE SOAP GLUTATHIONE+VITAMIN C 90G,SKINWHITE SOAP GLUTATHIONE+VITAMIN C 90G,0,0,2,80,71.06,PERSONAL CARE,OHANA TRADING CORPORATION,0,0,0
4.80012E+12,SKINWHITE SOAP PAPAYA 90G,SKINWHITE SOAP PAPAYA 90G,0,0,0,45,37.32,PERSONAL CARE,OHANA TRADING CORPORATION,0,0,0
4.80012E+12,SKINWHITE SOAP POWER WHITE PINK 125G,SKINWHITE SOAP POWER WHITE PINK 125G,0,0,0,80,70.87,PERSONAL CARE,N/A,0,0,0
4.80012E+12,SKINWHITE SOAP POWER WHITE PINK 65G,SKINWHITE SOAP POWER WHITE PINK 65G,0,0,0,38,34.44,PERSONAL CARE,N/A,0,0,0
4.80012E+12,SKINWHITE SOAP POWER WHITE PINK 90G,SKINWHITE SOAP POWER WHITE PINK 90G,0,0,6,61,54.18,PERSONAL CARE,,0,0,0
4.80901E+12,SLEEPASIL CAP X60,SLEEPASIL CAP X60,0,0,55,17,14.4,BRANDED-OTC,N/A,0,0,0
6981810043,SLEEPWELL CAP X100,SLEEPWELL CAP X100,0,0,72,18,13.2,BRANDED-OTC,N/A,0,0,0
4.80654E+12,S-METPRIME 100MG/1G TABX30,SITAGLIPTIN METFORMIN  (S-METPRIME 100MG/1G) TABX30,0,0,135,15,7.5,GENERICS-RX,N/A,0,0,0
4.80654E+12,S-METPRIME 50MG/500 MG TABX30,SITAGLIPTN METFORMIN HYDROCHLORIDE (S-METPRIME 50MG/500 MG) TABX30,0,0,0,15,6.33,GENERICS-RX,N/A,0,0,0
8.85908E+12,SNAIL WHITE SUNSCREEN CC SPF50 6ML,SNAIL WHITE SUNSCREEN CC SPF50 6ML,0,0,0,120,59.5,PERSONAL CARE,N/A,0,0,0
8.85209E+12,SNAKE PRICKLY CLASSIC 50G,SNAKE PRICKLY CLASSIC 50G,0,0,0,75,45,PERSONAL CARE,,0,0,0
4.80901E+12,SNOW CAPS X30,SNOW CAPS X30,0,0,13,57,53.55,BRANDED-OTC,N/A,0,0,0
4.80604E+12,SODIUM BICARB 650MG (BICARNATE) TAB X60,SODIUM BICARB 650MG (BICARNATE) TAB X60,0,0,-2,136,68,GENERICS-RX,N/A,0,0,0
4.80651E+12,SOFT N WHITE JUMBO PACK 75PULLS,SOFT N WHITE JUMBO PACK 75PULLS,0,0,0,0,0,SANPRO,N/A,0,0,0
4.80779E+12,SOLMUX 100MG/5ML SYR 60ML,SOLMUX 100MG/5ML SYR 60ML,0,0,4,116,109.52,BRANDED-OTC,N/A,0,0,0
4.80779E+12,SOLMUX 200MG/5ML SYR 120ML,SOLMUX 200MG/5ML SYR 120ML,0,0,7,185,175.46,BRANDED-OTC,N/A,0,0,0
4.80779E+12,SOLMUX 200MG/5ML SYR 60ML,SOLMUX 200MG/5ML SYR 60ML,0,0,11,122,114.9919481,BRANDED-OTC,N/A,0,0,0
4.80779E+12,SOLMUX 40MG/ML DROPS 15ML,SOLMUX 40MG/ML DROPS 15ML,0,0,11,117,110.11625,BRANDED-OTC,N/A,0,0,0
4.80779E+12,SOLMUX ADVANCE 500MG/5MG TAB X100,SOLMUX ADVANCE 500MG/5MG TAB X100,0,0,258,15,12.02941176,BRANDED-OTC,N/A,0,0,0
4.80779E+12,SOLMUX ADVANCE SYR 60ML,SOLMUX ADVANCE SYR 60ML,0,0,7,145,135.84,BRANDED-OTC,N/A,0,0,0
1404137405,SOLMUX BRONCHO CAP X100,SOLMUX BRONCHO CAP X100,0,0,114,16,15.35,BRANDED-RX,N/A,0,0,0
4.80779E+12,SOLMUX BRONCHO SYR 60ML,SOLMUX BRONCHO SYR 60ML,0,0,0,157,149.13,BRANDED-OTC,N/A,0,0,0
4.80779E+12,SOLMUX CAP 500MG X100,SOLMUX CAP 500MG X100,0,0,0,12,10.81,BRANDED-OTC,N/A,0,0,0
4.80779E+12,SOLMUX FTE 500MG SYR 60ML,SOLMUX FTE 500MG SYR 60ML,0,0,0,130,123.05,BRANDED-OTC,N/A,0,0,0
4.80779E+12,SOLMUX THROAT SPRAY 30ML,SOLMUX THROAT SPRAY 30ML,0,0,2,347,330.19,BRANDED-OTC,UNITED LINK PHARMACEUTICAL DISTRIBUTION,0,0,0
4.80652E+12,SONAP 500MG,NAPROXEN (SONAP 500MG) X100 TAB,0,0,334,7,3.302371542,GENERICS-RX,,0,0,0
4.80651E+12,SORBIFER DURULES 310MG SR TAB X100,SORBIFER DURULES 310MG SR TAB X100,0,0,93,15,12.30800173,BRANDED-OTC,N/A,0,0,0
4.8003E+12,SOS PIMPLE REMOVER,SOS PIMPLE REMOVER,0,0,6,150,126.5,BRANDED-RX,,0,0,0
46115577,SPECIMEN CUP(GREEN),SPECIMEN CUP(GREEN),0,0,25,10,4.5,MEDICAL SUPPLIES,,0,0,0
8.90604E+12,SPIRONOLACTONE (URINASAPH-S) 25MG X100TAB,SPIRONOLACTONE (URINASAPH-S) 25MG X100TAB,0,0,0,5,2.34,GENERICS-RX,,0,0,0
4.80604E+12,SPIRONOLACTONE 25MG (SPIROPHIL) TAB X100,SPIRONOLACTONE 25MG (SPIROPHIL) TAB X100,0,0,817,5,2.093600434,GENERICS-RX,N/A,0,0,0
8.90601E+12,SPIRONOLACTONE 25MG TAB (CORLACTONE) X100,SPIRONOLACTONE 25MG TAB (CORLACTONE) X100,0,0,0,7,3.25,GENERICS-RX,N/A,0,0,0
8.90604E+12,SPIRONOLACTONE 25MG TAB (SPIRODEN) X100,SPIRONOLACTONE 25MG TAB (SPIRODEN) X100,0,0,0,7,3.45,GENERICS-RX,N/A,0,0,0
50958866,SPIROTRIX 25MG,SPIRONOLACTONE (SPIROTRIX) X100 TAB,0,0,-28,5,1.95,GENERICS-RX,N/A,0,0,0
8.54422E+14,SPLENDA 1G SACHET X1200,SPLENDA 1G SACHET X1200,0,0,67,3,1.32,BRANDED-OTC,N/A,0,0,0
4.80198E+12,SPRITE MISMO 290ML,SPRITE MISMO 290ML,0,0,36,25,16.33,FOOD & BEVERAGES,N/A,0,0,0
8.90803E+12,STAGMET 50MG/500MG TAB X30,SITAGLIPTIN+METFORMIN (STAGMET) 50MG/500MG TAB X30,0,0,0,16,8,GENERICS-RX,MEDCENTRAL PHARMAAND MEDICAL SUPPLIES DISTRIBUTION,0,0,0
4.80652E+12,STERILE GLOVES 7.0 SURGITECH,STERILE GLOVES 7.0 SURGITECH,0,0,0,35,17,MEDICAL SUPPLIES,N/A,0,0,0
4.80057E+12,STERILE WATER (EUROMED) 50ML,STERILE WATER (EUROMED) 50ML,0,0,3,90,43.55,MEDICAL SUPPLIES,N/A,0,0,0
4.80653E+12,STOOL CONTAINER,STOOL CONTAINER,0,0,-1,20,8,MEDICAL SUPPLIES,,0,0,0
8.85036E+12,STREPSILS CHESTY LOZENGE 6S,STREPSILS CHESTY LOZENGE 6S,0,0,7,80,77.15714286,BRANDED-OTC,N/A,0,0,0
4.801E+12,STREPSILS CHILDREN 6+ 6S,STREPSILS CHILDREN 6+ 6S,0,0,17,78,70.4847619,BRANDED-OTC,N/A,0,0,0
8.8512E+12,STREPSILS COOL 2S,STREPSILS COOL 2S,0,0,9,21,18.56,BRANDED-OTC,N/A,0,0,0
8.8512E+12,STREPSILS COOL 8S X36,STREPSILS COOL 8S X36,0,0,14,80,70.79105263,BRANDED-OTC,N/A,0,0,0
8.85036E+12,STREPSILS DRY COUGH LOZENGE 6S,STREPSILS DRY COUGH LOZENGE 6S,0,0,6,85,75.58869898,BRANDED-OTC,N/A,0,0,0
8.8512E+12,STREPSILS EXTRA STRONG 8S,STREPSILS EXTRA STRONG 8S,0,0,33,76,59.63,BRANDED-OTC,N/A,0,0,0
8.8512E+12,STREPSILS HONEY LEMON 2S,STREPSILS HONEY LEMON 2S,0,0,0,20,18.02,BRANDED-OTC,N/A,0,0,0
8.8512E+12,STREPSILS HONEYLEMON 8S X36,STREPSILS HONEYLEMON 8S X36,0,0,20,78,70.01678571,BRANDED-OTC,N/A,0,0,0
8.8512E+12,STREPSILS LOZ ORANGE 2S,STREPSILS LOZ ORANGE 2S,0,0,19,21,18.56,BRANDED-OTC,N/A,0,0,0
4.801E+12,STREPSILS MAX BLACKCURRANT X6,STREPSILS MAX BLACKCURRANT,0,0,2,95,84.63,BRANDED-OTC,,0,0,0
4.801E+12,STREPSILS MAX PRO 8S,STREPSILS MAX PRO 8S,0,0,5,115,83.23,BRANDED-OTC,N/A,0,0,0
4.80653E+12,STREPSILS MAXPRO THROATSPRAY,STREPSILS MAXPRO DIRECT THROATSPRAY,0,0,0,460,408.92,BRANDED-OTC,N/A,0,0,0
8.8512E+12,STREPSILS ORANGE 8S X36,STREPSILS ORANGE 8S X36,0,0,20,78,69.84547406,BRANDED-OTC,N/A,0,0,0
8.8512E+12,STREPSILS SUGAR FREE 8S X36,STREPSILS SUGAR FREE 8S X36,0,0,9,76,68.49,BRANDED-OTC,N/A,0,0,0
4.801E+12,STREPSILS WARM (GINGER) 8S X36,STREPSILS WARM (GINGER) 8S X36,0,0,10,78,68.14,BRANDED-OTC,N/A,0,0,0
4.80032E+12,STRESSTABS 30S,STRESSTABS 30S,0,0,3,302,286.92,BRANDED-OTC,N/A,0,0,0
4.80015E+12,STRESSTABS TAB X100,STRESSTABS TAB X100,0,0,131,11,10.22,BRANDED-OTC,N/A,0,0,0
3.47309E+14,STUGERON 25MG TAB X200,STUGERON 25MG TAB X200,0,0,0,47,41.78,BRANDED-RX,N/A,0,0,0
4.80012E+12,STYLEX GEL GREEN 50G,STYLEX GEL GREEN 50G,0,0,0,0,0,PERSONAL CARE,N/A,0,0,0
4.80012E+12,STYLEX GEL YEL 50G,STYLEX GEL YEL 50G,0,0,-3,20,17.08,PERSONAL CARE,N/A,0,0,0
4.80012E+12,STYLEX HAIR POLISH 100ML,STYLEX HAIR POLISH 100ML,0,0,0,65,55.14,PERSONAL CARE,N/A,0,0,0
4.80012E+12,STYLEX HAIR POLISH 50ML,STYLEX HAIR POLISH 50ML,0,0,0,36,31.88,PERSONAL CARE,N/A,0,0,0
4.80012E+12,STYLEX HAIR WAX NORMAL 55G,STYLEX HAIR WAX NORMAL 55G,0,0,0,80,70.96,PERSONAL CARE,N/A,0,0,0
4.80012E+12,STYLEX HAIR WAX STRONG HOLD 55G,STYLEX HAIR WAX STRONG HOLD 55G,0,0,0,80,70.95,PERSONAL CARE,N/A,0,0,0
4.80012E+12,STYLEX SETTING LOTION CLEAR 125G,STYLEX SETTING LOTION CLEAR 125G,0,0,0,32,28.32,PERSONAL CARE,N/A,0,0,0
4.80012E+12,STYLEX STYLING GEL CLEAR 125G,STYLEX STYLING GEL CLEAR 125G,0,0,0,35,29.28,PERSONAL CARE,N/A,0,0,0
4.80012E+12,STYLEX STYLING GEL CLEAR 50G,STYLEX STYLING GEL CLEAR 50G,0,0,6,20,17.05666667,PERSONAL CARE,N/A,0,0,0
4.80012E+12,STYLEX STYLING GEL YEL 125G,STYLEX STYLING GEL YEL 125G,0,0,13,35,29.28,PERSONAL CARE,N/A,0,0,0
4.80651E+12,SULTAMICILLIN 750MG (TOSYLAM) X50,SULTAMICILLIN 750MG (TOSYLAM) X50,0,0,117,60,28,GENERICS-RX,N/A,0,0,0
4.80653E+12,SULTAMICILLIN 750MG TAB (UNICIL) X50,SULTAMICILLIN 750MG TAB (UNICIL) X50,0,0,1,50,24.44,GENERICS-RX,N/A,0,0,0
8134177310,SUMAPEN 250MG CAP X100,SUMAPEN 250MG CAP X100,0,0,81,13,12.76,BRANDED-RX,N/A,0,0,0
4.80779E+12,SUMAPEN CAP 500MG X100,SUMAPEN CAP 500MG X100,0,0,25,21,19.5,BRANDED-RX,N/A,0,0,0
5491925652,SUNDAE CUPS CARAMEL,SUNDAE CUPS CARAMEL,0,0,13,17,14.2,FOOD & BEVERAGES,N/A,0,0,0
4997895680,SUNDAE CUPS CHOCO,SUNDAE CUPS CHOCO,0,0,13,17,14.2,FOOD & BEVERAGES,N/A,0,0,0
4.80651E+12,SUNDAE CUPS STRAWBERRY,SUNDAE CUPS STRAWBERRY,0,0,14,17,14.2,FOOD & BEVERAGES,N/A,0,0,0
4.80089E+12,SUNSILK SHAMP COCONUT HYDRATION 170ML,SUNSILK SHAMP COCONUT HYDRATION 170ML,0,0,0,160,142.14,PERSONAL CARE,CRYSTAL CITY MARKETING,0,0,0
4.80089E+12,SUNSILK SHAMP COCONUT SACH 11ML,SUNSILK SHAMP COCONUT SACH 11ML,0,0,2,7,5.66,PERSONAL CARE,N/A,0,0,0
4.80089E+12,SUNSILK SHAMP DAMAGE SACH 11ML,SUNSILK SHAMP DAMAGE SACH 11ML,0,0,1,7,5.81,PERSONAL CARE,N/A,0,0,0
4.80089E+12,SUNSILK SHAMP EXPERT SACH 11ML,SUNSILK SHAMP EXPERT SACH 11ML,0,0,0,7,5.81,PERSONAL CARE,N/A,0,0,0
4.80089E+12,SUNSILK SHAMP SAKURA & RASBERRY 170ML,SUNSILK SHAMP SAKURA & RASBERRY 170ML,0,0,0,160,141.45,PERSONAL CARE,CRYSTAL CITY MARKETING,0,0,0
4.80089E+12,SUNSILK SHAMP SAKURA SACH 11ML,SUNSILK SHAMP SAKURA SACH 11ML,0,0,0,7,5.66,PERSONAL CARE,N/A,0,0,0
4.80089E+12,SUNSILK SHAMP SMOOTH&MNGBLE 180ML,SUNSILK SHAMP SMOOTH&MNGBLE 180ML,0,0,2,135,104.9833333,PERSONAL CARE,N/A,0,0,0
4.80089E+12,SUNSILK SHAMP STRONG&LONG 180ML,SUNSILK SHAMP STRONG&LONG 180ML,0,0,-3,135,121.85,PERSONAL CARE,N/A,0,0,0
4.80089E+12,SUNSILK SMOOTH AND MANAGEABLE 15ML,SUNSILK SMOOTH AND MANAGEABLE 15ML,0,0,1,7,5.430540541,PERSONAL CARE,,0,0,0
4.80089E+12,SUNSILK STRONG AND LONG 15ML,SUNSILK STRONG AND LONG 15ML,0,0,12,7,5.5175,PERSONAL CARE,,0,0,0
4.80604E+12,SUPRAFIX 100 SUSP 60ML,CEFIXIME 100MG/5ML (SUPRAFIX) SUSP 60ML,0,0,0,125,60,GENERICS-RX,N/A,0,0,0
37277532,SUPRAFIX DS 100MG/5ML 60ML,CIFIXIME (SUPRAFIX DS) 100MG/5ML POWDER FOR SUS 60ML,0,0,1,125,60,GENERICS-RX,MEDTRIO CONSUMER GOODS TRADING,0,0,0
4.80604E+12,SUPRAFIX DS 20MG DROPS 10ML,CEFIXIME 20MG/ML (SUPRAFIX DS) DROPS 10ML,0,0,0,130,50,GENERICS-RX,N/A,0,0,0
4983419022,SUPRANEURON TAB,SUPRANEURON TAB,0,0,17,21,17.36993566,BRANDED-OTC,N/A,0,0,0
4.80652E+12,SURE-GUARD 7 1/2 GLOVES POWDERFREE,SURE-GUARD 7 1/2 GLOVES POWDERFREE,0,0,40,30,14.4,MEDICAL SUPPLIES,N/A,0,0,0
4.80652E+12,SURE-GUARD 7.0 GLOVES POWDERFREE,SURE-GUARD 7.0 GLOVES POWDERFREE,0,0,38,30,13.6,MEDICAL SUPPLIES,N/A,0,0,0
4.80653E+12,SURGICAL TAPE (SURGITECH)1/2INX10YD X24,SURGICAL TAPE 1/2INX10YD X24,0,0,38,25,7.95,MEDICAL SUPPLIES,N/A,0,0,0
1488685984,SURGICAL TAPE 1 INCH X 10 YDS (SURGITECH) X12,SURGICAL TAPE 1 INCH X 10 YDS (SURGITECH) X12,0,0,24,30,15.9,DRHR,N/A,0,0,0
4.80903E+12,SURGICAL TAPE 1 INCH X 10 YDS X12,SURGICAL TAPE 1 INCH X 10 YDS X12,0,0,6,30,15,MEDICAL SUPPLIES,N/A,0,0,0
4.80652E+12,SURGITECH HOT WATER BAG 1L,SURGITECH HOT WATER BAG 1L,0,0,1,110,55,MEDICAL SUPPLIES,N/A,0,0,0
4.80652E+12,SURGITECH HOT WATER BAG 500ML,SURGITECH HOT WATER BAG 500ML,0,0,5,85,43,MEDICAL SUPPLIES,N/A,0,0,0
30114982,SURRMED GLOVES LARGE X100,SURRMED GLOVES LARGE X100,0,0,57,5,1.85,MEDICAL SUPPLIES,N/A,0,0,0
123384513,SURRMED GLOVES MEDIUM X100,SURRMED GLOVES MEDIUM X100,0,0,368,5,2.05,MEDICAL SUPPLIES,N/A,0,0,0
87104631,SUTURE CHROM ,SUTURE CHROM C 3.ROUND,0,0,47,41,20.42,INTRAVENOUS SOLN,NTPK,0,0,0
87614021676,SWANSON ALA 600MGX60,SWANSON ALA 600MGX60,0,0,63,27,13.13,BRANDED-OTC,N/A,0,0,0
87614015026,SWANSON MELATONIN 3MG CAP X120,SWANSON MELATONIN 3MG CAP X120,0,0,0,5,1.16,GENERICS-OTC,N/A,0,0,0
4.80023E+12,SYMBICORT 160/4.5MCG  RAPIHALER,SYMBICORT 160/4.5MCG  RAPIHALER,0,0,2,1095,1040.01,BRANDED-RX,N/A,0,0,0
4.80023E+12,SYMBICORT 160/4.5MCG 60D TURBOHALER,SYMBICORT 160/4.5MCG 60D TURBOHALER,0,0,1,1515,1438.37,BRANDED-RX,N/A,0,0,0
4.8065E+12,SYMDEX DROPS 15ML,SYMDEX DROPS 15ML,0,0,24,75,35.44444444,GENERICS-OTC,N/A,0,0,0
4.8065E+12,SYMDEX SYR 60ML,SYMDEX SYR 60ML,0,0,33,80,36,GENERICS-OTC,N/A,0,0,0
4.8065E+12,SYMDEX-D FORTE TAB X100,SYMDEX-D FORTE TAB X100,0,0,2010,5,1.850630872,GENERICS-OTC,N/A,0,0,0
4.8065E+12,SYMDEX-D TAB X100,SYMDEX-D TAB X100,0,0,1249,4,1.55,GENERICS-OTC,N/A,0,0,0
4.80652E+12,SYNACTIV TAB X100,SYNACTIV TAB X100,0,0,27,27,24.45,BRANDED-RX,N/A,0,0,0
4.80652E+12,SYRINGE 10CC X100,SYRINGE 10CC X100,0,0,275,7,3.465879712,MEDICAL SUPPLIES,N/A,0,0,0
4.80653E+12,SYRINGE 1CC X100,SYRINGE 1CC X100,0,0,187,5,2.4,MEDICAL SUPPLIES,N/A,0,0,0
4.80653E+12,SYRINGE 3CC X100,SYRINGE 3CC X100,0,0,373,5,2.5,MEDICAL SUPPLIES,N/A,0,0,0
4.80652E+12,SYRINGE 5CC X100,SYRINGE 5CC X100,0,0,336,5,2.5,MEDICAL SUPPLIES,N/A,0,0,0
3.00651E+11,SYSTANE ULTRA HIGH PERFORMANCE 5ML,SYSTANE ULTRA HIGH PERFORMANCE 5ML,0,0,2,267,252.4,BRANDED-OTC,DYNA DRUG CORP.,0,0,0
4.80651E+12,TAI CHI CHILI LINIMENT 30ML,TAI CHI CHILI LINIMENT 30ML,0,0,0,95,84.15,DRHR,N/A,0,0,0
4.80651E+12,TAI CHI CHILI LINIMENT 60ML,TAI CHI CHILI LINIMENT 60ML,0,0,0,161,146.2,DRHR,N/A,0,0,0
4.80651E+12,TAI CHI GINGER LINIMENT 30ML,TAI CHI GINGER LINIMENT 30ML,0,0,0,95,84.15,DRHR,N/A,0,0,0
4.80651E+12,TAI CHI GINGER LINIMENT 60ML,TAI CHI GINGER LINIMENT 60ML,0,0,0,161,146.2,DRHR,N/A,0,0,0
4.80651E+12,TAI CHI GINGER RUB 10G,TAI CHI GINGER RUB 10G,0,0,0,40,35.7,DRHR,N/A,0,0,0
4.80651E+12,TAI CHI GINGER RUB 20G,TAI CHI GINGER RUB 20G,0,0,0,75,68,DRHR,N/A,0,0,0
4.80651E+12,TAI CHI INHALER EUCALYPTUS 5ML,TAI CHI INHALER EUCALYPTUS 5ML,0,0,0,75,66.3,PERSONAL CARE,,0,0,0
4.80651E+12,TAI CHI INHALER LAVENDER 5ML,TAI CHI INHALER LAVENDER 5ML,0,0,0,75,66.3,PERSONAL CARE,,0,0,0
4.80651E+12,TAI CHI MEDICATED PLASTER  X4,TAI CHI MEDICATED PLASTER  X4,0,0,0,25,18.38,DRHR,N/A,0,0,0
4.80651E+12,TAI CHI STICK LINIMENT 8G,TAI CHI STICK LINIMENT 8G,0,0,0,68,61.2,DRHR,N/A,0,0,0
3.23362E+14,TAMSULOSIN 200MCG (TAMSUSAPH) X100,TAMSULOSIN 200MCG (TAMSUSAPH) X100,0,0,0,7,3.3,GENERICS-RX,N/A,0,0,0
8.90601E+12,TAMSULOSIN 200MCG TAB (SULTAM) X100,TAMSULOSIN 200MCG TAB (SULTAM) X100,0,0,0,15,6.6,GENERICS-RX,N/A,0,0,0
4.80653E+12,TAMSULOSIN 400MCG (TAMSUFAR) X30,TAMSULOSIN 400MCG (TAMSUFAR) X30,0,0,0,12,5.97,GENERICS-RX,,0,0,0
4.80652E+12,TAMSULOSIN 400MCG CAP (TAMSULON-XL) X28,TAMSULOSIN 400MCG CAP (TAMSULON-XL) X28,0,0,0,13,6.33,GENERICS-RX,N/A,0,0,0
8.90802E+12,TAMSULOSIN 400MCG TAB (TAMSUSAPH) X100,TAMSULOSIN 400MCG TAB (TAMSUSAPH) X100,0,0,300,9,4.5,GENERICS-RX,N/A,0,0,0
4.80001E+12,TAPAZOLE 5MG TAB X100,TAPAZOLE 5MG TAB X100,0,0,135,8,7.104075214,BRANDED-RX,N/A,0,0,0
4.80651E+12,TAPDIN TAB 20MG X100,TAPDIN TAB 20MG X100,0,0,84,26,24.75,BRANDED-RX,N/A,0,0,0
4.80651E+12,TAPDIN TAB 5MG X100,TAPDIN TAB 5MG X100,0,0,122,7,6.528811179,BRANDED-RX,N/A,0,0,0
4.80779E+12,TASCIT 1080MG TAB X100,TASCIT 1080MG TAB X100,0,0,0,21,19.58,BRANDED-RX,N/A,0,0,0
4.80779E+12,TASCIT 1620MG TAB X100,TASCIT 1620MG TAB X100,0,0,0,30,28.08,BRANDED-RX,N/A,0,0,0
4.80651E+12,TAUREX SYRUP 120ML,TAUREX SYRUP 120ML,0,0,3,147,139.2,BRANDED-OTC,DYNA DRUG CORP.,0,0,0
4.80651E+12,TELMIGEN 40MG TAB,TELMISARTAN (TELMIGEN 40MG) X30 TAB,0,0,168,6,2.420350102,GENERICS-RX,,0,0,0
4.80651E+12,TELMIGEN 80MG TAB,TELMISARTAN (TELMIGEN 80MG) X30TAB,0,0,20,8,3.67,GENERICS-RX,,0,0,0
1141635216,TELMISARTAN +HCTZ 40MG/12.5MG (TELSITAN-H) X100,TELMISARTAN +HCTZ 40MG/12.5MG (TELSITAN-H) X100,0,0,52,8,4,GENERICS-RX,N/A,0,0,0
8.90605E+12,TELMISARTAN 40MG TAB (TELMIBET) X30,TELMISARTAN 40MG TAB (TELMIBET) X30,0,0,0,4,2,GENERICS-RX,N/A,0,0,0
8.90604E+12,TELMISARTAN 40MG TAB (TELMISAPH) X30,TELMISARTAN 40MG TAB (TELMISAPH) X30,0,0,72,5,2,GENERICS-RX,N/A,0,0,0
8.90604E+12,TELMISARTAN 80MG TAB (TELMISAPH-80) X30,TELMISARTAN 80MG TAB (TELMISAPH-80) X30,0,0,-10,7,2.5,GENERICS-RX,N/A,0,0,0
8.90605E+12,TELMISARTAN+HCTZ 40MG/12.5 (TELMIBET PLUS) X30,TELMISARTAN+HCTZ 40MG/12.5 (TELMIBET PLUS) X30,0,0,0,11,5.17,GENERICS-RX,N/A,0,0,0
2.9144E+14,TEMISARTAN 40MG (TELSITAN) TAB X100,TEMISARTAN 40MG (TELSITAN) TAB X100,0,0,0,6,1.95,GENERICS-RX,N/A,0,0,0
8.90852E+14,TEMISARTAN 80MG (TELSITAN) TAB X100,TEMISARTAN 80MG (TELSITAN) TAB X100,0,0,0,10,3,GENERICS-RX,N/A,0,0,0
8.9952E+12,TEMPRA 0-12 DROPS 15ML,TEMPRA 100MG/ML DROPS 15ML,0,0,1,90,83.13538462,BRANDED-OTC,N/A,0,0,0
8.9952E+12,TEMPRA 0-12 DROPS 30ML,TEMPRA 100MG/ML DROPS 30ML,0,0,7,148,139.18,BRANDED-OTC,N/A,0,0,0
8.9952E+12,TEMPRA 1-5 ORANGE SYR 120ML,TEMPRA 120MG/5ML OR SYR 120ML,0,0,8,182,172.94,BRANDED-OTC,N/A,0,0,0
8.9952E+12,TEMPRA 1-5 ORANGE SYR 60ML,TEMPRA 120MG/5ML OR SYR 60ML,0,0,39,105,99.56,BRANDED-OTC,N/A,0,0,0
8.9952E+12,TEMPRA 1-5 STRAW SYR 120ML,TEMPRA 120MG/5ML STRAW SYR 120ML,0,0,0,161,152.97,BRANDED-OTC,N/A,0,0,0
8.9952E+12,TEMPRA 1-5 STRAW SYR 60ML,TEMPRA 120MG/5ML STRW SYR 60ML,0,0,6,106,100.59,BRANDED-OTC,N/A,0,0,0
7186676299,TEMPRA 325MG TAB X100,TEMPRA 325MG TAB X100,0,0,0,4,3.46,BRANDED-OTC,N/A,0,0,0
3.19194E+14,TEMPRA 500MG TAB X100,TEMPRA 500MG TAB X100,0,0,421,5,3.957878788,BRANDED-OTC,N/A,0,0,0
4.95758E+12,TEMPRA COOL BABIES 2 SHEETSX6,TEMPRA COOL BABIES 2 SHEETSX6,0,0,0,53,34.91,PERSONAL CARE,N/A,0,0,0
4.95758E+12,TEMPRA COOL KIDS 2 SHEETSX6,TEMPRA COOL KIDS 2 SHEETSX6,0,0,0,53,34.91,DRHR,N/A,0,0,0
8.80003E+14,TEMPRA COOL WITH FREE 2S,TEMPRA COOL WITH FREE 2S,0,0,0,125,95,BRANDED-OTC,N/A,0,0,0
4.80005E+12,TEMPRA FEVER RELIEF PACK FOR BABIES,TEMPRA FEVER RELIEF PACK FOR BABIES,0,0,0,0,0,BRANDED-OTC,N/A,0,0,0
8.9952E+12,TEMPRA FORTE OR SYR 60ML,TEMPRA FORTE 250MG/5ML OR SYR 60ML,0,0,14,165,154.5502715,BRANDED-OTC,N/A,0,0,0
8.9952E+12,TEMPRA FORTE STRW SYR 60ML,TEMPRA FORTE 250MG/5ML STRW SYR 60ML,0,0,0,155,147.53,BRANDED-OTC,N/A,0,0,0
8.9952E+12,TEMPRA FTE OR SYR 120ML,TEMPRA FTE 250MG/5ML OR SYR 120ML,0,0,11,268,253.4523077,BRANDED-OTC,N/A,0,0,0
8.9952E+12,TEMPRA FTE STRAW SYR 120ML,TEMPRA FTE 250MG/5ML STRAW SYR 120ML,0,0,0,247,229.8,BRANDED-OTC,N/A,0,0,0
4.80005E+12,TEMPRACOF 30MG/5ML SYR 60ML,TEMPRACOF 30MG/5ML SYR 60ML,0,0,2,125,115.2,BRANDED-OTC,N/A,0,0,0
4.80005E+12,TEMPRAZIN 5MG/5ML SYR 60ML,TEMPRAZIN 5MG/5ML SYR 60ML,0,0,5,198,188.34,BRANDED-OTC,N/A,0,0,0
8.85001E+12,TENDER CARE POWDER CLASSIC BLUE 100G,TENDER CARE POWDER CLASSIC BLUE 100G,0,0,6,56,50.65,PERSONAL CARE,N/A,0,0,0
8.85001E+12,TENDER CARE POWDER CLASSIC BLUE 50G,TENDER CARE POWDER CLASSIC BLUE 50G,0,0,5,30,25.3,PERSONAL CARE,N/A,0,0,0
8.85001E+12,TENDER CARE POWDER JASMINE 100G,TENDER CARE POWDER JASMINE 100G,0,0,0,46,41.4,PERSONAL CARE,N/A,0,0,0
8.85001E+12,TENDER CARE POWDER JASMINE 50G,TENDER CARE POWDER JASMINE 50G,0,0,0,23,20.7,PERSONAL CARE,N/A,0,0,0
8.85001E+12,TENDER CARE POWDER LAVENDER & OAT MILK 50G,TENDER CARE POWDER LAVENDER & OAT MILK 50G,0,0,0,30,27,PERSONAL CARE,,0,0,0
8.85001E+12,TENDER CARE POWDER PINK 100G,TENDER CARE POWDER PINK 100G,0,0,8,65,50.65,PERSONAL CARE,N/A,0,0,0
8.85001E+12,TENDER CARE POWDER PINK 50G,TENDER CARE POWDER PINK 50G,0,0,12,30,25.78,PERSONAL CARE,N/A,0,0,0
8.85001E+12,TENDER CARE POWDER SAKURA 100G,TENDER CARE POWDER SAKURA 100G,0,0,0,60,54.615,PERSONAL CARE,N/A,0,0,0
8.85001E+12,TENDER CARE POWDER SAKURA 50G,TENDER CARE POWDER SAKURA 50G,0,0,-1,32,28.22,PERSONAL CARE,N/A,0,0,0
9.55603E+12,TENDER CARE SOAP CLASSIC 115G,TENDER CARE SOAP CLASSIC 115G,0,0,1,45,39.18,PERSONAL CARE,N/A,0,0,0
9.55603E+12,TENDER CARE SOAP CLASSIC 80G,TENDER CARE SOAP CLASSIC 80G,0,0,4,35,28.78,PERSONAL CARE,N/A,0,0,0
9.55603E+12,TENDER CARE SOAP PINK 80G,TENDER CARE SOAP PINK 80G,0,0,12,35,28.78,PERSONAL CARE,N/A,0,0,0
9.55603E+12,TENDER CARE SOAP PINK BLOSSOM 115G,TENDER CARE SOAP PINK BLOSSOM 115G,0,0,6,45,40.74333333,PERSONAL CARE,N/A,0,0,0
4.80653E+12,TENDER LOVE WIPES ALOE 80S,TENDER LOVE WIPES ALOE 80S,0,0,17,45,30.11,SANPRO,N/A,0,0,0
4.80653E+12,TENDER LOVE WIPES POWDER 80S,TENDER LOVE WIPES POWDER 80S,0,0,24,45,29.31,PERSONAL CARE,N/A,0,0,0
4.80653E+12,TENDER LOVE WIPES UNSCENTED 80S,TENDER LOVE WIPES UNSCENTED 80S,0,0,12,45,29.3,SANPRO,N/A,0,0,0
4.80652E+12,TERBUTALINE 2.5MG TAB (LUNGEX) X100,TERBUTALINE 2.5MG TAB (LUNGEX) X100,0,0,46,2,0.567647059,GENERICS-RX,N/A,0,0,0
4.8003E+12,TERRAMYCIN PLUS OINT 3.5G,TERRAMYCIN PLUS OINT 3.5G,0,0,4,240,226.74,BRANDED-RX,N/A,0,0,0
8.80938E+12,TERUMO INSULIN SYRINGE 0.5CC X100,TERUMO INSULIN SYRINGE 0.5CC X100,0,0,78,15,7.85,MEDICAL SUPPLIES,N/A,0,0,0
1326458675,TETANUS TOXOID 40IU/0.5ML VIAL (ABHAY-TOX) X10,TETANUS TOXOID 40IU/0.5ML VIAL (ABHAY-TOX) X10,0,0,51,120,54,INTRAVENOUS SOLN,N/A,0,0,0
4.80652E+12,TETANUS TOXOID 40IU/0.5ML X10,TETANUS TOXOID 40IU/0.5ML X10,0,0,0,150,75,INTRAVENOUS SOLN,N/A,0,0,0
5450210310,THERABLOC 50MG TAB X100,THERABLOC 50MG TAB X100,0,0,67,12,10.89,BRANDED-RX,N/A,0,0,0
4.80779E+12,THERABLOC TAB 100MG X100,THERABLOC TAB 100MG X100,0,0,0,0,0,GENERICS-OTC,N/A,0,0,0
4.80779E+12,THERABLOC TAB 25MG X100,THERABLOC TAB 25MG X100,0,0,62,8,7.62,GENERICS-OTC,N/A,0,0,0
4.80129E+12,THOSE DAYS ALL NIGHT 8S,THOSE DAYS ALL NIGHT 8S,0,0,13,21,20.57,SANPRO,N/A,0,0,0
4.80129E+12,THOSE DAYS NON WING 8S (WHITE),THOSE DAYS NON WING 8S,0,0,6,17,13.42777778,SANPRO,N/A,0,0,0
4.80129E+12,THOSE DAYS THINS 8S (Y),THOSE DAYS THINS 8S (Y),0,0,12,17,13.19176471,SANPRO,N/A,0,0,0
4.80129E+12,THOSE DAYS W/ WINGS 8S (R),THOSE DAYS W/ WINGS 8S,0,0,3,20,16.82,SANPRO,N/A,0,0,0
4.80129E+12,THOSE DAYS W/ WINGS BUDGET PACK 8S (PINK),THOSE DAYS W/ WINGS BUDGET PACK 8S (PINK),0,0,6,18,15.61,SANPRO,OHANA TRADING CORPORATION,0,0,0
9.55687E+12,TIGER BALM RED OINT 19G,TIGER BALM RED OINT 19G,0,0,0,88,79.98,DRHR,N/A,0,0,0
9.55687E+12,TIGER BALM WHITE OINT 19G,TIGER BALM WHITE OINT 19G,0,0,3,90,81.77,DRHR,N/A,0,0,0
4.80779E+12,TIKI-TIKI PLUS DROPS 15ML,TIKI-TIKI PLUS DROPS 15ML,0,0,10,61,57.97,BRANDED-OTC,N/A,0,0,0
4.80779E+12,TIKI-TIKI PLUS DROPS 30ML,TIKI-TIKI PLUS DROPS 30ML,0,0,7,97,92.18,BRANDED-OTC,N/A,0,0,0
4.80779E+12,TIKI-TIKI STAR SYR 60ML,TIKI-TIKI STAR SYR 60ML,0,0,4,75,69.6,BRANDED-OTC,N/A,0,0,0
4.80779E+12,TIKI-TIKI STAR SYRUP 120ML,TIKI-TIKI STAR SYRUP 120ML,0,0,8,132,124.6373469,BRANDED-OTC,N/A,0,0,0
4.80026E+12,TOBRA DEXA (TOBRASON) OPTH DROPS 5L,TOBRA DEXA (TOBRASON) OPTH DROPS 5L,0,0,6,210,105,GENERICS-RX,N/A,0,0,0
4.80026E+12,TOBRAMYCIN 3MG/ML (CONSAC) OPTH SOLN 5ML,TOBRAMYCIN 3MG/ML (CONSAC) OPTH SOLN 5ML,0,0,0,198,98.75,GENERICS-RX,N/A,0,0,0
8.90349E+12,TOBRAMYCIN 3MG/ML (TOBRASAPH) OPTH SOLN 5ML,TOBRAMYCIN 3MG/ML (TOBRASAPH) OPTH SOLN 5ML,0,0,11,90,45,GENERICS-RX,N/A,0,0,0
4.80026E+12,TOBRAMYCIN OPTH DROPS (NEOCON) 5ML,TOBRAMYCIN OPTH DROPS (NEOCON) 5ML,0,0,0,160,80,GENERICS-RX,N/A,0,0,0
4.80653E+12,TOBRAMYCIN OPTH SOLN (TOBRALCIN) 6ML ,TOBRAMYCIN OPTH SOLN (TOBRALCIN) 6ML ,0,0,0,150,74,GENERICS-RX,N/A,0,0,0
4.80652E+12,TOBRAMYCIN OPTH SOLN (TOBRIN) 5ML,TOBRAMYCIN OPTH SOLN (TOBRIN) 5ML,0,0,0,110,55,GENERICS-RX,N/A,0,0,0
8.90416E+12,TOBRAZIN 5ML ,TOBRAMYCIN OPTH SOLN (TOBRAZIN) 6ML ,0,0,0,210,105,GENERICS-RX,N/A,0,0,0
4.80651E+12,TOCEF 20MG DROPS 10ML,CEFIXIME 20MG/ML (TOCEF) ORAL DROPS 10ML,0,0,38,140,70.03676471,GENERICS-RX,NTPK,0,0,0
4.80651E+12,TOILY KITCHEN TOWEL 2S,TOILY KITCHEN TOWEL 2S,0,0,0,0,0,SANPRO,N/A,0,0,0
8.9989E+12,TOLAK ANGIN 15ML,TOLAK ANGIN 15ML,0,0,23,12,10.64210526,BRANDED-OTC,N/A,0,0,0
8.9989E+12,TOLAK ANGIN ANAK 10ML X12,TOLAK ANGIN ANAK 10ML X12,0,0,0,10,5,BRANDED-OTC,N/A,0,0,0
4.80651E+12,TORICARD-5,NEBIVOLOL 5MG (TORICARD) TAB X100,0,0,396,12,5.655125285,GENERICS-RX,PRIMECARE,0,0,0
4.80651E+12,TORO  CAPSULE 2S ,TORO  CAPSULE 2S ,0,0,0,0,0,CONSIGNMENT ITEM,N/A,0,0,0
4.80635E+11,TORVASTATIN 40MG TABX100,ATORVASTATIN CALCIUM 40MG (TORVASTATIN) TABX100,0,0,0,4,1.5,GENERICS-RX,N/A,0,0,0
71010347,TOSYLAM 750MG TAB X50,TOSYLAM 750MG TAB X50,0,0,4,85,76.05,CONSIGNMENT ITEM,N/A,0,0,0
4.80029E+12,TRAJENTA 5MG TAB X30,TRAJENTA 5MG TAB X30,0,0,22,48,45.37,BRANDED-RX,N/A,0,0,0
4.80652E+12,TRAMADOL 50MG (AGORAM) X100,TRAMADOL 50MG (AGORAM) X100,0,0,1013,3,1.071893815,BRANDED-RX,N/A,0,0,0
4.80653E+12,TRAMADOL 50MG (APTRADOL) CAP X100,TRAMADOL 50MG (APTRADOL) CAP X100,0,0,124,2,0.91,GENERICS-RX,N/A,0,0,0
4.80651E+12,TRAMADOL 50MG CAP (ROUNOX) X100,TRAMADOL 50MG CAP (ROUNOX) X100,0,0,34,3,1.44,GENERICS-RX,N/A,0,0,0
7219597127,TRAMADOL 50MG CAP (SAPHTRAM) X100,TRAMADOL 50MG CAP (SAPHTRAM) X100,0,0,135,3,0.62,GENERICS-RX,N/A,0,0,0
4.80652E+12,TRAMADOL 550MG (TRALOFLAM) CAP X100,TRAMADOL 550MG (TRALOFLAM) CAP X100,0,0,0,3,1.05,GENERICS-RX,N/A,0,0,0
4.80652E+12,TRANEXAMIC ACID 500MG (HAEMOREX)CAP X100,TRANEXAMIC ACID 500MG (HAEMOREX)CAP X100,0,0,773,10,4.519843168,GENERICS-RX,N/A,0,0,0
8.90604E+12,TRANEXAMIC ACID 500MG (TRANEXASAPH) X100,TRANEXAMIC ACID 500MG (TRANEXASAPH) X100,0,0,0,8,3.8,GENERICS-RX,N/A,0,0,0
4.80652E+12,TRANEXAMIC ACID 500MG CAP (HEMOXIN) X100,TRANEXAMIC ACID 500MG CAP (HEMOXIN) X100,0,0,0,8,3.85,GENERICS-RX,N/A,0,0,0
4.80652E+12,TRIMETAZIDINE 20MG TAB (DINEMIC)X100,TRIMETAZIDINE 20MG TAB (DINEMIC)X100,0,0,0,5,2.25,GENERICS-RX,N/A,0,0,0
8.90604E+12,TRIMETAZIDINE 35MG (TRIMESAPH) TAB X30,TRIMETAZIDINE 35MG (TRIMESAPH) TAB X30,0,0,0,5,2.25,GENERICS-RX,N/A,0,0,0
4.80902E+12,TRIMETAZIDINE 35MG TAB (TERAZIDINE) X100,TRIMETAZIDINE 35MG TAB (TERAZIDINE) X100,0,0,0,6,1.45,GENERICS-RX,N/A,0,0,0
8.90419E+12,TRIMETAZIDINE 35MG TAB (TRIMEBET) X30,TRIMETAZIDINE 35MG TAB (TRIMEBET) X30,0,0,0,10,3.8,GENERICS-RX,N/A,0,0,0
8.90418E+12,TRIMETAZIDINE 35MG TAB (TRIMENOVA) X100,TRIMETAZIDINE 35MG TAB (TRIMENOVA) X100,0,0,1000,6,1.6,GENERICS-RX,N/A,0,0,0
4.80652E+12,TRIODONE 200MG TAB,AMIODARONE 200MG TAB (TRIODONE) X90,0,0,0,18,8.33,GENERICS-RX,N/A,0,0,0
4.80653E+12,TRISOXS 10MG X100 TAB,ISOXSUPRINE HCL (TRISOXS) 10MG X100 TAB,0,0,102,6,2.95,GENERICS-RX,PRIMECARE,0,0,0
4.80101E+12,TROSYD CREAM 3.5G,TROSYD CREAM 3.5G,0,0,5,195,177.89,BRANDED-OTC,N/A,0,0,0
4.80101E+12,TROSYD CREAM 5G,TROSYD CREAM 5G,0,0,5,261,248.11,BRANDED-OTC,N/A,0,0,0
4.80652E+12,TROVIPRI 20MG TABX100,ATORVASTATIN 20MG (TROVIPRI) TAB X100,0,0,2000,5,1,GENERICS-RX,,0,0,0
4.80652E+12,TROVIPRI 40MG TAB X100,ATORVASTATIN 40MG (TROVIPRI) TAB X100,0,0,0,6,1.635689803,GENERICS-RX,,0,0,0
4.80006E+12,TRUST BLOOM OVULATION TEST,TRUST BLOOM OVULATION TEST,0,0,0,55,48.84,OTHERS,,0,0,0
4.80006E+12,TRUST CLEAR CHECK CASETTE PREG TEST,TRUST CLEAR CHECK CASETTE PREG TEST,0,0,41,50,40.39598201,MEDICAL SUPPLIES,N/A,0,0,0
4.80006E+12,TRUST CLEAR CHECK MID-STREAM WAND PREG TEST,TRUST CLEAR CHECK MID-STREAM WAND PREG TEST,0,0,2,85,60.36,MEDICAL SUPPLIES,N/A,0,0,0
4.80006E+12,TRUST CONDOM BUBBLE GUM,TRUST CONDOM BUBBLE 3S,0,0,0,30,19.83,BRANDED-OTC,N/A,0,0,0
4.80006E+12,TRUST CONDOM CHOCOLATE 3S X24,TRUST CONDOM CHOCOLATE 3S X24,0,0,4,30,19.83,BRANDED-OTC,N/A,0,0,0
4.80006E+12,TRUST CONDOM PLAIN 3S,TRUST CONDOM PLAIN 3S,0,0,0,25,19.71,BRANDED-OTC,N/A,0,0,0
4.80006E+12,TRUST CONDOM POWDER FRESH,TRUST CONDOM POWDER FRESH ULTRA THIN,0,0,0,30,25.3,BRANDED-OTC,N/A,0,0,0
4.80006E+12,TRUST CONDOM SHOWER FRESH,TRUST CONDOM SHOWER 3S,0,0,0,35,30.01,BRANDED-OTC,N/A,0,0,0
4.80006E+12,TRUST CONDOM STRAW 3S X24,TRUST CONDOM STRAW 3S X24,0,0,64,30,24.97,BRANDED-OTC,N/A,0,0,0
4.80006E+12,TRUST PILLS 28,TRUST PILLS 28,0,0,109,52,47.50671141,BRANDED-OTC,N/A,0,0,0
1909055034,TUB 1.3L BERRY VANILLA MALLOWS,TUB 1.3L BERRY VANILLA MALLOWS,0,0,1,200,179.6,FOOD & BEVERAGES,N/A,0,0,0
9.82828E+14,TUB 1.3L BUKO SALAD,TUB 1.3L BUKO SALAD,0,0,2,200,179.6,FOOD & BEVERAGES,N/A,0,0,0
1099948657,TUB 1.3L COOKIES N CREAM,TUB 1.3L COOKIES N CREAM,0,0,0,200,179.6,FOOD & BEVERAGES,N/A,0,0,0
1741728678,TUB 1.3L DOUBLE DUTCH,TUB 1.3L DOUBLE DUTCH,0,0,0,200,179.6,FOOD & BEVERAGES,N/A,0,0,0
5164887143,TUB 1.3L MAIS CON QUEZO,TUB 1.3L MAIS CON QUEZO,0,0,4,200,179.6,FOOD & BEVERAGES,N/A,0,0,0
2392525811,TUB 1.3L PEACH MANGO TWIST,TUB 1.3L PEACH MANGO TWIST,0,0,-1,200,179.6,FOOD & BEVERAGES,N/A,0,0,0
1238194146,TUB 1.3L ROCKY ROAD,TUB 1.3L ROCKY ROAD,0,0,2,200,179.6,FOOD & BEVERAGES,N/A,0,0,0
1158147843,TUB 1.3L UBE QUEZO PASTILLAS,TUB 1.3L UBE QUEZO PASTILLAS,0,0,0,200,179.6,FOOD & BEVERAGES,N/A,0,0,0
76876135,TUB 3L PREMIUM BUKO SALAD,TUB 3L PREMIUM BUKO SALAD,0,0,-1,400,360,FOOD & BEVERAGES,N/A,0,0,0
2.52911E+14,TUB 3L PREMIUM COOKIES N CREAM,TUB 3L PREMIUM COOKIES N CREAM,0,0,1,400,360,FOOD & BEVERAGES,N/A,0,0,0
7.745E+14,TUB 3L PREMIUM DOUBLE DUTCH,TUB 3L PREMIUM DOUBLE DUTCH,0,0,1,400,360,FOOD & BEVERAGES,N/A,0,0,0
1.20103E+13,TUB 3L PREMIUM ROCKY ROAD,TUB 3L PREMIUM ROCKY ROAD,0,0,0,400,360,FOOD & BEVERAGES,N/A,0,0,0
3.63022E+14,TUB 3L REGULAR VANILLA,TUB 3L REGULAR VANILLA,0,0,2,355,312.9,FOOD & BEVERAGES,N/A,0,0,0
4.80651E+12,TUB DUO BUKO SALAD+UBE 1L,TUB DUO BUKO SALAD+UBE 1L,0,0,6,125,112.84,FOOD & BEVERAGES,N/A,0,0,0
4.80651E+12,TUB DUO CC+CHOCO SWIRL 1L,TUB DUO CC+CHOCO SWIRL 1L,0,0,3,125,112.84,FOOD & BEVERAGES,N/A,0,0,0
4.80651E+12,TUB DUO RR+VANILLA 1L,TUB DUO RR+VANILLA 1L,0,0,4,125,112.84,FOOD & BEVERAGES,N/A,0,0,0
4.80652E+12,TUMMY PRO BACILLUS CLAUSII 5ML X10,TUMMY PRO BACILLUS CLAUSII 5ML X10,0,0,10,25,11,BRANDED-OTC,ELISET PHARMACEUTICAL INC,0,0,0
4.80779E+12,TUSERAN CAP X100,TUSERAN CAP X100,0,0,236,12,9.657486631,BRANDED-OTC,N/A,0,0,0
4.80779E+12,TUSERAN NIGHT SYR 60ML,TUSERAN NIGHT SYR 60ML,0,0,3,126,119.27,BRANDED-OTC,N/A,0,0,0
4.80029E+12,TWYNSTA 40/10MG TAB X30,TWYNSTA 40/10MG TAB X30,0,0,43,21,19.22,BRANDED-RX,N/A,0,0,0
4.80029E+12,TWYNSTA 40/5MG TAB X30,TWYNSTA 40/5MG TAB X30,0,0,30,21,19.22,BRANDED-RX,N/A,0,0,0
4.80029E+12,TWYNSTA 80/10MG TAB X30,TWYNSTA 80/10MG TAB X30,0,0,33,30,27.44,BRANDED-RX,N/A,0,0,0
4.80029E+12,TWYNSTA 80/5MG TAB X30,TWYNSTA 80/5MG TAB X30,0,0,27,30,27.44,BRANDED-RX,N/A,0,0,0
4.80035E+12,TYLENOL ER 650MG TAB X50,TYLENOL ER 650MG TAB X50,0,0,59,10,8.56,BRANDED-OTC,N/A,0,0,0
8.90604E+12,UDCA 250MG (DEOXYSAPH) X100,UDCA 250MG (DEOXYSAPH) X100,0,0,0,28,14,GENERICS-RX,N/A,0,0,0
8.90604E+12,UDCA 300MG (DEOXYSAPH) TAB X100,UDCA 300MG (DEOXYSAPH) TAB X100,0,0,0,30,14.61103896,GENERICS-RX,N/A,0,0,0
4.80779E+12,UH WHITFIELD'S OINTMENT 15G,UH WHITFIELD'S OINTMENT 15G,0,0,10,110,103.43,BRANDED-OTC,N/A,0,0,0
4.80779E+12,UHP BURN OINTMENT 15G,UHP BURN OINTMENT 15G,0,0,2,145,136.62,BRANDED-OTC,N/A,0,0,0
4.80779E+12,UHP BURN OINTMENT 30G,UHP BURN OINTMENT 30G,0,0,0,152,137.12,BRANDED-OTC,N/A,0,0,0
4.80779E+12,UHP CEETAB 500MG TAB 100S BOT,UHP CEETAB 500MG TAB 100S BOT,0,0,6,296,275.6716667,BRANDED-OTC,N/A,0,0,0
4.80779E+12,UHP FERSULFATE 65MG TAB 100S BOT,UHP FERSULFATE 65MG TAB 100S BOT,0,0,7,206,187.7414286,BRANDED-OTC,N/A,0,0,0
4.80779E+12,UHP SUPRACID 325MG TAB X100,UHP SUPRACID 325MG TAB X100,0,0,7,150,141.25,BRANDED-OTC,N/A,0,0,0
4.80779E+12,UHP SUPRACID 650MG TAB X100,UHP SUPRACID 650MG TAB X100,0,0,5,223,206.4,BRANDED-OTC,N/A,0,0,0
4.80652E+12,ULTIMA CAP X100,ULTIMA CAP X100,0,0,41,12,10.9,BRANDED-OTC,N/A,0,0,0
4.80779E+12,ULTRAXIME DROPS 10ML,ULTRAXIME 20MG/ML 10ML,0,0,2,295,280.81,PERSONAL CARE,N/A,0,0,0
4.80779E+12,ULTRAXIME SYR 60ML,ULTRAXIME 100MG/5ML 60ML,0,0,2,997,949.45,PERSONAL CARE,N/A,0,0,0
3119213179,UNDERPADS (INDOPLAS) X10,UNDERPADS (INDOPLAS) X10,0,0,2,150,135,SANPRO,N/A,0,0,0
4.80901E+12,UNICARE BABY WIPES 80S,UNICARE BABY WIPES 80S,0,0,0,25,18.25,PERSONAL CARE,N/A,0,0,0
4.80653E+12,UNI-LOVE BOTTLE CLEANSER 500ml,UNI-LOVE BABY FEEDING BOTTLE CLEANSER 500ml,0,0,0,120,75,BABY PRODUCTS,N/A,0,0,0
4.80653E+12,UNI-LOVE DETERGENT BLUE 1L,UNI-LOVE DETERGENT BLUE 1L- BABY LAUNDRY,0,0,2,100,70,BABY PRODUCTS,RHODESIAN SALES CORP.,0,0,0
4.80653E+12,UNI-LOVE DETERGENT PINK 1L,UNI-LOVE DETERGENT PINK 1L-BABY LAUNDRY,0,0,-1,100,67.5,BABY PRODUCTS,N/A,0,0,0
2.90131E+14,URINE BAG 2L,URINE BAG 2L,0,0,12,35,15.95238095,MEDICAL SUPPLIES,N/A,0,0,0
4.80653E+12,URINE COLLECTOR PEDIA,URINE COLLECTOR PEDIA,0,0,8,10,5,MEDICAL SUPPLIES,,0,0,0
6942823,URINE CONTAINER,URINE CONTAINER,0,0,-10,20,6.5,MEDICAL SUPPLIES,,0,0,0
4.80779E+12,URINORM TAB 40MG X30,URINORM TAB 40MG X30,0,0,1,33,31.17,GENERICS-OTC,N/A,0,0,0
4.80651E+12,URISOL 100MG TAB,ALLOPURINOL 100MG TAB (URISOL) X100,0,0,720,2,0.55,GENERICS-RX,N/A,0,0,0
8.90409E+12,URSODEOXYCHOLIC ACID 250MG CAP (URDECHA) X20,URSODEOXYCHOLIC ACID 250MG CAP (URDECHA) X20,0,0,0,37,12.2,GENERICS-OTC,N/A,0,0,0
8.90451E+12,URSODEOXYCHOLIC ACID 300MG TAB (BILESAPH-GE300) X100,URSODEOXYCHOLIC ACID 300MG TAB (BILESAPH-GE300) X100,0,0,443,20,10,GENERICS-RX,N/A,0,0,0
8.90416E+12,URSODEOXYCHOLIC ACID 300MG TAB (TRISODEX) X100,URSODEOXYCHOLIC ACID 300MG TAB (TRISODEX) X100,0,0,0,35,16.8,GENERICS-RX,N/A,0,0,0
8.90802E+12,URSODYNOVA 250 TAB X30,URSODEOXYCHOLIC ACID 250MG CAP (URSODYNOVA) TAB X30,0,0,163,25,11,GENERICS-OTC,N/A,0,0,0
8.90802E+12,URSODYNOVA 300MG TAB X100,URSODEOXYCHOLIC ACID (URSODYNOVA) 300MG TAB X100,0,0,6,30,12,GENERICS-RX,PRIMECARE,0,0,0
9.31406E+12,VALDA LEMON PASTILLES 20G,VALDA LEMON PASTILLES 20G,0,0,0,70,62.75,BRANDED-OTC,WATSONS,0,0,0
9.31406E+12,VALDA ORIG PASTILLESB 20G,VALDA ORIG PASTILLESB 20G,0,0,0,70,62.75,BRANDED-OTC,WATSONS,0,0,0
8.90604E+12,VALSARTAN 160MG (SAPHZAR) X30 TAB,VALSARTAN 160MG (SAPHZAR) X30 TAB,0,0,0,18,8.83,GENERICS-RX,N/A,0,0,0
8.90604E+12,VALZARTAN 80MG (SAPHZAR) X30 TAB,VALZARTAN 80MG (SAPHZAR) X30 TAB,0,0,0,16,7.66,GENERICS-RX,N/A,0,0,0
4.80779E+12,VANEULAR TAB X100,VANEULAR TAB X100,0,0,24,23,21.7,BRANDED-OTC,N/A,0,0,0
7979030585,VASCOR 10MG TAB X100,VASCOR 10MG TAB X100,0,0,1,21,19.07,GENERICS-OTC,N/A,0,0,0
4.80089E+12,VASELINE HB LOT SPF 24 100ML,VASELINE HB LOT SPF 24 100ML,0,0,0,138,124.8,PERSONAL CARE,N/A,0,0,0
4.80089E+12,VASELINE HB LOT SPF 24 200ML,VASELINE HB LOT SPF 24 200ML,0,0,0,245,221.44,PERSONAL CARE,N/A,0,0,0
4.80089E+12,VASELINE HB LOT UV EXTRA BRIGHT 100ML,VASELINE HB LOT UV EXTRA BRIGHT 100ML,0,0,1,140,125.6133333,PERSONAL CARE,N/A,0,0,0
4.80089E+12,VASELINE HB LOT UV EXTRA BRIGHT 200ML,VASELINE HB LOT UV EXTRA BRIGHT 200ML,0,0,3,245,223.12,PERSONAL CARE,N/A,0,0,0
8.80162E+12,VASELINE LIP THERAPY ORIG 4.8G,VASELINE LIP THERAPY ORIG 4.8G,0,0,0,165,127,PERSONAL CARE,N/A,0,0,0
3.0521E+11,VASELINE LIP THERAPY ORIG 7G,VASELINE LIP THERAPY ORIG 7G,0,0,-2,195,156.6,PERSONAL CARE,N/A,0,0,0
8.80162E+12,VASELINE LIP THERAPY ROSY 4.8G,VASELINE LIP THERAPY ROSY 4.8G,0,0,4,165,149,PERSONAL CARE,N/A,0,0,0
3.0521E+11,VASELINE LIP THERAPY ROSY 7G,VASELINE LIP THERAPY ROSY 7G,0,0,2,192,157.4545455,PERSONAL CARE,N/A,0,0,0
8.85193E+12,VASELINE PETROLEUM JELLY 50ML,VASELINE PETROLEUM JELLY 50ML,0,0,7,65,58.71,DRHR,N/A,0,0,0
4.80653E+12,VAZI2R 40MG TAB,ATORVASTATIN 40MG TAB (VAZI2R) X100,0,0,0,7,3.3,GENERICS-RX,N/A,0,0,0
4.80049E+12,VELMETIA 50mg/1g X28,SITAGLIPTIN METFORMIN (VELMETIA 50MG/1G) X 28 TAB,0,0,39,25,21.18589744,BRANDED-RX,N/A,0,0,0
4.80049E+12,VELMETIA 50mg/500mg X28,VELMETIA 50mg/500mg X28,0,0,-9,23,21.19,BRANDED-RX,N/A,0,0,0
4.80651E+12,VELVETY FACIAL TISSUE 100S,VELVETY FACIAL TISSUE 100S,0,0,0,15,12.27,PERSONAL CARE,N/A,0,0,0
4.80029E+12,VENTAR 1MG/ML NEB SOLN 30ML,VENTAR 1MG/ML NEB SOLN 30ML,0,0,0,146,138.14,BRANDED-RX,N/A,0,0,0
4.80029E+12,VENTAR 2MG/5ML SYR 60ML,VENTAR 2MG/5ML SYR 60ML,0,0,1,75,69.85,BRANDED-RX,N/A,0,0,0
2519671674,VENTOLIN 2.5MG/2.5ML NEB X20,VENTOLIN 2.5MG/2.5ML NEB X20,0,0,30,45,42.09,BRANDED-RX,N/A,0,0,0
4.80033E+12,VENTOLIN EXPECTORANT SYR 100ML,VENTOLIN EXPECTORANT SYR 100ML,0,0,11,315,293.24,BRANDED-RX,DYNA DRUG CORP.,0,0,0
4.80033E+12,VENTOLIN INHALER 200A,VENTOLIN INHALER 200A,0,0,5,541,514.41,BRANDED-RX,N/A,0,0,0
4.80033E+12,VENTOLIN ORANGE SYR 100ML,VENTOLIN ORANGE SYR 100ML,0,0,0,277,262.99,BRANDED-RX,N/A,0,0,0
4.80033E+12,VENTOLIN ROTACAP 200MCG X128,VENTOLIN ROTACAP 200MCG X128,0,0,16,10,8.98,BRANDED-RX,N/A,0,0,0
4.80779E+12,VERSANT-XR TAB 10MG X100,VERSANT-XR TAB 10MG X100,0,0,51,35,31.29779408,BRANDED-RX,N/A,0,0,0
4.80779E+12,VERSANT-XR TAB 5MG X100,VERSANT-XR TAB 5MG X100,0,0,217,20,17.47,BRANDED-RX,N/A,0,0,0
4458860154,VERTISAPH 8MG TAB ,BETAHISTINE 8MG TAB (VERTISAPH-8) X100,0,0,0,7,3.5,GENERICS-RX,N/A,0,0,0
5352506617,VESSEL DUE F 250LSU CAP X50,VESSEL DUE F 250LSU CAP X50,0,0,70,75,69.81943662,BRANDED-RX,N/A,0,0,0
4.98718E+12,VICKS BABY BALM 20G,VICKS BABY BALM 20G,0,0,3,105,91.4225,BABY PRODUCTS,RHODESIAN SALES CORP.,0,0,0
4.98718E+12,VICKS BABY BALM 45G,VICKS BABY BALM 45G,0,0,7,195,175.16125,BABY PRODUCTS,RHODESIAN SALES CORP.,0,0,0
4.98718E+12,VICKS FORMULA 44 100ML,VICKS FORMULA 44 100ML,0,0,0,165,154.38,BRANDED-OTC,N/A,0,0,0
4.98718E+12,VICKS FORMULA 44 SYR 54ML,VICKS FORMULA 44 SYR 54ML,0,0,5,105,97.67611111,BRANDED-OTC,N/A,0,0,0
4.98718E+12,VICKS INHALER KEYCHAIN,VICKS INHALER KEYCHAIN,0,0,46,101,88.1770877,DRHR,N/A,0,0,0
4.98718E+12,VICKS VAPODROPS HONEYLEMON 8S,VICKS VAPODROPS HONEYLEMON 8S,0,0,7,75,65.88,BRANDED-OTC,N/A,0,0,0
4.98718E+12,VICKS VAPODROPS ORANGE 8S,VICKS VAPODROPS ORANGE 8S,0,0,6,75,65.88,BRANDED-OTC,N/A,0,0,0
4.98718E+12,VICKS VAPORUB 10G,VICKS VAPORUB 10G,0,0,29,65,52.21,DRHR,N/A,0,0,0
4.98718E+12,VICKS VAPORUB 25G,VICKS VAPORUB 25G,0,0,16,125,110.024,DRHR,N/A,0,0,0
4.98718E+12,VICKS VAPORUB 50G,VICKS VAPORUB 50G,0,0,1,201,185.475,DRHR,N/A,0,0,0
4.98718E+12,VICKS VAPORUB 5G,VICKS VAPORUB 5G,0,0,65,35,29.91929224,DRHR,N/A,0,0,0
4.98718E+12,VICKS VAPORUB XS 10G,VICKS VAPORUB XS 10G,0,0,9,70,60.6,PERSONAL CARE,OHANA TRADING CORPORATION,0,0,0
4.98718E+12,VICKS VAPORUB XS 25G,VICKS VAPORUB XS 25G,0,0,0,150,134.6,PERSONAL CARE,N/A,0,0,0
4.98718E+12,VICKS VAPORUB XS 50G,VICKS VAPORUB XS 50G,0,0,-2,257,233.04,PERSONAL CARE,N/A,0,0,0
4.8065E+12,VINO DE QUINA 330ML,VINO DE QUINA 330ML,0,0,0,85,66.78,DRHR,N/A,0,0,0
3.11261E+13,VIRLIX 10MG TAB X100,VIRLIX 10MG TAB X100,0,0,3,30,28.43,BRANDED-OTC,N/A,0,0,0
4.80101E+12,VISINE RED 15ML,VISINE RED 15ML,0,0,0,171,162.83,BRANDED-OTC,N/A,0,0,0
4.80902E+12,VIT B COMPLEX (REVITAPLEX) X100,VIT B COMPLEX (REVITAPLEX) X100,0,0,1378,3,1.134025442,GENERICS-OTC,N/A,0,0,0
3.21176E+14,VIT. B COMPLEX (VITACORE) AMP 3ML X10,VIT. B COMPLEX (VITACORE) AMP 3ML X10,0,0,0,25,12,INTRAVENOUS SOLN,N/A,0,0,0
4.80604E+12,VIT. B COMPLEX TAB (NEUROSETH) X100,VIT. B COMPLEX TAB (NEUROSETH) X100,0,0,0,1.5,0.55,GENERICS-OTC,N/A,0,0,0
4.80902E+12,VIT. B-COMPLEX (NEUROBE) 3ML AMP,VIT. B-COMPLEX (NEUROBE) 3ML AMP,0,0,27,50,12.875,GENERICS-RX,N/A,0,0,0
4.80652E+12,VIT. B-COMPLEX CAP (MYREVIT B FORTE) X100,VIT. B-COMPLEX CAP (MYREVIT B FORTE) X100,0,0,0,5,2.4,GENERICS-OTC,N/A,0,0,0
4.80653E+12,VIT. B-COMPLEX CAP (NEUROBEXOL) X100,VIT. B-COMPLEX CAP (NEUROBEXOL) X100,0,0,237,5,2.5,GENERICS-OTC,N/A,0,0,0
4.80089E+12,VITA KERATIN BRAZILLIAN STRAIGHT 24ML,VITA KERATIN YELLOW 24ML,0,0,11,7,5.15,PERSONAL CARE,CRYSTAL CITY MARKETING,0,0,0
4.80089E+12,VITA KERATIN COLOR SHINE(RED) SACH 24ML,VITA KERATIN RED SACH 24ML,0,0,15,7,5.15,PERSONAL CARE,CRYSTAL CITY MARKETING,0,0,0
4.80089E+12,VITA KERATIN DEEP REPAIR SASH 24ML,VITA KERATIN BLACK SACH 24ML,0,0,14,7,5.078333333,PERSONAL CARE,CRYSTAL CITY MARKETING,0,0,0
9.17798E+14,VITAMILK CHOCO SHAKE 300ML,VITAMILK CHOCO SHAKE 300ML,0,0,20,37,28.88,FOOD & BEVERAGES,N/A,0,0,0
4.80012E+12,VITRESS CUTICLE COAT 50ML,VITRESS CUTICLE COAT 50ML,0,0,2,115,102,PERSONAL CARE,N/A,0,0,0
4.80012E+12,VITRESS HAIR COAT CLASSIC 15ML,VITRESS HAIR COAT CLASSIC 15ML,0,0,5,50,45.23555556,PERSONAL CARE,N/A,0,0,0
4.80012E+12,VITRESS HAIR COAT CLASSIC 30ML,VITRESS HAIR COAT CLASSIC 30ML,0,0,1,80,70.63,PERSONAL CARE,N/A,0,0,0
4.80012E+12,VITRESS HAIR POLISH LONG LASTING 50ML,VITRESS HAIR POLISH LONG LASTING 50ML,0,0,1,56,50.56333333,PERSONAL CARE,N/A,0,0,0
4.80012E+12,VITRESS HAIR POLISH STRENGTHENING 50ML,VITRESS HAIR POLISH STRENGTHENING 50ML,0,0,0,56,50.62,PERSONAL CARE,N/A,0,0,0
4.80012E+12,VITRESS HAIR POLISH SUN PROTECT 50ML,VITRESS HAIR POLISH SUN PROTECT 50ML,0,0,0,56,50.62,PERSONAL CARE,N/A,0,0,0
4.80005E+12,VIVALYTE APPLE 250ML X6,VIVALYTE APPLE 250ML X6,0,0,12,50,43.43,BRANDED-OTC,N/A,0,0,0
4.80005E+12,VIVALYTE ORANGE 250ML X6,VIVALYTE ORANGE 250ML X6,0,0,9,55,47.8,BRANDED-OTC,N/A,0,0,0
4.80005E+12,VIVALYTE ORANGE SACH 4.6G X20,VIVALYTE ORANGE SACH 4.6G X20,0,0,4,17,15.43,BRANDED-OTC,N/A,0,0,0
4.80005E+12,VIVALYTE STRAW SACH 4.6G X20,VIVALYTE STRAW SACH 4.6G X20,0,0,20,17,16.53714286,BRANDED-OTC,N/A,0,0,0
8.90614E+12,VOCEMONT 10MG/5MG TABX100,MONTELUKAST + LEVOCETIRIZINE  (VOCEMONT) 10MG/5MG TABX100,0,0,30,15,6.5,GENERICS-RX,,0,0,0
8.10708E+14,VOLTAREN 50MG TAB X100,VOLTAREN 50MG TAB X100,0,0,10,42,38.53210526,GENERICS-RX,N/A,0,0,0
4.80032E+12,VOLTAREN EMULGEL 1% 5G,VOLTAREN EMULGEL 1% 5G,0,0,4,115,108.53,BRANDED-OTC,N/A,0,0,0
8.99439E+12,VOMETA 5MG/ML 10ML,VOMETA 5MG/ML 10ML,0,0,6,318,301.4375,BRANDED-OTC,N/A,0,0,0
8.99439E+12,VOMETA 5MG/ML 60ML,VOMETA 5MG/ML 60ML,0,0,6,318,294.125,BRANDED-RX,N/A,0,0,0
4.80653E+12,VYTACHLOR SYRUP 120ML,VYTACHLOR SYRUP 120ML,0,0,9,100,55,GENERICS-OTC,N/A,0,0,0
4.89453E+12,W OIL CONTROL NOSE PORE STRIP,W OIL CONTROL NOSE PORE STRIP,0,0,8,16,13.9,PERSONAL CARE,N/A,0,0,0
4.8065E+12,WATSONAL CASTORIA 30ML,WATSONAL CASTORIA 30ML,0,0,0,137,124.2,DRHR,N/A,0,0,0
6.25273E+11,WEBBER VIT. D3 1000IU X180,WEBBER VIT. D3 1000IU X180,0,0,0,5,1.27,BRANDED-OTC,N/A,0,0,0
7.96555E+11,WELLSPRING APPLE CIDER VINEGAR GUMMIES X10,WELLSPRING APPLE CIDER VINEGAR GUMMIES X10,0,0,3,135,125.1,BRANDED-OTC,N/A,0,0,0
7.96555E+11,WELLSPRING COLLAGEN GUMMIES X10,WELLSPRING COLLAGEN GUMMIES X10,0,0,9,140,126.49,BRANDED-OTC,N/A,0,0,0
7.96555E+11,WELLSPRING MELATONIN WITH VIT B6,WELLSPRING MELATONIN WITH VIT B6,0,0,11,130,117.39,GENERICS-OTC,N/A,0,0,0
7.96555E+11,WELLSPRING MELATONIN WITH VIT B6 PASSIFLORA FLAVOR X10,WELLSPRING MELATONIN WITH VIT B6 PASSIFLORA FLAVOR X10,0,0,0,135,125.1,BRANDED-OTC,DYNA DRUG CORP.,0,0,0
8.03378E+14,WET WATER 500ML X24,WET WATER 500ML X24,0,0,10,15,7.46,FOOD & BEVERAGES,N/A,0,0,0
4.90243E+12,WHISPER  CS REG W/ WINGS 8S,WHISPER  CS REG W/ WINGS 8S,0,0,0,46,41.63,SANPRO,N/A,0,0,0
4.90243E+12,WHISPER CS REG NO-WING 8S,WHISPER CS REG NO-WING 8S,0,0,0,46,43.64,SANPRO,N/A,0,0,0
4.90243E+12,WHISPER SUPER DRY REG NO WING 8S,WHISPER SUPER DRY REG NO WING 8S,0,0,4,48,43.19,SANPRO,N/A,0,0,0
4.90243E+12,WHISPER SUPER DRY REG WITH WING 8S,WHISPER SUPER DRY REG WITH WING 8S,0,0,0,48,43.64,SANPRO,N/A,0,0,0
4.8065E+12,WHITE FLOWER #3 5ML,WHITE FLOWER #3 5ML,0,0,8,95,84.87770308,DRHR,N/A,0,0,0
4.8065E+12,WHITE FLOWER #4 2.5ML,WHITE FLOWER #4 2.5ML,0,0,3,55,48.5,DRHR,N/A,0,0,0
4.8065E+12,WHITE FLOWER #5 1.5ML,WHITE FLOWER #5 1.5ML,0,0,23,45,36.38,DRHR,N/A,0,0,0
4.8065E+12,WHITE FLOWER NO. 2 10ML,WHITE FLOWER NO. 2 10ML,0,0,14,165,149.52,DRHR,N/A,0,0,0
4.8006E+12,WILKINS DISTILLED 1L ,WILKINS DISTILLED 1L ,0,0,-1,30,24.9,FOOD & BEVERAGES,N/A,0,0,0
7.60556E+14,WILKINS DISTILLED 1L X12,WILKINS DISTILLED 1L X12,0,0,0,30,23.33,FOOD & BEVERAGES,N/A,0,0,0
4.80198E+12,WILKINS DISTILLED 7L X3,WILKINS DISTILLED 7L X3,0,0,69,95,80.63269231,FOOD & BEVERAGES,N/A,0,0,0
5.37833E+14,WILKINS PURE 1L,WILKINS PURE 1L,0,0,0,25,15.92,FOOD & BEVERAGES,N/A,0,0,0
4.80198E+12,WILKINS PURE 330ML X30,WILKINS PURE 330ML X30,0,0,0,15,7.2,FOOD & BEVERAGES,N/A,0,0,0
9.54342E+14,WILKINS PURE 355ML X24,WILKINS PURE 355ML X24,0,0,0,0,0,FOOD & BEVERAGES,N/A,0,0,0
4.80198E+12,WILKINS PURE 500ML X24,WILKINS PURE 500ML X24,0,0,0,16,9.38,FOOD & BEVERAGES,N/A,0,0,0
7.45114E+11,XANTHONE PLUS COFFEE X10,XANTHONE PLUS COFFEE X10,0,0,24,20,15.2,PERSONAL CARE,N/A,0,0,0
7.45114E+11,XANTHONE PLUS GOLD X 100,XANTHONE PLUS GOLD X 100,0,0,89,14,12.5,BRANDED-OTC,N/A,0,0,0
7.10535E+11,XANTHONE PLUS X100,XANTHONE PLUS X100,0,0,101,13,11.87593985,BRANDED-OTC,N/A,0,0,0
4.80037E+12,XIPRO 500MG TAB X100,XIPRO 500MG TAB X100,0,0,0,20,18.02,BRANDED-RX,N/A,0,0,0
4.80034E+12,XYCLOVIRAX 200MG TAB,ACICLOVIR 200MG TAB (XYCLOVIRAX) X100,0,0,0,6,2.38,GENERICS-RX,N/A,0,0,0
4.80034E+12,XYCLOVIRAX 400MG TAB,ACICLOVIR 400MG TAB (XYCLOVIRAX) X30,0,0,172,13,5.5,GENERICS-RX,N/A,0,0,0
4.80036E+12,XYLOGEL ORAL GEL 25G,XYLOGEL ORAL GEL 25G,0,0,5,156,140.25,BRANDED-OTC,N/A,0,0,0
7.44349E+14,YAKULT 5S,YAKULT 5S,0,0,-1,60,48,FOOD & BEVERAGES,N/A,0,0,0
4.89712E+12,YOBOO BABY WIPES 100S,YOBOO BABY WIPES 100S,0,0,0,0,0,PERSONAL CARE,N/A,0,0,0
4.8065E+12,YOUNG'S BABY OIL 50ML,YOUNG'S BABY OIL 50ML,0,0,-12,22,19.5,PERSONAL CARE,N/A,0,0,0
4.8065E+12,YOUNGS BABY OIL 75ML,YOUNGS BABY OIL 75ML,0,0,8,30,26.64,PERSONAL CARE,N/A,0,0,0
4.8065E+12,YOUNGS COLOGNE BOUQUET 50ML,YOUNGS COLOGNE BOUQUET 50ML,0,0,6,30,26.8656643,PERSONAL CARE,N/A,0,0,0
4.8065E+12,YOUNGS COLOGNE BOUQUET 75ML,YOUNGS COLOGNE BOUQUET 75ML,0,0,0,46,41.42,PERSONAL CARE,N/A,0,0,0
4.8065E+12,YOUNGS COLOGNE COOL FANTASY 50ML,YOUNGS COLOGNE COOL FANTASY 50ML,0,0,5,30,26.92,PERSONAL CARE,N/A,0,0,0
4.8065E+12,YOUNGS COLOGNE SWEET FANTASY 50ML,YOUNGS COLOGNE SWEET FANTASY 50ML,0,0,0,30,26.92,PERSONAL CARE,OHANA TRADING CORPORATION,0,0,0
4.8065E+12,YOUNGS COLOGNE WET 50ML,YOUNGS COLOGNE WET 50ML,0,0,7,30,26.86010989,PERSONAL CARE,N/A,0,0,0
4.8065E+12,YOUNGS COLOGNE WILD GRAY 50ML,YOUNGS COLOGNE WILD GRAY 50ML,0,0,0,30,26.84,PERSONAL CARE,N/A,0,0,0
4.8065E+12,YOUNGS COLOGNE WILD GRAY 75ML,YOUNGS COLOGNE WILD GRAY 75ML,0,0,0,46,41.41,PERSONAL CARE,N/A,0,0,0
4.8065E+12,YOUNGS NAIL POLISH REMOVER 30ML,YOUNGS NAIL POLISH REMOVER 30ML,0,0,14,10,4.783783784,PERSONAL CARE,N/A,0,0,0
4.8065E+12,YOUNGS STYLING GEL 125ML,YOUNGS STYLING GEL 125ML,0,0,3,25,20.59,PERSONAL CARE,N/A,0,0,0
4.8065E+12,YOUNGS STYLING GEL 50ML,YOUNGS STYLING GEL 50ML,0,0,4,15,11.44454545,PERSONAL CARE,N/A,0,0,0
4.80651E+12,ZANTRICID 25MG/2ML AMP X10,RANITIDINE (ZANTRICID) 25MG/2ML AMP X10,0,0,34,25,9.8,INTRAVENOUS SOLN,NTPK,0,0,0
4.8065E+12,ZARNAT 50MG TAB X100,ZARNAT 50MG TAB X100,0,0,100,13,11.40589744,BRANDED-RX,N/A,0,0,0
4.80779E+12,ZENITH 200MG/5ML POWDER FOR ORAL SUSP 20ML,AZITHROMYCIN MONOHYDRATE (ZENITH) 200MG/5ML POWDER FOR ORAL SUSP 20ML,0,0,0,565,537.84,BRANDED-RX,UNITED LINK PHARMACEUTICAL DISTRIBUTION,0,0,0
4.80779E+12,ZENITH OD 200MG/5ML POWDER FOR ORAL SUSPENSION 15ML,ZENITH OD 200MG/5ML POWDER FOR ORAL SUSPENSION 15ML,0,0,2,370,352.24,BRANDED-RX,UNITED LINK PHARMACEUTICAL DISTRIBUTION,0,0,0
4.80651E+12,ZENOBLOC 100MG TAB,ATENOLOL 100MG TAB (ZENOBLOC) X100,0,0,520,5,1.95,GENERICS-RX,N/A,0,0,0
4.80651E+12,ZENOBLOC 50MG TAB,ATENOLOL 50MG TAB (ZENOBLOC) X100,0,0,480,3,1.09195863,GENERICS-RX,N/A,0,0,0
4.80604E+12,ZENTEK IV 25MG/ML 2ML,RANITIDINE(ZENTEK) IV 25MG/ML 2ML,0,0,0,25,11,INTRAVENOUS SOLN,NTPK,0,0,0
8.96617E+14,ZINC OXIDE+ CALAMINE (SAPHCLAMINE) X20,ZINC OXIDE+ CALAMINE (SAPHCLAMINE) X20,0,0,1,30,23.5,GENERICS-OTC,N/A,0,0,0
4.8003E+12,ZINC SULFATE (LEMZINC) DROPS 15ML,ZINC SULFATE (LEMZINC) DROPS 15ML,0,0,0,31,15.5,GENERICS-OTC,N/A,0,0,0
4.80653E+12,ZINC SULFATE (ZINCBOS) SYR 60ML,ZINC SULFATE (ZINCBOS) SYR 60ML,0,0,0,37,18.5,GENERICS-OTC,N/A,0,0,0
7235050147,ZINC SULFATE 10MG/ML DROPS (IMMUNOSAPH) 15ML,ZINC SULFATE 10MG/ML DROPS (IMMUNOSAPH) 15ML,0,0,0,35,16,GENERICS-OTC,N/A,0,0,0
36810548,ZITHROMAX 500MG TABX3,AZITHROMYCIN (ZITHROMAX) 500MG,0,0,6,160,151.05,BRANDED-RX,,0,0,0
4.80031E+12,ZYKAST TAB 10MG/5MG X30,ZYKAST TAB 10MG/5MG X30,0,0,30,27,24.9,BRANDED-RX,N/A,0,0,0
4.80651E+12,ZYNERVA 1G TABX30,CITICOLINE (ZYNERVA) 1G TABX30,0,0,6,85,41.55,GENERICS-RX,MEDTRIO CONSUMER GOODS TRADING,0,0,0
7.60789E+14,ZYTACT SUSP 15ML,AZITHROMYCIN 200MG/5ML (ZYTACT) SUSP 15ML,0,0,0,110,55,GENERICS-RX,N/A,0,0,0
,,,,,,,,,,,,
,,,,,,,,,,,,
Powered by : www.helpsofts.com,,,,,,,,,,,,
